time/total_timesteps,time/fps,eval/progress,eval/success_rate,time/iterations,eval/mean_deviation_cm,time/time_elapsed,eval/final_error_cm,rollout/ep_rew_mean,train/clip_range,train/policy_gradient_loss,train/std,train/clip_fraction,train/entropy_loss,train/learning_rate,train/n_updates,train/loss,train/explained_variance,rollout/success_rate,rollout/ep_len_mean,train/value_loss,train/approx_kl
4096,163,4.980762541055831e-08,0.0,1,5.058995088378031e-06,25,25.980936173977504,,,,,,,,,,,,,,
8192,255,,,2,,32,,-14.859016375000001,0.2,-0.0031112699085497296,0.3719877600669861,0.0531005859375,-0.8508111249655486,0.0003,10,0.09411948919296265,0.06782263517379761,0.0,600.0,0.31482695271261035,0.0050552646
12288,316,,,3,,38,,-14.268107375,0.2,-0.005801660312863532,0.37015587091445923,0.058642578125,-0.8549491830170155,0.0003,20,-0.012436134740710258,0.9603891968727112,0.0,600.0,0.025776684095035307,0.0063055805
16384,362,,,4,,45,,-13.597398458333336,0.2,-0.00716511131322477,0.3686225116252899,0.0765625,-0.8460336040705443,0.0003,30,-0.00891504343599081,0.9459267258644104,0.0,600.0,0.016276080653187818,0.007823649
20480,395,,,5,,51,,-13.490258437500001,0.2,-0.005883311947400216,0.3678736686706543,0.056103515625,-0.8405033785849809,0.0003,40,-6.962660700082779e-05,0.86277174949646,0.0,600.0,0.014841355310636573,0.005983265
24576,419,,,6,,58,,-13.53916825,0.2,-0.0053404643869725986,0.36557328701019287,0.063720703125,-0.8313210852444172,0.0003,50,0.00834026001393795,0.8568626642227173,0.0,600.0,0.016313320488552562,0.0076509356
28672,441,,,7,,64,,-13.53916825,0.2,-0.006728552702406887,0.36777737736701965,0.0801025390625,-0.8317765772342682,0.0003,60,-0.007332813460379839,0.8622333407402039,0.0,600.0,0.010780080844415351,0.0065009384
32768,457,,,8,,71,,-13.822171979166667,0.2,-0.008185630732623395,0.3678998351097107,0.090478515625,-0.8388793237507344,0.0003,70,0.0075453356839716434,0.34994083642959595,0.0,600.0,0.01661891567055136,0.007319915
36864,471,,,9,,78,,-13.94976217857143,0.2,-0.005483958890545182,0.3674306273460388,0.052587890625,-0.8363790225237608,0.0003,80,0.01023051142692566,0.7315387725830078,0.0,600.0,0.013233925396343693,0.005704159
40960,485,,,10,,84,,-13.633634578125001,0.2,-0.0052924438292393464,0.3658040463924408,0.05595703125,-0.8312980093061924,0.0003,90,-0.007342624943703413,0.7002300024032593,0.0,600.0,0.012253175745718181,0.0053053712
45056,495,,,11,,90,,-13.586745083333334,0.2,-0.00660028331913054,0.3647536635398865,0.0795166015625,-0.8238784678280353,0.0003,100,-0.004959373734891415,0.7220373153686523,0.0,600.0,0.007238469310686923,0.007846278
49152,504,,,12,,97,,-13.657184187500002,0.2,-0.004868491437082412,0.3646393120288849,0.051220703125,-0.8200297694653272,0.0003,110,-0.004444705322384834,0.8032054901123047,0.0,600.0,0.010509490984259174,0.005667929
53248,510,,,13,,104,,-13.949980568181816,0.2,-0.003025444436207181,0.36746954917907715,0.041748046875,-0.8279322657734156,0.0003,120,-0.011244905181229115,0.7718178033828735,0.0,600.0,0.008004650427028536,0.0059070517
57344,515,,,14,,111,,-13.949980568181816,0.2,-0.003734726119728293,0.3722590208053589,0.0532958984375,-0.8484904062002897,0.0003,130,0.0053529501892626286,0.23421186208724976,0.0,600.0,0.01584563134383643,0.0053514647
61440,519,,,15,,118,,-14.051629447916667,0.2,-0.009312913229950936,0.37177860736846924,0.104296875,-0.8608635939657688,0.0003,140,-0.0017655346309766173,0.8282840847969055,0.0,600.0,0.004109513803268783,0.009649539
65536,522,,,16,,125,,-14.27198838,0.2,-0.008985772218147758,0.3746740221977234,0.0815185546875,-0.8661486476659774,0.0003,150,-0.013131488114595413,0.701828122138977,0.0,600.0,0.009654824669996741,0.007487622
69632,525,,,17,,132,,-14.27531553,0.2,-0.00724658535036724,0.37290024757385254,0.0802490234375,-0.8694824356585741,0.0003,160,0.008518369868397713,0.6547356843948364,0.01,599.98,0.010878120191046036,0.007490978
73728,529,,,18,,139,,-14.73714256,0.2,-0.0014093183825025335,0.3682566285133362,0.0323486328125,-0.8515197958797216,0.0003,170,0.11488300561904907,0.2922990918159485,0.01,599.98,0.17812082843156532,0.004347384
77824,532,,,19,,146,,-15.06830551,0.2,-0.006208846712252125,0.3676622807979584,0.0752197265625,-0.8388747688382864,0.0003,180,0.0023974550422281027,0.890020489692688,0.01,599.98,0.009134267442277633,0.006172761
81920,535,,,20,,152,,-15.442204019999998,0.2,-0.0032022217725170775,0.3628584146499634,0.0377685546875,-0.8230970725417137,0.0003,190,-0.010245140641927719,0.9242160320281982,0.01,599.98,0.011821161722764373,0.0058929026
86016,539,,,21,,159,,-15.442204019999998,0.2,-0.0031858333648415284,0.3642530143260956,0.046728515625,-0.8105078186839819,0.0003,200,0.0025318427942693233,0.8520297408103943,0.01,599.98,0.011845186646678486,0.0037554915
90112,543,,,22,,165,,-15.506018659999997,0.2,-0.008570853699347935,0.3690410256385803,0.0872314453125,-0.8312785383313894,0.0003,210,-0.00968983955681324,0.9180868268013,0.01,599.98,0.005569982758606784,0.0073517375
94208,546,,,23,,172,,-16.098859949999998,0.2,-0.002357734987162985,0.36798590421676636,0.0392822265625,-0.8400174967944622,0.0003,220,-0.012305617332458496,0.8117428421974182,0.01,599.98,0.009649232476658654,0.0053415536
98304,549,,,24,,179,,-16.267674969999998,0.2,-0.00539555495561217,0.3699076175689697,0.0710205078125,-0.8418312843888998,0.0003,230,-0.0008266251534223557,0.8829233050346375,0.01,599.98,0.005045023595448584,0.007858881
102400,506,0.035116547027037856,0.0,25,10.1229411685188,202,42.27325167746268,-16.666971839999995,0.2,-0.004730615735752508,0.36845648288726807,0.06162109375,-0.8430086608976126,0.0003,240,0.004276490770280361,0.8711899518966675,0.01,599.98,0.009453572749043815,0.00618489
106496,509,,,26,,209,,-17.17819038,0.2,-0.004276063298311783,0.3715558648109436,0.0447265625,-0.8485549356788397,0.0003,250,0.0045496616512537,0.9244669079780579,0.01,599.98,0.004864317352621583,0.0044684685
110592,512,,,27,,215,,-17.62291775,0.2,-0.004680008722061757,0.3756093978881836,0.053173828125,-0.8671253483742476,0.0003,260,-0.009175368584692478,0.8955672979354858,0.01,599.98,0.0074589548603398725,0.0056345984
114688,515,,,28,,222,,-17.62291775,0.2,-0.002174655078124488,0.3767383396625519,0.0548828125,-0.8815973062068224,0.0003,270,-0.0076269591227173805,0.9160451889038086,0.01,599.98,0.0037507114437175916,0.0060211457
118784,518,,,29,,228,,-17.328857609999996,0.2,-0.005924534183577634,0.3747307360172272,0.0628662109375,-0.877017779648304,0.0003,280,-0.00291978707537055,0.9760735034942627,0.01,599.98,0.0052260039330576545,0.0065958286
122880,521,,,30,,235,,-17.204287450000002,0.2,-0.006073097386979498,0.37194544076919556,0.0657958984375,-0.8643868856132031,0.0003,290,-0.006655815523117781,0.947799563407898,0.01,599.98,0.006765765415912029,0.006266327
126976,523,,,31,,242,,-17.19357575,0.2,-0.0041933145839720964,0.3708198070526123,0.0454833984375,-0.8535729099065066,0.0003,300,-0.011498702690005302,0.9559563398361206,0.0,600.0,0.006003754651464988,0.0048606507
131072,525,,,32,,249,,-17.396154820000003,0.2,-0.003315139433107106,0.36961621046066284,0.04091796875,-0.8463742043823004,0.0003,310,0.0019407938234508038,0.9527892470359802,0.0,600.0,0.005353757097327616,0.0044807727
135168,528,,,33,,255,,-16.61447441,0.2,-0.0042693553128628995,0.369083970785141,0.0583740234375,-0.8430479776114226,0.0003,320,-0.00462727015838027,0.9458379149436951,0.0,600.0,0.005762140419392381,0.0064784517
139264,530,,,34,,262,,-16.23754155,0.2,-0.006505986984120682,0.3681510090827942,0.082275390625,-0.8392789952456952,0.0003,330,-0.0029153241775929928,0.9730042219161987,0.0,600.0,0.0029316057254618498,0.007263746
143360,533,,,35,,268,,-16.23754155,0.2,-0.005469565129897091,0.36596065759658813,0.0586669921875,-0.8318549174815416,0.0003,340,0.0038660219870507717,0.9383782148361206,0.0,600.0,0.0031100974621949716,0.006940541
147456,535,,,36,,275,,-15.871096040000003,0.2,-0.005323441277141683,0.36213427782058716,0.0896728515625,-0.8151696890592575,0.0003,350,0.005717878229916096,0.9249414205551147,0.0,600.0,0.003263610321300803,0.00868931
151552,537,,,37,,281,,-15.22936661,0.2,-0.004732102215348278,0.3604307174682617,0.0577392578125,-0.7997388582676649,0.0003,360,-0.0001869327388703823,0.948202908039093,0.0,600.0,0.0032403308046923484,0.0065345843
155648,539,,,38,,288,,-14.7446368,0.2,-0.0026532813761150466,0.36042991280555725,0.0369873046875,-0.7956523433327675,0.0003,370,-0.0078071607276797295,0.9486350417137146,0.0,600.0,0.004474936932092532,0.004204496
159744,541,,,39,,294,,-14.189118020000002,0.2,-0.005385618103900924,0.3614428639411926,0.0566162109375,-0.7976370956748724,0.0003,380,0.000594134908169508,0.9555215835571289,0.0,600.0,0.0041495269484585155,0.0054487544
163840,542,,,40,,301,,-13.295291349999998,0.2,-0.004032165426178835,0.36012697219848633,0.0639892578125,-0.7965541522949934,0.0003,390,0.0005829115398228168,0.9794727563858032,0.0,600.0,0.0017474161479185569,0.006453325
167936,544,,,41,,308,,-13.295291349999998,0.2,-0.0031666690556448884,0.35828351974487305,0.0492431640625,-0.7880193199962378,0.0003,400,-0.006932992022484541,0.9319100379943848,0.0,600.0,0.0017090192730393027,0.0057085687
172032,546,,,42,,315,,-12.308282140000001,0.2,-0.003380001835466828,0.3597468137741089,0.058349609375,-0.7869825761765241,0.0003,410,-0.010074874386191368,0.9662760496139526,0.0,600.0,0.0026016825810074805,0.005927588
176128,547,,,43,,321,,-12.200759709999998,0.2,-0.004849519491835963,0.36049652099609375,0.05595703125,-0.7915421325713397,0.0003,420,-0.014594157226383686,0.9635151028633118,0.0,600.0,0.0033334715852106457,0.00506902
180224,548,,,44,,328,,-11.96735446,0.2,-0.005605474727053661,0.36070406436920166,0.0630859375,-0.7932863648980856,0.0003,430,-0.0008532191859558225,0.9718301892280579,0.0,600.0,0.0022766898764530197,0.0060405647
184320,549,,,45,,335,,-12.031298630000004,0.2,-0.0054386364412494,0.36223822832107544,0.054541015625,-0.7993857510387897,0.0003,440,-0.006361580453813076,0.9607858657836914,0.0,600.0,0.0051126794816809705,0.005303169
188416,551,,,46,,341,,-11.04820433,0.2,-0.004297202480665873,0.3598557710647583,0.0625244140625,-0.7967881087213755,0.0003,450,-0.010355008766055107,0.9849277138710022,0.0,600.0,0.0017258444499020698,0.0060552754
192512,553,,,47,,347,,-10.833866189999998,0.2,-0.007261293378542177,0.35620808601379395,0.101220703125,-0.7782161202281713,0.0003,460,0.007846081629395485,0.9881494641304016,0.0,600.0,0.0021432667163026053,0.008088472
196608,553,,,48,,354,,-10.833866189999998,0.2,-0.006924123906355817,0.3571944832801819,0.0838623046875,-0.7729375820606947,0.0003,470,-0.008152890019118786,0.9560009241104126,0.0,600.0,0.0036844639704213477,0.0063890303
200704,532,4.980762541055831e-08,0.0,49,5.059010025799955e-06,377,25.980936177465555,-10.757969519999996,0.2,-0.004283422807930037,0.3593592643737793,0.0680419921875,-0.7819700203835964,0.0003,480,0.0035549711901694536,0.9584523439407349,0.0,600.0,0.0014057011550903554,0.006218896
204800,534,,,50,,383,,-10.71562412,0.2,-0.005314257010468282,0.35595977306365967,0.0701416015625,-0.7805669046938419,0.0003,490,0.003174657467752695,0.9687057733535767,0.0,600.0,0.0032655577640980484,0.0058610253
208896,536,,,51,,389,,-10.80236283,0.2,-0.0022662027418846264,0.3548659384250641,0.05224609375,-0.7675276286900043,0.0003,500,-0.004809989593923092,0.963187575340271,0.0,600.0,0.0023780122894095255,0.0059187426
212992,537,,,52,,396,,-10.47940773,0.2,-0.0020976972358766944,0.359147846698761,0.037939453125,-0.777572314068675,0.0003,510,-0.0016135522164404392,0.9610421061515808,0.0,600.0,0.005548417725367472,0.0048383544
217088,539,,,53,,402,,-10.412896929999997,0.2,-0.006711492119939067,0.35793668031692505,0.081201171875,-0.7849528208374977,0.0003,520,-0.003143810201436281,0.9822883605957031,0.0,600.0,0.0030622101767221466,0.008096603
221184,541,,,54,,408,,-10.5639731,0.2,-0.003972208204504568,0.3560630679130554,0.0653076171875,-0.7771651044487953,0.0003,530,-0.011372438631951809,0.9762490391731262,0.0,600.0,0.0017334141470200849,0.006137616
225280,541,,,55,,415,,-10.5639731,0.2,-0.0028451804391806945,0.3559532165527344,0.05478515625,-0.7710350953042507,0.0003,540,-0.004963848274201155,0.9251565933227539,0.0,600.0,0.003504444935970241,0.005324515
229376,542,,,56,,423,,-10.813917880000002,0.2,-0.004534914594842121,0.3531562089920044,0.070361328125,-0.7647019643336535,0.0003,550,-0.01010067667812109,0.954828679561615,0.0,600.0,0.004902915420097997,0.007040921
233472,542,,,57,,430,,-10.02764066,0.2,-0.008130124248418724,0.35067784786224365,0.070947265625,-0.746830178424716,0.0003,560,-0.006045701447874308,0.9841291904449463,0.0,600.0,0.0015317694691475482,0.007723034
237568,543,,,58,,437,,-9.870113880000002,0.2,-0.0029644108231877907,0.3516085147857666,0.050439453125,-0.7447499766945839,0.0003,570,0.025120632722973824,0.9762171506881714,0.0,600.0,0.0012453555511456216,0.0044108713
241664,543,,,59,,444,,-9.537158159999999,0.2,-0.007833777753694449,0.3532342314720154,0.0899658203125,-0.7533477008342743,0.0003,580,-0.008752209134399891,0.9777119159698486,0.0,600.0,0.0022910458621481665,0.0071223187
245760,543,,,60,,452,,-9.59126009,0.2,-0.001592738823092077,0.35583460330963135,0.0547607421875,-0.7640813488513232,0.0003,590,0.01081535592675209,0.9005815982818604,0.0,600.0,0.0055508310273580715,0.005733086
249856,543,,,61,,459,,-9.50293392,0.2,-0.004295462992013199,0.35513556003570557,0.057861328125,-0.7698293287307024,0.0003,600,-0.004838993772864342,0.9834281802177429,0.0,600.0,0.003720863967464538,0.0052534733
253952,543,,,62,,467,,-9.50293392,0.2,-0.00756916466052644,0.3557799458503723,0.08349609375,-0.7698996912688016,0.0003,610,-0.0013135973131284118,0.9858160614967346,0.0,600.0,0.0029507667939469686,0.0064345957
258048,543,,,63,,474,,-9.88598736,0.2,-0.0020677166161476635,0.35916078090667725,0.045458984375,-0.7795071795582771,0.0003,620,0.0024905791506171227,0.7517975568771362,0.0,600.0,0.010410880722338334,0.005590789
262144,543,,,64,,482,,-9.84681463,0.2,-0.002911670236790087,0.3584972620010376,0.0438720703125,-0.7879520878195763,0.0003,630,-0.0028526270762085915,0.9639622569084167,0.0,600.0,0.0032371101318858565,0.004873839
266240,544,,,65,,488,,-9.65691528,0.2,-0.0030576572273275813,0.35869675874710083,0.0589111328125,-0.787153796479106,0.0003,640,-0.0072044488042593,0.9854429960250854,0.0,600.0,0.0013907811011449668,0.0063147503
270336,545,,,66,,495,,-9.82953157,0.2,-0.0027286312440992335,0.35738879442214966,0.0708251953125,-0.7830199494957923,0.0003,650,0.007919910363852978,0.9731169939041138,0.0,600.0,0.0026961285424476956,0.008345835
274432,546,,,67,,501,,-9.637144939999999,0.2,-0.0029385754445684143,0.3528628349304199,0.0543212890625,-0.7663679461926222,0.0003,660,-0.0021067364141345024,0.9747626781463623,0.0,600.0,0.0017633068899158388,0.006610861
278528,548,,,68,,508,,-9.583622389999999,0.2,-0.005331516727164853,0.35213732719421387,0.0669677734375,-0.753302463516593,0.0003,670,0.006272702943533659,0.9844719171524048,0.0,600.0,0.001071046307333745,0.006347251
282624,549,,,69,,514,,-9.583622389999999,0.2,-0.0022444215064751916,0.3548492193222046,0.0555419921875,-0.7589861910790205,0.0003,680,-0.010372874327003956,0.9586169719696045,0.0,600.0,0.0033712282121996394,0.0066371574
286720,550,,,70,,520,,-9.407679219999999,0.2,-0.00496606949454872,0.3538334369659424,0.087353515625,-0.7628344096243381,0.0003,690,0.0026864297688007355,0.9716224670410156,0.0,600.0,0.0024116651922668096,0.0067279795
290816,551,,,71,,527,,-9.20830412,0.2,-0.008095907405368053,0.3584935665130615,0.1067138671875,-0.7731887932866812,0.0003,700,-0.009043756872415543,0.9779068231582642,0.0,600.0,0.0017577157759660622,0.009623248
294912,552,,,72,,533,,-9.45600966,0.2,-0.0032392075096140615,0.3616250157356262,0.0580078125,-0.7950656849890947,0.0003,710,-0.0004695790121331811,0.9819827079772949,0.0,600.0,0.001464359178498853,0.004824111
299008,553,,,73,,540,,-9.44414756,0.2,-0.0016921549293329007,0.3580893576145172,0.0501708984375,-0.7936753116548061,0.0003,720,-0.0042670355178415775,0.9869410991668701,0.0,600.0,0.0007999947260032058,0.0056892745
303104,538,4.688875294374583e-08,0.0,74,5.104642723733687e-06,562,25.980936091843795,-9.110329420000001,0.2,-0.002653665764955804,0.35496336221694946,0.052001953125,-0.7738279022276402,0.0003,730,0.0059977006167173386,0.9902213215827942,0.0,600.0,0.001293976943998132,0.005792247
307200,539,,,75,,569,,-8.79212718,0.2,-0.004091511706064921,0.3527265191078186,0.0763427734375,-0.7593556195497513,0.0003,740,0.0019253712380304933,0.9753789305686951,0.01,598.45,0.002095595690479968,0.007437952
311296,539,,,76,,576,,-8.778269349999999,0.2,-0.0014220736440620386,0.35026419162750244,0.0712646484375,-0.7477437350898981,0.0003,750,0.021107489243149757,0.551601767539978,0.01,598.45,0.0978502986195963,0.0072098263
315392,540,,,77,,583,,-8.502299310000001,0.2,-0.005593678927834844,0.34962737560272217,0.066259765625,-0.7356542211025954,0.0003,760,0.002324206754565239,0.9549084901809692,0.01,598.45,0.011039948149118572,0.005133726
319488,540,,,78,,590,,-8.34287162,0.2,-0.0038086457454483023,0.3489840626716614,0.0740234375,-0.734149432182312,0.0003,770,-0.004041197244077921,0.927506148815155,0.01,598.45,0.008738587757397909,0.0067148125
323584,540,,,79,,598,,-8.476751490000002,0.2,-0.003400592012621928,0.35044872760772705,0.06171875,-0.7365216236561537,0.0003,780,0.00040896376594901085,0.9118553400039673,0.01,598.45,0.014897117092914414,0.0048182914
327680,541,,,80,,605,,-8.67339253,0.2,-0.005089342646533624,0.3527705669403076,0.052783203125,-0.7480828315019608,0.0003,790,-0.005975089035928249,0.9489469528198242,0.01,598.45,0.009171665589383338,0.0058198133
331776,541,,,81,,613,,-9.28618555,0.2,-0.00408156614867039,0.35035398602485657,0.05546875,-0.7458346627652646,0.0003,800,-0.004665854386985302,0.9302936792373657,0.01,598.45,0.0057955681491876024,0.005390208
335872,541,,,82,,620,,-9.4230184,0.2,-0.004272063643293222,0.3512396216392517,0.091943359375,-0.7436983048915863,0.0003,810,0.0002998595591634512,0.8345105648040771,0.01,598.45,0.008272520395257743,0.007927479
339968,540,,,83,,628,,-9.30259608,0.2,-0.002654291407088749,0.3558512330055237,0.0578369140625,-0.7594321001321077,0.0003,820,-0.015401490032672882,0.8282734751701355,0.01,598.45,0.0014397714054211973,0.005649721
344064,540,,,84,,636,,-9.41095021,0.2,-0.004603567977756029,0.360095351934433,0.0576416015625,-0.7833115223795175,0.0003,830,-0.01137695461511612,0.811823844909668,0.01,598.45,0.0050909400102682415,0.0058081048
348160,541,,,85,,642,,-9.35230366,0.2,-0.002344149848795496,0.3608055114746094,0.05224609375,-0.7971767283976078,0.0003,840,0.007372189778834581,0.9300410151481628,0.02,593.9,0.0028597379045095296,0.005947496
352256,540,,,86,,651,,-9.76775352,0.2,-0.00329165450821165,0.3572114109992981,0.0671630859375,-0.7900877948850393,0.0003,850,0.07193116098642349,0.6748068332672119,0.02,593.9,0.10312548435758799,0.0067520603
356352,539,,,87,,660,,-9.98870421,0.2,-0.006910225524916313,0.3597312569618225,0.092578125,-0.7854664191603661,0.0003,860,0.012726930901408195,0.9264739751815796,0.02,593.9,0.032655092183267696,0.007856115
360448,539,,,88,,667,,-10.14063214,0.2,-0.00588819502008846,0.35788029432296753,0.068408203125,-0.7879369013011456,0.0003,870,-0.0019297611434012651,0.9603327512741089,0.02,593.9,0.010593128646723926,0.006515196
364544,539,,,89,,675,,-10.1917871,0.2,-0.006464291908923769,0.3601427674293518,0.0786376953125,-0.788209768757224,0.0003,880,-0.003624608274549246,0.9693493843078613,0.02,593.9,0.005146121549478267,0.009256911
368640,539,,,90,,682,,-10.620710129999997,0.2,-0.004740574856987223,0.35813820362091064,0.069482421875,-0.7890468064695597,0.0003,890,-0.020333509892225266,0.9344648122787476,0.01,595.45,0.007123251384473406,0.0076091746
372736,540,,,91,,689,,-11.076000119999998,0.2,-0.00686998029705137,0.3578442335128784,0.0773681640625,-0.7822179079055787,0.0003,900,-0.007078428287059069,0.9838043451309204,0.01,595.45,0.004020783272426343,0.0068980255
376832,540,,,92,,696,,-11.023830440000001,0.2,-0.004217230554786511,0.35868775844573975,0.0763671875,-0.7840367652475834,0.0003,910,-0.011346123181283474,0.9748294353485107,0.01,595.45,0.003395311527128797,0.007055854
380928,540,,,93,,704,,-10.624886789999998,0.2,-0.001157098504336318,0.356725811958313,0.0462158203125,-0.7809046138077974,0.0003,920,0.006996819283813238,0.9739077091217041,0.01,595.45,0.0019664931773149875,0.0036122052
385024,540,,,94,,711,,-10.550530170000004,0.2,-0.0038594737925450318,0.35790395736694336,0.0603759765625,-0.7752273801714182,0.0003,930,-0.007852248847484589,0.9821982979774475,0.01,595.45,0.002004152939480264,0.005167527
389120,540,,,95,,719,,-9.910935989999999,0.2,-0.00592841101315571,0.35488975048065186,0.085791015625,-0.7729635998606682,0.0003,940,-0.016944745555520058,0.9505645036697388,0.01,595.45,0.0016732701980799903,0.0063445885
393216,541,,,96,,726,,-9.791225840000001,0.2,-0.004450253827963024,0.35470932722091675,0.101904296875,-0.7646840829402208,0.0003,950,-0.00543752359226346,0.9542436599731445,0.01,595.45,0.0029102012973453383,0.0066965986
397312,541,,,97,,733,,-9.61043573,0.2,-0.0012959530678926968,0.35560745000839233,0.0468017578125,-0.7662839386612177,0.0003,960,-0.009960872121155262,0.9307456016540527,0.01,595.45,0.005040673142502783,0.0044760043
401408,530,0.0009968539457332326,0.0,98,0.15973725710806488,757,26.092494983221314,-9.54561754,0.2,-0.005828295429819263,0.3569931983947754,0.0899169921875,-0.7725923679769039,0.0003,970,-0.0058620041236281395,0.9841278195381165,0.01,595.45,0.005231581075349823,0.007072984
405504,530,,,99,,764,,-9.536221280000001,0.2,-0.006020437670667888,0.35388338565826416,0.0796875,-0.7677074179053307,0.0003,980,0.0008631343953311443,0.9828994870185852,0.01,595.45,0.0021794911030156073,0.007480318
409600,531,,,100,,770,,-9.28733284,0.2,-0.004613812104798854,0.35046151280403137,0.0601318359375,-0.7485069893300533,0.0003,990,-0.005445253103971481,0.9598892331123352,0.0,600.0,0.001895499333841144,0.0055439887
413696,531,,,101,,777,,-9.114473109999999,0.2,-0.007784905559674371,0.35115084052085876,0.092236328125,-0.7383513379842043,0.0003,1000,-0.010194351896643639,0.9729763865470886,0.0,600.0,0.0054944862298725635,0.0069672377
417792,532,,,102,,785,,-9.27261605,0.2,-0.004092133286758326,0.35557660460472107,0.0549072265625,-0.7552426755428314,0.0003,1010,-0.002950240857899189,0.9747823476791382,0.0,600.0,0.0017465387754782569,0.0057051033
421888,532,,,103,,791,,-9.44755089,0.2,-0.0036010973912198097,0.3597026467323303,0.0508056640625,-0.7813042055815458,0.0003,1020,-0.009190180338919163,0.9662028551101685,0.0,600.0,0.00521294383725035,0.0052176975
425984,533,,,104,,799,,-9.266130500000001,0.2,-0.0014953278259781655,0.35885852575302124,0.05244140625,-0.789252671226859,0.0003,1030,0.000490727717988193,0.8905255198478699,0.0,600.0,0.002497429517097771,0.006075938
430080,532,,,105,,807,,-9.36408647,0.2,-0.003043313945818227,0.35633185505867004,0.087744140625,-0.7779640253633261,0.0003,1040,-0.0018712347373366356,0.9755393862724304,0.0,600.0,0.0014419543058465933,0.008541561
434176,532,,,106,,814,,-8.9237622,0.2,-0.004934406634129118,0.36149340867996216,0.1080810546875,-0.785361972078681,0.0003,1050,-0.008990669623017311,0.9777837991714478,0.0,600.0,0.0015788248580065555,0.010828722
438272,532,,,107,,822,,-8.76134708,0.2,-0.004501670165336691,0.363741397857666,0.083935546875,-0.8070345487445593,0.0003,1060,-0.013046025298535824,0.9527947902679443,0.0,600.0,0.0028067757175449515,0.0075886445
442368,533,,,108,,828,,-9.40188896,0.2,-0.005177836668735836,0.36341041326522827,0.0804931640625,-0.8103555288165808,0.0003,1070,-0.006495271343737841,0.976763129234314,0.0,600.0,0.004923432075884193,0.004965166
446464,534,,,109,,834,,-9.578648950000002,0.2,-0.004833397826587316,0.36382007598876953,0.0698974609375,-0.8117419730871915,0.0003,1080,-0.006478816270828247,0.9777790904045105,0.0,600.0,0.006026598188327625,0.0051749647
450560,535,,,110,,841,,-9.57192416,0.2,-0.0034080665223882533,0.3594982624053955,0.04697265625,-0.8019593298435211,0.0003,1090,0.0007287426269613206,0.9589887261390686,0.0,600.0,0.0033683397763525137,0.006307901
454656,535,,,111,,849,,-9.719031000000001,0.2,-0.0033715780642523895,0.3624386787414551,0.05361328125,-0.7964079074561596,0.0003,1100,0.006228831596672535,0.979407787322998,0.0,600.0,0.0031752044298627878,0.0053461273
458752,534,,,112,,858,,-9.31814653,0.2,-0.002673087199218571,0.3620084226131439,0.058642578125,-0.8040252812206745,0.0003,1110,-0.003854855429381132,0.9796091318130493,0.0,600.0,0.0011934481899515959,0.0060112006
462848,534,,,113,,866,,-9.75322488,0.2,-0.003991369312279858,0.359072744846344,0.0757568359375,-0.7941853765398263,0.0003,1120,-0.01102890819311142,0.9699805974960327,0.0,600.0,0.0027649003808619455,0.006842346
466944,534,,,114,,873,,-9.93799362,0.2,-0.004683222610037774,0.3601606488227844,0.0732177734375,-0.7896613996475935,0.0003,1130,-0.006646308582276106,0.9763807654380798,0.0,600.0,0.00351907287404174,0.0067658243
471040,535,,,115,,879,,-10.03379689,0.2,-0.004111905487661716,0.3590940833091736,0.074365234375,-0.7901935011148453,0.0003,1140,0.0013251242926344275,0.986659824848175,0.0,600.0,0.0027470445133076283,0.007071807
475136,535,,,116,,887,,-9.96094367,0.2,-0.0034175689936091656,0.35394468903541565,0.074560546875,-0.7729652103036642,0.0003,1150,0.007947925478219986,0.9836207628250122,0.0,600.0,0.0032763875016826203,0.0048279976
479232,535,,,117,,895,,-9.73525089,0.2,-0.005025935098819901,0.3540601432323456,0.0621826171875,-0.7576700687408447,0.0003,1160,-0.0017304483335465193,0.964343786239624,0.0,600.0,0.003424960921984166,0.006765184
483328,535,,,118,,902,,-9.434489439999998,0.2,-0.003508673903706949,0.3524572253227234,0.059765625,-0.7535847406834364,0.0003,1170,0.01266592275351286,0.9246659874916077,0.0,600.0,0.0037806368483870754,0.0062966645
487424,536,,,119,,909,,-9.49706101,0.2,-0.003231967764440924,0.35227957367897034,0.056640625,-0.7487263418734074,0.0003,1180,-0.002805293072015047,0.9751628637313843,0.0,600.0,0.002686983676903765,0.005464736
491520,536,,,120,,916,,-9.26057354,0.2,-0.005496022799343336,0.35373443365097046,0.0884765625,-0.7538398396223783,0.0003,1190,-7.26445869076997e-05,0.9867410659790039,0.0,600.0,0.001101421209750697,0.007886197
495616,536,,,121,,923,,-9.06915207,0.2,-0.005560510497889482,0.3557269275188446,0.0974609375,-0.7631278682500124,0.0003,1200,0.0007693854859098792,0.9812182784080505,0.0,600.0,0.001632037315357593,0.0069633317
499712,537,,,122,,930,,-8.485195229999999,0.2,-0.004867713851854205,0.3523365557193756,0.06494140625,-0.7593484070152045,0.0003,1210,-0.0068824817426502705,0.9656704664230347,0.0,600.0,0.00302343548501085,0.0063210297
503808,528,0.008886679346809707,0.0,123,0.300214754597358,952,25.958112828894727,-8.431472710000001,0.2,-0.0053354218835011125,0.3507230877876282,0.0832763671875,-0.743489645421505,0.0003,1220,-0.01316156517714262,0.9744699001312256,0.0,600.0,0.0023613741985172966,0.008699457
507904,529,,,124,,958,,-8.676038420000001,0.2,-0.003294856453430839,0.34794294834136963,0.0729248046875,-0.7327636457979679,0.0003,1230,-0.004679638426750898,0.928968071937561,0.0,600.0,0.0018885755576775408,0.0062268535
512000,530,,,125,,965,,-8.65927354,0.2,-0.0034866556874476374,0.3488943874835968,0.0630615234375,-0.7274346888065338,0.0003,1240,0.0030188574455678463,0.7723307013511658,0.0,600.0,0.006038471542706247,0.006093264
516096,530,,,126,,972,,-9.02223521,0.2,-0.005190915960702114,0.3548718988895416,0.07734375,-0.7464861258864403,0.0003,1250,-0.013579845428466797,0.9235473275184631,0.0,600.0,0.0038245314150117337,0.008007592
520192,531,,,127,,978,,-9.05440609,0.2,-0.0016294062079396099,0.35773634910583496,0.0549560546875,-0.7715338878333569,0.0003,1260,-0.008648076094686985,0.9327202439308167,0.0,600.0,0.0030072895664488898,0.004541234
524288,532,,,128,,984,,-8.45106898,0.2,-0.005049414916720707,0.3604011535644531,0.062646484375,-0.786657178029418,0.0003,1270,-0.006445586681365967,0.9131258726119995,0.0,600.0,0.0015575626643112629,0.0058291997
528384,533,,,129,,991,,-8.200524889999999,0.2,-0.0018866233156586531,0.35979926586151123,0.0765625,-0.7897740416228771,0.0003,1280,0.0020142144057899714,0.9329820275306702,0.0,600.0,0.0012226446691784077,0.0055762064
532480,533,,,130,,998,,-8.216067989999999,0.2,-0.0018251923902425915,0.3595767319202423,0.0806396484375,-0.7878857728093862,0.0003,1290,-0.006814330816268921,0.9502993822097778,0.0,600.0,0.002317486241372535,0.0070537347
536576,527,,,131,,1016,,-8.69946526,0.2,-0.002040876373939682,0.3610329031944275,0.0607421875,-0.7910057846456766,0.0003,1300,-0.0016985498368740082,0.7904927134513855,0.0,600.0,0.006278093951550545,0.005573009
540672,522,,,132,,1035,,-9.32455721,0.2,0.0007207673013908788,0.36193034052848816,0.0463623046875,-0.798313332721591,0.0003,1310,-0.008565891534090042,0.8613823652267456,0.0,600.0,0.004548418868944281,0.005390599
544768,517,,,133,,1053,,-9.58344565,0.2,-0.0044849780111690055,0.36176013946533203,0.06826171875,-0.7994976490736008,0.0003,1320,-0.0004775035777129233,0.9438431859016418,0.0,600.0,0.00280551721334632,0.0065457756
548864,516,,,134,,1063,,-9.4366418,0.2,-0.0034536786741227845,0.3607195019721985,0.0580810546875,-0.7948100876063109,0.0003,1330,0.002442363416776061,0.9644628167152405,0.0,600.0,0.0024652673648233757,0.005529276
552960,516,,,135,,1070,,-9.7814814,0.2,-0.004327681341965217,0.3575330376625061,0.0694580078125,-0.782658402249217,0.0003,1340,-0.0002960829879157245,0.9818869829177856,0.0,600.0,0.002153283028746955,0.007191563
557056,516,,,136,,1077,,-10.15349037,0.2,-0.002317830128595233,0.3585807979106903,0.06064453125,-0.7770679753273726,0.0003,1350,-0.0016363696195185184,0.9705595970153809,0.0,600.0,0.0025306504350737667,0.0055089984
561152,517,,,137,,1084,,-9.968687850000002,0.2,-0.0006923542001459282,0.36004340648651123,0.055908203125,-0.7834782812744379,0.0003,1360,-0.007042564917355776,0.9559125900268555,0.01,594.62,0.003168801516403619,0.0069213687
565248,518,,,138,,1090,,-9.86323293,0.2,-0.0013979389041196555,0.3560381531715393,0.0579345703125,-0.7752488676458598,0.0003,1370,0.02773578092455864,0.6123708486557007,0.01,594.62,0.09594670945079997,0.0068996404
569344,518,,,139,,1097,,-9.816473460000001,0.2,-0.0031597595909261143,0.3544290065765381,0.0659912109375,-0.7601100172847509,0.0003,1380,0.008725970983505249,0.9747722148895264,0.01,594.62,0.007729507163458038,0.0048071225
573440,519,,,140,,1104,,-9.66390404,0.2,-0.0036554211299517194,0.3528140187263489,0.0519775390625,-0.7532862301915884,0.0003,1390,0.005880863405764103,0.9634438753128052,0.01,594.62,0.007712883746717125,0.004638516
577536,519,,,141,,1110,,-9.81340195,0.2,-0.003586827515391633,0.3533366918563843,0.067578125,-0.7505487009882927,0.0003,1400,-0.006563972216099501,0.9392578601837158,0.01,594.62,0.004987824144336628,0.006833139
581632,520,,,142,,1117,,-9.848465659999999,0.2,-0.005130409827688709,0.35589468479156494,0.0558349609375,-0.7585524942725896,0.0003,1410,0.002644249936565757,0.8192920684814453,0.01,594.62,0.0113068398735777,0.005372849
585728,520,,,143,,1124,,-9.87111795,0.2,-0.005813288758508861,0.35466131567955017,0.1106201171875,-0.762451845407486,0.0003,1420,-0.011322906240820885,0.9496394991874695,0.01,594.62,0.006435027258703485,0.009832007
589824,521,,,144,,1131,,-9.83751703,0.2,-0.0031048299177200535,0.3511543273925781,0.0769287109375,-0.7495217822492123,0.0003,1430,-0.007036754861474037,0.9330755472183228,0.02,591.03,0.0025728613560204393,0.006242132
593920,522,,,145,,1137,,-9.58355569,0.2,-0.0021655905758962033,0.3489738702774048,0.0436767578125,-0.7349017702043057,0.0003,1440,0.06659974902868271,0.34522825479507446,0.02,591.03,0.13593121017911472,0.0046384083
598016,522,,,146,,1144,,-9.3903789,0.2,-0.005853504569677171,0.3487856984138489,0.0893310546875,-0.7286383550614118,0.0003,1450,-0.0014555989764630795,0.9593769907951355,0.02,591.03,0.020096510543953627,0.009202361
602112,514,4.96932877008262e-08,0.0,147,5.06964525855006e-06,1169,25.980936137486005,-9.20524397,0.2,-0.0029318512097233906,0.3525712490081787,0.0629150390625,-0.7383458025753498,0.0003,1460,-0.008980344980955124,0.9631373286247253,0.02,591.03,0.021918698764056898,0.005638877
606208,514,,,148,,1177,,-9.62427907,0.2,-0.005225051198794972,0.35364073514938354,0.066748046875,-0.752413934096694,0.0003,1470,-0.009835485368967056,0.9451207518577576,0.02,591.03,0.009929356770589948,0.0064889565
610304,515,,,149,,1183,,-9.68316013,0.2,-0.003391468098561745,0.35285454988479614,0.072802734375,-0.7519539818167686,0.0003,1480,-0.009433900006115437,0.9049749970436096,0.02,591.03,0.0060324670354020785,0.0068898676
614400,515,,,150,,1190,,-9.782241589999998,0.2,-0.003467698543681763,0.3544932007789612,0.074267578125,-0.7528409495949745,0.0003,1490,0.030717790126800537,0.9241265058517456,0.02,591.03,0.01376271751942113,0.0071863113
618496,516,,,151,,1197,,-9.44206651,0.2,-0.002799917528682272,0.3550944924354553,0.0552978515625,-0.7586567010730505,0.0003,1500,-0.007915717549622059,0.7944958806037903,0.02,591.03,0.006198655044863699,0.0054466305
622592,517,,,152,,1204,,-9.71739807,0.2,-0.0056072426392347555,0.35631346702575684,0.1074462890625,-0.7642943978309631,0.0003,1510,-0.010814148932695389,0.9723283648490906,0.01,596.41,0.005351207000785507,0.007766741
626688,517,,,153,,1211,,-9.8351,0.2,-0.002692363916139584,0.35899680852890015,0.0635009765625,-0.7777964167296887,0.0003,1520,0.0033940025605261326,0.9660311341285706,0.01,596.41,0.006719675826025196,0.0069458433
630784,518,,,154,,1217,,-9.815381680000002,0.2,-0.002516767190536484,0.3597427010536194,0.056640625,-0.7870592098683119,0.0003,1530,-0.001657720422372222,0.9558517336845398,0.01,596.41,0.004483510860882234,0.0055578183
634880,518,,,155,,1224,,-10.319100760000001,0.2,-0.0037295752117643133,0.3611952066421509,0.0580078125,-0.7931572075933218,0.0003,1540,-0.0018369099125266075,0.9397779107093811,0.01,596.41,0.006861782413034234,0.005878046
638976,518,,,156,,1232,,-10.565237240000004,0.2,-0.004379603538836818,0.36199188232421875,0.0752197265625,-0.8011977728456259,0.0003,1550,0.00185886409599334,0.936684787273407,0.01,596.41,0.006557748276827624,0.009673565
643072,517,,,157,,1242,,-10.694241869999999,0.2,-0.004591255899867974,0.35859978199005127,0.0685302734375,-0.7937593866139651,0.0003,1560,-0.014624363742768764,0.9308186173439026,0.01,596.41,0.005684994101466145,0.0067007896
647168,516,,,158,,1252,,-10.92510326,0.2,-0.0017767722136341035,0.3603098392486572,0.0637939453125,-0.7875245165079832,0.0003,1570,-0.011263006366789341,0.8834068775177002,0.02,592.39,0.005074612319731386,0.0063503683
651264,516,,,159,,1261,,-11.046003509999997,0.2,-0.0035736134770559145,0.35386574268341064,0.088818359375,-0.77513706125319,0.0003,1580,0.018492940813302994,0.5926660299301147,0.01,595.98,0.1617722753144335,0.00721291
655360,515,,,160,,1271,,-11.349908719999998,0.2,-0.005601488589309156,0.35248517990112305,0.08798828125,-0.7543562822043895,0.0003,1590,-0.009776566177606583,0.9708995819091797,0.01,595.98,0.004410154387733201,0.0073546395
659456,514,,,161,,1281,,-10.89914632,0.2,-0.0021785007833386772,0.35388264060020447,0.0685546875,-0.7539451345801353,0.0003,1600,0.0030527811031788588,0.9249943494796753,0.01,595.98,0.008326370760914869,0.005430312
663552,514,,,162,,1290,,-10.97817647,0.2,-0.004216195717162918,0.34939348697662354,0.0606201171875,-0.7446435004472732,0.0003,1610,-0.00613790238276124,0.9824042916297913,0.01,595.98,0.004315393728393247,0.0055084424
667648,513,,,163,,1299,,-11.136204490000003,0.2,-0.002652855408086907,0.3501794934272766,0.0550048828125,-0.7324978340417146,0.0003,1620,0.0036494298838078976,0.9564952850341797,0.01,595.98,0.009316803316323785,0.0034568454
671744,513,,,164,,1309,,-11.15711458,0.2,-0.0014646398136392235,0.35252147912979126,0.0692626953125,-0.7414295300841331,0.0003,1630,-0.0013039326295256615,0.9493469595909119,0.01,595.98,0.005182494672772009,0.006332545
675840,512,,,165,,1317,,-11.087914079999997,0.2,-0.007842892207554542,0.35696083307266235,0.0914794921875,-0.7611838724464178,0.0003,1640,-0.012237231247127056,0.9662731289863586,0.01,595.98,0.003755961153365206,0.0081715705
679936,513,,,166,,1324,,-11.613019260000002,0.2,-0.005730194179341197,0.35629767179489136,0.063818359375,-0.7692644380033016,0.0003,1650,-0.00476904446259141,0.9314677119255066,0.01,595.98,0.011378159382729791,0.0049854117
684032,513,,,167,,1331,,-11.827091709999998,0.2,-0.008165479054150637,0.3583020567893982,0.1096435546875,-0.7729383151978254,0.0003,1660,-0.011927598156034946,0.964178740978241,0.01,595.98,0.005926022308995016,0.009318309
688128,513,,,168,,1340,,-11.399931929999997,0.2,5.943660798948258e-05,0.36107516288757324,0.054296875,-0.7880505725741387,0.0003,1670,0.009898010641336441,0.9780238270759583,0.01,595.98,0.0027932473782129818,0.006086245
692224,512,,,169,,1349,,-10.750935649999999,0.2,-0.0025241273804567756,0.35953208804130554,0.10205078125,-0.7922883160412312,0.0003,1680,-0.006635795347392559,0.9584002494812012,0.01,595.98,0.005002491174673196,0.0079214405
696320,512,,,170,,1359,,-10.76840252,0.2,-0.004896564870432485,0.3598354458808899,0.1033447265625,-0.7890306320041418,0.0003,1690,-0.010776326060295105,0.9731764793395996,0.01,595.98,0.003679390560137108,0.0076453863
700416,502,0.0006084162969134791,0.0,171,0.010348709502533212,1394,25.98686103763233,-10.576866070000001,0.2,-0.0028538910017232412,0.35826975107192993,0.0579345703125,-0.7863919965922832,0.0003,1700,-0.0047880434431135654,0.9782798886299133,0.01,595.98,0.0028432413753762377,0.0048154555
704512,502,,,172,,1402,,-10.06040097,0.2,-0.005677468585781753,0.3602050542831421,0.1002197265625,-0.7860217027366161,0.0003,1710,-0.008198179304599762,0.9924089908599854,0.01,595.98,0.0013826624321154669,0.008545386
708608,502,,,173,,1410,,-10.093914640000001,0.2,-0.0006094335156376473,0.35959216952323914,0.05400390625,-0.7906328164041042,0.0003,1720,0.00469578430056572,0.9828515648841858,0.0,600.0,0.0018879351931900602,0.0056588617
712704,501,,,174,,1420,,-9.76580292,0.2,-0.003480914665851742,0.3597336411476135,0.0805419921875,-0.7902913972735405,0.0003,1730,-0.00229124934412539,0.9803375601768494,0.0,600.0,0.001716834220860619,0.007509698
716800,501,,,175,,1430,,-9.57698174,0.2,-0.0032812195742735637,0.3631322979927063,0.0529052734375,-0.7985062971711159,0.0003,1740,-0.002722680103033781,0.9696815013885498,0.0,600.0,0.002912380203270004,0.0038581255
720896,500,,,176,,1439,,-9.444858870000001,0.2,-0.0036095762901823037,0.3660546541213989,0.0568115234375,-0.8173943724483251,0.0003,1750,-0.009117381647229195,0.984914243221283,0.0,600.0,0.0027144586802023696,0.00545443
724992,500,,,177,,1447,,-9.20403554,0.2,-0.004018295848800335,0.36274227499961853,0.057958984375,-0.8136706419289113,0.0003,1760,0.0002534198574721813,0.974781334400177,0.0,600.0,0.0014085468432313065,0.005267553
729088,501,,,178,,1454,,-8.84307983,0.2,-0.005698868865147233,0.3664228320121765,0.1022705078125,-0.8167087133973837,0.0003,1770,-0.0018694568425416946,0.9515487551689148,0.0,600.0,0.003078037319937721,0.009821991
733184,501,,,179,,1461,,-8.47835216,0.2,-0.0029446087093674576,0.3684208393096924,0.08662109375,-0.8309760116040706,0.0003,1780,0.005646119825541973,0.9399937391281128,0.0,600.0,0.0034107857763956417,0.0076800464
737280,502,,,180,,1468,,-8.1563671,0.2,-0.004305586394912098,0.3639983534812927,0.08203125,-0.8250797089189291,0.0003,1790,-0.0017686750506982207,0.9550060629844666,0.0,600.0,0.004473319086901029,0.0068860087
741376,502,,,181,,1474,,-7.858224689999999,0.2,-0.0007340096060943324,0.3616476058959961,0.0625244140625,-0.8034076366573573,0.0003,1800,-0.0012607623357325792,0.9808730483055115,0.0,600.0,0.0019448123857728206,0.006287361
745472,502,,,182,,1483,,-7.2336144199999985,0.2,-0.0047508219926385205,0.3613685965538025,0.0567138671875,-0.7973571125417948,0.0003,1810,-0.0014325226657092571,0.983018159866333,0.0,600.0,0.0014893031846440862,0.0059195585
749568,501,,,183,,1493,,-7.682562409999998,0.2,-0.0032087482082715723,0.3609706461429596,0.121826171875,-0.7947629623115062,0.0003,1820,0.00305232428945601,0.9845424890518188,0.0,600.0,0.0014562745622242802,0.011642527
753664,501,,,184,,1502,,-7.605771960000001,0.2,-0.00152442374965176,0.3614312410354614,0.0637451171875,-0.7959848009049892,0.0003,1830,-0.00436395825818181,0.9723418951034546,0.0,600.0,0.0019468762318865628,0.0053524766
757760,501,,,185,,1511,,-7.12350996,0.2,-0.003512584459531354,0.3622815012931824,0.0894775390625,-0.7991359557956457,0.0003,1840,0.0019055181182920933,0.9980006217956543,0.0,600.0,0.000250192444127606,0.00932672
761856,501,,,186,,1520,,-7.0041098900000005,0.2,-0.00523849794481066,0.36029863357543945,0.0757080078125,-0.7953592237085104,0.0003,1850,-0.00636167312040925,0.9753890633583069,0.01,594.98,0.0018850591037335106,0.0075189346
765952,501,,,187,,1528,,-6.82372864,0.2,-0.0017161255775135942,0.3533044159412384,0.072998046875,-0.7690124589949846,0.0003,1860,0.007424558978527784,0.6544111967086792,0.01,594.98,0.05607822906604269,0.0065718163
770048,501,,,188,,1536,,-7.635017919999999,0.2,-0.003533816072740592,0.35445690155029297,0.06240234375,-0.7517986617982387,0.0003,1870,0.004870078060775995,0.865688681602478,0.01,594.98,0.02876093905651942,0.0059471717
774144,501,,,189,,1545,,-7.45399089,0.2,-0.003862430021399632,0.35491621494293213,0.0723876953125,-0.7563037246465683,0.0003,1880,0.0001522996462881565,0.9424670934677124,0.01,594.98,0.011563334403035697,0.005910122
778240,500,,,190,,1554,,-7.434304000000001,0.2,-0.0013322626880835741,0.35533973574638367,0.0712158203125,-0.7570694133639335,0.0003,1890,-0.0005875651258975267,0.9426563382148743,0.02,590.01,0.008422951637476217,0.008343996
782336,500,,,191,,1563,,-7.317174940000001,0.2,-0.0033085275121266023,0.3491540551185608,0.1127197265625,-0.7411095384508372,0.0003,1900,-0.0038501955568790436,0.7486845254898071,0.02,590.01,0.0758961790095782,0.008791294
786432,500,,,192,,1571,,-7.211603220000001,0.2,-0.00484370170161128,0.3531433343887329,0.0922119140625,-0.7330771211534739,0.0003,1910,-0.014302089810371399,0.9400644302368164,0.03,584.56,0.016268315324850846,0.008340938
790528,500,,,193,,1580,,-7.03188068,0.2,-0.0022054560504329856,0.35266613960266113,0.095361328125,-0.7455299090594053,0.0003,1920,0.005204873159527779,0.6551287770271301,0.05,573.83,0.1215660418412881,0.010262013
794624,499,,,194,,1589,,-6.81673713,0.2,-0.0018017293834418524,0.3465116322040558,0.068212890625,-0.7242455709725618,0.0003,1930,0.08125422894954681,0.584007203578949,0.05,573.83,0.1945219509769231,0.007427616
798720,499,,,195,,1598,,-7.164773829999998,0.2,-0.0052185839813319035,0.34427446126937866,0.07744140625,-0.6999040931463242,0.0003,1940,0.0008038245141506195,0.7051171064376831,0.05,573.83,0.0202101662667701,0.0095460275
802816,494,0.0015625828163160762,0.0,196,0.020983708081051208,1622,25.961371971343766,-7.098450260000001,0.2,-0.005719545704778284,0.34647563099861145,0.079150390625,-0.6991539552807808,0.0003,1950,-0.00728228222578764,0.904325544834137,0.05,573.83,0.010938290275225882,0.006517549
806912,495,,,197,,1629,,-6.78631548,0.2,-0.002980178988946136,0.35062795877456665,0.05537109375,-0.719590500742197,0.0003,1960,-0.001491790171712637,0.924189567565918,0.06,569.26,0.011606501405185553,0.0059076613
811008,495,,,198,,1636,,-6.94070497,0.2,-0.004661531907913741,0.34687912464141846,0.075341796875,-0.7197422534227371,0.0003,1970,-0.00530668068677187,0.819878101348877,0.06,569.26,0.04898468669853173,0.0053773727
815104,495,,,199,,1646,,-7.380867810000001,0.2,-0.002194551596767269,0.34669142961502075,0.0619140625,-0.7093698345124722,0.0003,1980,0.0004943450912833214,0.9499174952507019,0.05,574.28,0.012711972324177622,0.0058388347
819200,495,,,200,,1654,,-7.05497742,0.2,-0.0034949465058161876,0.34780651330947876,0.0846435546875,-0.7137119483202696,0.0003,1990,-0.006516019348055124,0.85838782787323,0.06,570.55,0.010663257125997916,0.0069241365
823296,495,,,201,,1663,,-6.972348160000001,0.2,-0.0004088810412213206,0.346286416053772,0.0671142578125,-0.7125815697014332,0.0003,2000,0.0544419065117836,0.6386685371398926,0.06,570.55,0.08153225227142684,0.007664212
827392,494,,,202,,1671,,-6.62746779,0.2,-0.0027612037301878445,0.3501744568347931,0.056689453125,-0.7175086628645658,0.0003,2010,0.005751485470682383,0.8551924824714661,0.06,570.55,0.017944858135888354,0.0058501605
831488,494,,,203,,1680,,-6.753497070000001,0.2,-0.004271965935186017,0.35011816024780273,0.08837890625,-0.7307019613683223,0.0003,2020,0.011516903527081013,0.938337504863739,0.06,570.55,0.023270981437235605,0.011077775
835584,494,,,204,,1689,,-6.9036591,0.2,-0.0034631847724085675,0.3517707884311676,0.068408203125,-0.7349075559526682,0.0003,2030,-0.014604685828089714,0.9636936783790588,0.06,573.37,0.013522493286291137,0.0068266327
839680,494,,,205,,1699,,-6.88480569,0.2,-0.0033019534836057573,0.34897467494010925,0.0975341796875,-0.7332177706062794,0.0003,2040,0.060955554246902466,0.7009323835372925,0.06,573.37,0.12445057074073702,0.009514933
843776,494,,,206,,1707,,-6.78000806,0.2,-0.002631349522562232,0.35234394669532776,0.07373046875,-0.7330464970320463,0.0003,2050,-0.024516569450497627,0.9658516645431519,0.06,574.2,0.007635969371040119,0.0061065005
847872,493,,,207,,1716,,-7.06950726,0.2,-0.0029507022722100374,0.3487289547920227,0.0923828125,-0.7342772509902715,0.0003,2060,0.03861265629529953,0.7230949997901917,0.05,580.49,0.10950871089007705,0.006337214
851968,493,,,208,,1724,,-6.8893281,0.2,-0.0036438986659049987,0.34606754779815674,0.0598388671875,-0.7159121260046959,0.0003,2070,0.10397657006978989,0.7164888978004456,0.06,575.06,0.09669039208092726,0.005966787
856064,493,,,209,,1733,,-6.90731539,0.2,-0.0024172082972654606,0.3451133966445923,0.084765625,-0.7051053948700428,0.0003,2080,0.1125837117433548,0.7629810571670532,0.06,575.06,0.1247452899813652,0.007069184
860160,493,,,210,,1742,,-6.926807830000001,0.2,-0.0040904237423092125,0.34339362382888794,0.0805419921875,-0.6964026186615229,0.0003,2090,-2.3667234927415848e-05,0.9614245295524597,0.07,569.41,0.02034450616920367,0.0080822855
864256,493,,,211,,1749,,-6.87711686,0.2,-0.0030259848113928455,0.34229713678359985,0.0770751953125,-0.6875731319189071,0.0003,2100,0.019308283925056458,0.8980018496513367,0.07,570.88,0.04459343696362339,0.0073641976
868352,493,,,212,,1758,,-6.689246850000001,0.2,-0.0029215204136562533,0.340204119682312,0.0881103515625,-0.6772503204643726,0.0003,2110,0.04202470928430557,0.6463320255279541,0.07,570.88,0.11982645039097406,0.008545688
872448,493,,,213,,1768,,-7.08014056,0.2,-0.004789495561271906,0.3433985710144043,0.0884521484375,-0.6797082256525755,0.0003,2120,0.007809490896761417,0.842768669128418,0.07,570.88,0.053337568294955416,0.0069911056
876544,493,,,214,,1776,,-7.523946219999999,0.2,-0.0027898138025193473,0.34232860803604126,0.0633544921875,-0.687761253118515,0.0003,2130,-0.0007927152328193188,0.8794346451759338,0.07,570.88,0.01969494427612517,0.006590889
880640,493,,,215,,1783,,-7.964452810000001,0.2,-0.004018416193139274,0.3418673872947693,0.069580078125,-0.681846734508872,0.0003,2140,0.009205085225403309,0.909456729888916,0.06,574.61,0.016968182600976434,0.0076688942
884736,493,,,216,,1791,,-8.056190990000001,0.2,-0.003989050403470173,0.3404797911643982,0.068310546875,-0.6777032658457756,0.0003,2150,0.004079808946698904,0.925195038318634,0.06,574.61,0.016062590837827885,0.006460774
888832,494,,,217,,1798,,-7.890211680000001,0.2,-0.0043951429186563475,0.3434281349182129,0.0947509765625,-0.6852393686771393,0.0003,2160,-0.00542830303311348,0.9068785905838013,0.07,569.86,0.022442406132176983,0.006284141
892928,494,,,218,,1805,,-8.24514213,0.2,-0.004305409858352505,0.3405693471431732,0.0845458984375,-0.6883937101811171,0.0003,2170,0.0494195781648159,0.6467388868331909,0.06,572.01,0.09082457844051532,0.006512106
897024,495,,,219,,1811,,-8.568567519999998,0.2,-0.0054838773648953065,0.340146005153656,0.081494140625,-0.6739577349275351,0.0003,2180,-0.0003422163426876068,0.9367578029632568,0.06,572.01,0.0222497131471755,0.0070804707
901120,491,4.688875294651676e-08,0.0,220,5.104736761698368e-06,1832,25.98093605208227,-8.907274880000001,0.2,-0.004083393897963106,0.34047752618789673,0.089013671875,-0.675221461057663,0.0003,2190,-0.009278124198317528,0.9664887189865112,0.05,576.63,0.00928231541038258,0.007600606
905216,492,,,221,,1839,,-9.57426705,0.2,-0.0060594705049879845,0.34296852350234985,0.0821044921875,-0.682664355263114,0.0003,2200,-0.007551837712526321,0.9133308529853821,0.04,581.07,0.025088908083853313,0.007631557
909312,492,,,222,,1847,,-9.8365693,0.2,-0.0051505069684935735,0.3431254029273987,0.0843994140625,-0.6891548287123441,0.0003,2210,-0.0024570422247052193,0.9230329990386963,0.04,581.07,0.021247713998309336,0.0061124107
913408,492,,,223,,1854,,-10.01137575,0.2,-0.0053766632307088,0.34635230898857117,0.0685791015625,-0.6963568024337292,0.0003,2220,0.0011440725065767765,0.9149514436721802,0.03,586.5,0.011556860140990466,0.006205137
917504,492,,,224,,1861,,-10.14784423,0.2,-0.004869663995486917,0.34440261125564575,0.074609375,-0.7025258932262659,0.0003,2230,-0.008863231167197227,0.9515316486358643,0.03,586.5,0.005612217656744178,0.006067466
921600,493,,,225,,1868,,-10.66780202,0.2,-0.006789836045936681,0.34364885091781616,0.0761474609375,-0.6939114246517419,0.0003,2240,-0.003185757203027606,0.9627164602279663,0.02,592.15,0.007148651669558604,0.0071965223
925696,493,,,226,,1875,,-10.898473749999999,0.2,-0.005073615614674054,0.34750843048095703,0.0738525390625,-0.7028369575738906,0.0003,2250,-0.0003703515976667404,0.9251463413238525,0.01,595.25,0.006482897149544442,0.0075150253
929792,493,,,227,,1884,,-10.981898939999999,0.2,-0.006770858529489487,0.35069820284843445,0.07373046875,-0.7245857950299979,0.0003,2260,-0.013348217122256756,0.9145820140838623,0.01,595.25,0.009362093801610172,0.007291203
933888,493,,,228,,1892,,-10.478988120000002,0.2,-0.0026474024532944897,0.3457861542701721,0.0493408203125,-0.7200121242552996,0.0003,2270,-0.004872329067438841,0.9607765674591064,0.01,595.25,0.0023498024707805597,0.008037828
937984,493,,,229,,1899,,-10.462816519999999,0.2,-0.0030723779345862567,0.34341076016426086,0.06552734375,-0.6988589283078909,0.0003,2280,-0.00599390733987093,0.9086717963218689,0.01,595.25,0.0066302413142693695,0.005581164
942080,494,,,230,,1907,,-10.48994025,0.2,-0.004994067276129499,0.3437306582927704,0.0716552734375,-0.6915744494646787,0.0003,2290,-0.013230974785983562,0.9548094868659973,0.01,595.25,0.005352209210104775,0.00722341
946176,494,,,231,,1914,,-10.563655359999998,0.2,-0.002877478933078237,0.3414992690086365,0.0710205078125,-0.6848770555108785,0.0003,2300,-0.007477422244846821,0.9556105136871338,0.01,595.25,0.009438204386970028,0.00659801
950272,494,,,232,,1922,,-10.80150926,0.2,-0.0024310021064593455,0.3421195149421692,0.0615234375,-0.6802995536476374,0.0003,2310,0.001150053576566279,0.9816768765449524,0.0,600.0,0.0035200559981603875,0.0063494034
954368,494,,,233,,1929,,-10.51358606,0.2,-0.004384841227147262,0.3418685793876648,0.0798828125,-0.6812265653163194,0.0003,2320,0.004271127283573151,0.9295795559883118,0.0,600.0,0.008368120512750465,0.007724649
958464,494,,,234,,1937,,-10.59390005,0.2,-0.0025613288205931896,0.34212151169776917,0.059912109375,-0.6830402027815581,0.0003,2330,0.00029567256569862366,0.9363178014755249,0.0,600.0,0.006046476118353894,0.0059528174
962560,494,,,235,,1945,,-10.96730737,0.2,-0.003850664866331499,0.3414619565010071,0.065869140625,-0.6822887059301138,0.0003,2340,-0.0006452715024352074,0.8813828229904175,0.0,600.0,0.018367364344885572,0.006211791
966656,495,,,236,,1952,,-10.679668080000004,0.2,-0.0022679672329104505,0.34172460436820984,0.0540771484375,-0.6816113624721766,0.0003,2350,0.007886533625423908,0.9677621722221375,0.0,600.0,0.004748571799427737,0.0061655208
970752,495,,,237,,1959,,-10.361773580000001,0.2,-0.004478066611045506,0.3415895700454712,0.10205078125,-0.6815149649977684,0.0003,2360,-0.0047783213667571545,0.9715876579284668,0.0,600.0,0.002078131133748684,0.0093543865
974848,495,,,238,,1967,,-10.053614130000001,0.2,-0.0034152879314206077,0.3421885073184967,0.0576904296875,-0.6814064227044583,0.0003,2370,-0.01168855745345354,0.9623204469680786,0.01,594.48,0.006507851721835323,0.004844737
978944,495,,,239,,1974,,-9.91305389,0.2,-0.0021494867069122847,0.33918336033821106,0.0857177734375,-0.6752744562923908,0.0003,2380,0.05377612262964249,0.5859560966491699,0.01,594.48,0.0977954226807924,0.010054457
983040,495,,,240,,1982,,-9.65724565,0.2,-0.005605510843452066,0.3386891186237335,0.0779296875,-0.6637362387031317,0.0003,2390,-0.0013976424233987927,0.9338684678077698,0.01,594.48,0.00638126090852893,0.007929796
987136,496,,,241,,1989,,-9.687138030000002,0.2,-0.0016893901527510024,0.3354826867580414,0.079296875,-0.6546684022992849,0.0003,2400,0.001548033906146884,0.9790990948677063,0.01,594.48,0.006453300565044629,0.0072148023
991232,496,,,242,,1996,,-9.963608519999998,0.2,-0.003007752056873869,0.33614015579223633,0.08359375,-0.6443501632660628,0.0003,2410,-0.016633164137601852,0.9706310629844666,0.01,594.48,0.0071894408109073995,0.0067647956
995328,496,,,243,,2003,,-9.862055110000002,0.2,-0.004421066510258242,0.33573117852211,0.0790283203125,-0.6468650862574578,0.0003,2420,-0.0012142469640821218,0.9006911516189575,0.01,594.48,0.008533137559425086,0.0064866645
999424,497,,,244,,2010,,-9.51172487,0.2,-0.0030565689798095264,0.3372690677642822,0.0658203125,-0.6482753057032824,0.0003,2430,-0.0027648829855024815,0.8893936276435852,0.02,589.43,0.0160535785369575,0.0049995803
1003520,493,0.001109989043346552,0.0,245,0.550984892323333,2031,26.36938181889689,-8.79740516,0.2,-0.0014052591941435821,0.33274948596954346,0.082568359375,-0.6374269649386406,0.0003,2440,0.0017020050436258316,0.8409392833709717,0.02,589.43,0.05276880780875217,0.0066156206
1007616,494,,,246,,2038,,-8.799124149999999,0.2,-0.006348826328030554,0.3356555104255676,0.103955078125,-0.6342804983258248,0.0003,2450,-0.009712477214634418,0.9252147674560547,0.02,589.43,0.019136361894197762,0.009387577
1011712,494,,,247,,2045,,-9.09997326,0.2,-0.003686492743145209,0.33886682987213135,0.0532470703125,-0.6539073016494512,0.0003,2460,-0.006411341018974781,0.8738623857498169,0.03,587.06,0.020601549577258994,0.0044288174
1015808,495,,,248,,2051,,-8.78731938,0.2,-0.0006244234231417067,0.33416610956192017,0.0771728515625,-0.6531523011624814,0.0003,2470,0.003079812042415142,0.754862904548645,0.03,587.06,0.09168489937001141,0.0064232172
1019904,495,,,249,,2057,,-8.28110921,0.2,-0.00247638712025946,0.33580875396728516,0.061865234375,-0.6415062967687846,0.0003,2480,1.8934020772576332e-05,0.9689610600471497,0.03,587.06,0.01221446291965549,0.008327151
1024000,496,,,250,,2064,,-7.798363869999998,0.2,-0.004846193760749884,0.3375488519668579,0.06103515625,-0.649951222166419,0.0003,2490,-0.0031858510337769985,0.8499347567558289,0.03,587.06,0.04270094627281651,0.0050107823
1028096,496,,,251,,2071,,-7.8150349,0.2,-0.004666366531455424,0.33649545907974243,0.055029296875,-0.6531724065542222,0.0003,2500,0.00481109693646431,0.9363800883293152,0.03,587.06,0.01144222291331971,0.005708193
1032192,496,,,252,,2077,,-8.112998670000001,0.2,-0.0037224638625048103,0.3401986062526703,0.0675048828125,-0.6591338075697422,0.0003,2510,-0.007167189382016659,0.9622271060943604,0.02,592.58,0.010036482800205703,0.0059259916
1036288,497,,,253,,2084,,-8.012626390000001,0.2,-0.007782695908099413,0.3427938222885132,0.0887451171875,-0.6774037752300501,0.0003,2520,-0.008087494410574436,0.9531635642051697,0.02,592.58,0.016089046768320257,0.00748253
1040384,497,,,254,,2090,,-8.1870729,0.2,-0.005299923912389204,0.3413691222667694,0.090478515625,-0.6816072165966034,0.0003,2530,-0.004296545870602131,0.9551498889923096,0.02,592.58,0.008022350308601744,0.0071906154
1044480,498,,,255,,2096,,-8.12502056,0.2,-0.005475100172043312,0.34186217188835144,0.082275390625,-0.6783571612089873,0.0003,2540,-0.010444576852023602,0.9561896324157715,0.02,592.58,0.007673851845174795,0.008234212
1048576,498,,,256,,2103,,-7.915543400000001,0.2,-0.0020543185593851375,0.3428500294685364,0.0494384765625,-0.6841802541166544,0.0003,2550,-0.005231140647083521,0.9646986126899719,0.02,592.58,0.004736212970601628,0.0045292005
1052672,498,,,257,,2109,,-8.522672919999998,0.2,-0.003323807362176012,0.3405875861644745,0.06171875,-0.6810207761824131,0.0003,2560,-0.0025249342434108257,0.9421862959861755,0.02,592.58,0.008316085152910092,0.0061121713
1056768,499,,,258,,2116,,-8.083332539999999,0.2,-0.0032189751174882984,0.33958619832992554,0.0822265625,-0.6705280780792237,0.0003,2570,-0.00529223820194602,0.9714847207069397,0.02,592.58,0.006687337842595298,0.0062169293
1060864,499,,,259,,2122,,-8.133920009999999,0.2,-0.003156401184969582,0.33963754773139954,0.066552734375,-0.6676536086946726,0.0003,2580,0.0004470091953407973,0.9865349531173706,0.02,592.41,0.0019509903610014589,0.0057287654
1064960,500,,,260,,2129,,-8.4359883,0.2,-0.0018522406047850382,0.3366227149963379,0.076513671875,-0.6618439439684153,0.0003,2590,0.04839596152305603,0.7792541980743408,0.03,591.1,0.08696147564915009,0.0070875837
1069056,500,,,261,,2136,,-8.387400280000001,0.2,-0.003999885803204961,0.3368092477321625,0.07734375,-0.6528975032269955,0.0003,2600,0.018120674416422844,0.8174094557762146,0.03,591.1,0.10505073599051684,0.009952553
1073152,500,,,262,,2143,,-8.57215704,0.2,-0.0054434658333775586,0.3334945738315582,0.0631591796875,-0.6446239992976188,0.0003,2610,0.011968377977609634,0.9243197441101074,0.02,593.47,0.025799503611051478,0.007948623
1077248,501,,,263,,2149,,-8.64272475,0.2,-0.0032726679288316517,0.33663320541381836,0.074609375,-0.6434135008603334,0.0003,2620,0.0021755918860435486,0.9240407943725586,0.02,593.47,0.016141109970340038,0.008123213
1081344,501,,,264,,2155,,-8.34487835,0.2,-0.0038366833090549336,0.3380569815635681,0.0733154296875,-0.6562771573662758,0.0003,2630,0.003394519677385688,0.9822410345077515,0.03,591.7,0.003660760139246122,0.0067101964
1085440,502,,,265,,2161,,-8.14353773,0.2,-0.002513441033079289,0.3372873365879059,0.06630859375,-0.6588456589728594,0.0003,2640,0.04420970380306244,0.8502086400985718,0.03,591.7,0.07375050312257372,0.0064178766
1089536,502,,,266,,2168,,-8.52054645,0.2,-0.005435019070864655,0.33265817165374756,0.0839111328125,-0.6412557486444712,0.0003,2650,0.00506212841719389,0.9740870594978333,0.03,591.7,0.0051389947228017265,0.007779102
1093632,502,,,267,,2174,,-8.44745775,0.2,-0.004532875711447559,0.3296804428100586,0.0994384765625,-0.6181463770568371,0.0003,2660,0.002279071370139718,0.936778724193573,0.03,591.7,0.008994735193118686,0.00878313
1097728,503,,,268,,2181,,-8.058878259999998,0.2,-0.005736299504496856,0.32619988918304443,0.06005859375,-0.5975292224436999,0.0003,2670,-0.009710087440907955,0.9323497414588928,0.03,591.7,0.01055006148526445,0.0052401116
1101824,500,0.0015495024749176715,0.0,269,0.532799790362052,2202,26.410744145026847,-8.112681290000001,0.2,-0.0035170082846889272,0.32692673802375793,0.0716064453125,-0.5887915913015604,0.0003,2680,0.012786921113729477,0.9543585181236267,0.04,588.71,0.008610245511226822,0.0058233626
1105920,500,,,270,,2209,,-8.011106269999999,0.2,-0.002865902966004796,0.32453790307044983,0.0948974609375,-0.5841442897915841,0.0003,2690,0.006424181163311005,0.8963208198547363,0.04,588.71,0.09042101140075828,0.008482406
1110016,500,,,271,,2216,,-7.316645040000001,0.2,-0.005647897839662619,0.32079190015792847,0.108203125,-0.5659798368811607,0.0003,2700,-0.005475091747939587,0.9705037474632263,0.04,588.71,0.004165690059016925,0.007686256
1114112,501,,,272,,2222,,-7.79813595,0.2,-0.0005309078573191073,0.3198310136795044,0.0626953125,-0.5510255299508572,0.0003,2710,-0.00155447400175035,0.9656251668930054,0.04,588.71,0.005765112317021703,0.006903935
1118208,501,,,273,,2228,,-8.006082300000001,0.2,-7.841245533199981e-05,0.3219614326953888,0.046435546875,-0.5563888169825078,0.0003,2720,0.007164533715695143,0.9411446452140808,0.05,585.64,0.006952035132417223,0.0050041773
1122304,502,,,274,,2233,,-7.699253199999999,0.2,-0.001987760437623365,0.32194072008132935,0.084716796875,-0.5629768025130033,0.0003,2730,0.007846003398299217,0.7102639675140381,0.04,587.73,0.0590422251727432,0.0071894093
1126400,502,,,275,,2240,,-7.6624479800000005,0.2,-0.002562559040961787,0.32063087821006775,0.0667236328125,-0.5578990329056979,0.0003,2740,0.0264582522213459,0.8783926367759705,0.04,587.73,0.036980545285041445,0.0050722347
1130496,503,,,276,,2246,,-7.130945339999999,0.2,-0.0043676839224644935,0.32460615038871765,0.0789306640625,-0.5662790838629007,0.0003,2750,-0.0013581961393356323,0.8903589248657227,0.05,583.28,0.04066495529259555,0.0069073588
1134592,503,,,277,,2252,,-7.44874917,0.2,-0.004740051533735823,0.3232431411743164,0.0697509765625,-0.5755684211850166,0.0003,2760,-0.0011705579236149788,0.8978200554847717,0.05,583.28,0.041145868167222946,0.00533885
1138688,504,,,278,,2257,,-7.450700530000001,0.2,-0.002608509693527594,0.3251078128814697,0.0801025390625,-0.5727075815200806,0.0003,2770,0.005566821899265051,0.9604199528694153,0.05,581.05,0.005300311476457864,0.0066502644
1142784,504,,,279,,2263,,-7.7491185,0.2,-0.005101649601419922,0.3244451880455017,0.0798583984375,-0.5783853184431791,0.0003,2780,0.00945640355348587,0.8407299518585205,0.05,581.05,0.1103687792958226,0.006993236
1146880,505,,,280,,2269,,-7.601965569999999,0.2,-0.00603367826261092,0.32166552543640137,0.0821533203125,-0.5661368615925312,0.0003,2790,-0.008519578725099564,0.9574297666549683,0.05,581.05,0.01156467978071305,0.009050522
1150976,506,,,281,,2274,,-7.449054030000001,0.2,-0.00426797199761495,0.32141852378845215,0.060791015625,-0.5554908327758312,0.0003,2800,-0.012024354189634323,0.9672001004219055,0.05,581.05,0.009846250087866793,0.006745115
1155072,506,,,282,,2280,,-7.526339479999999,0.2,-0.003317981713917106,0.3235580027103424,0.055322265625,-0.5642775792628527,0.0003,2810,0.0028238343074917793,0.9250277876853943,0.05,581.05,0.01748396380135091,0.005666621
1159168,507,,,283,,2286,,-7.7316444199999985,0.2,-0.0004896966827800497,0.3214471936225891,0.0660888671875,-0.5644823260605335,0.0003,2820,0.0012122115585952997,0.9758697152137756,0.04,584.04,0.006427709902709466,0.005000726
1163264,507,,,284,,2292,,-7.712531159999998,0.2,-0.001622473589668516,0.3219759464263916,0.075537109375,-0.5591458298265934,0.0003,2830,0.013566574081778526,0.9515172839164734,0.04,584.04,0.014844404299219604,0.0072509926
1167360,508,,,285,,2297,,-7.707187810000001,0.2,-0.002661486573924776,0.31964588165283203,0.08515625,-0.5517358418554068,0.0003,2840,0.002057313686236739,0.9906107187271118,0.04,584.04,0.0018312732408958254,0.006056792
1171456,508,,,286,,2303,,-7.158088339999999,0.2,-0.004455905786016956,0.3204055726528168,0.11220703125,-0.546603025868535,0.0003,2850,-0.0031447731889784336,0.9478931427001953,0.04,584.04,0.005402566436532652,0.009139225
1175552,508,,,287,,2309,,-7.241518869999998,0.2,-0.005076953656680416,0.3201921284198761,0.060400390625,-0.5499380223453045,0.0003,2860,-0.012253843247890472,0.9433025121688843,0.05,576.28,0.008503045682300581,0.005978035
1179648,509,,,288,,2315,,-7.955527179999999,0.2,-0.001679124296788359,0.31849706172943115,0.0705078125,-0.5445414833724499,0.0003,2870,0.0072668977081775665,0.7995321750640869,0.04,580.72,0.10254911984666251,0.006549014
1183744,509,,,289,,2321,,-7.576729610000002,0.2,-0.0008714620576938614,0.31925687193870544,0.0526123046875,-0.5397733308374881,0.0003,2880,0.005075766704976559,0.958809494972229,0.05,575.38,0.004554871554137208,0.0047997236
1187840,510,,,290,,2326,,-7.57391304,0.2,-0.0017462617237470114,0.3199757933616638,0.0679931640625,-0.5445288732647896,0.0003,2890,0.015686623752117157,0.8812405467033386,0.04,579.83,0.035981502723007,0.009034466
1191936,510,,,291,,2332,,-7.642934589999999,0.2,-0.00572316515899729,0.31868165731430054,0.0664794921875,-0.5389688845723868,0.0003,2900,0.0043732235208153725,0.9523468613624573,0.04,579.83,0.009530314725998324,0.0064811124
1196032,511,,,292,,2338,,-7.725318910000001,0.2,-0.003239695019146893,0.31854432821273804,0.068994140625,-0.5344832476228476,0.0003,2910,0.008053041063249111,0.9680796265602112,0.03,583.83,0.004728691080890713,0.005208286
1200128,508,0.00243393715911514,0.0,293,0.5691390957572772,2357,26.507875845143936,-7.57757638,0.2,-0.0039751989650540056,0.3170906901359558,0.0590087890625,-0.5340298272669315,0.0003,2920,0.009424236603081226,0.9271135330200195,0.03,583.83,0.00744028903573053,0.0056261537
1204224,509,,,294,,2363,,-7.56011243,0.2,-0.000647748145274818,0.3191702365875244,0.06328125,-0.5283973779529333,0.0003,2930,0.003924436867237091,0.9758341312408447,0.03,583.83,0.002120898966313689,0.006638806
1208320,509,,,295,,2369,,-7.579460340000001,0.2,-0.0036452048167120664,0.319277822971344,0.0702880859375,-0.5344889830797911,0.0003,2940,-0.003641341580078006,0.9829965233802795,0.03,583.83,0.0016806329285827815,0.007012577
1212416,510,,,296,,2375,,-7.58728895,0.2,-0.0006587361829588189,0.3178389072418213,0.051611328125,-0.5294291924685239,0.0003,2950,-0.006871592253446579,0.9516527652740479,0.03,583.83,0.0032143880860530773,0.0067706523
1216512,510,,,297,,2381,,-7.636630299999999,0.2,-0.0054582262484473175,0.3173993229866028,0.0793701171875,-0.5250448539853096,0.0003,2960,-0.014949027448892593,0.9741457104682922,0.03,583.83,0.004790141189732822,0.007221919
1220608,511,,,298,,2387,,-7.70968296,0.2,-0.003548368843621574,0.31674590706825256,0.070361328125,-0.523899944126606,0.0003,2970,-0.005923212505877018,0.9557598829269409,0.04,579.12,0.007641434855759144,0.007857939
1224704,511,,,299,,2393,,-8.456131070000003,0.2,-0.003219814653857611,0.3126128017902374,0.074755859375,-0.508298596739769,0.0003,2980,0.009553839452564716,0.7062995433807373,0.04,579.12,0.07426975647103973,0.007019613
1228800,511,,,300,,2400,,-8.79474993,0.2,-0.003982476811506786,0.31136175990104675,0.0701171875,-0.492999348975718,0.0003,2990,0.00033471197821199894,0.9287367463111877,0.04,579.12,0.009519873313547578,0.0063801347
1232896,512,,,301,,2406,,-8.76952967,0.2,-0.007020665278832894,0.30795395374298096,0.0890625,-0.4784903280436993,0.0003,3000,-0.02047971449792385,0.9558285474777222,0.03,584.78,0.009362843791313935,0.007975206
1236992,512,,,302,,2412,,-8.468204340000002,0.2,-0.0037704270376707426,0.3112747371196747,0.08095703125,-0.4759426420554519,0.0003,3010,0.005675101652741432,0.9545100331306458,0.02,589.95,0.007689677910821047,0.0075442214
1241088,513,,,303,,2417,,-8.326228949999999,0.2,-0.0034043402105453425,0.31148290634155273,0.066943359375,-0.4888463169336319,0.0003,3020,-0.008760925382375717,0.9723865389823914,0.02,589.95,0.008155890186026226,0.005429292
1245184,513,,,304,,2423,,-8.696675779999998,0.2,-0.004245029254525435,0.3093051612377167,0.0787109375,-0.47994910217821596,0.0003,3030,-0.016312647610902786,0.9736140966415405,0.01,595.29,0.010117909189284546,0.0056838887
1249280,514,,,305,,2429,,-8.52851588,0.2,-0.002487974628456868,0.3081451654434204,0.064111328125,-0.4709553984925151,0.0003,3040,-0.0030664533842355013,0.9868808388710022,0.02,594.19,0.003492496123362798,0.006436908
1253376,514,,,306,,2435,,-8.81088741,0.2,-0.0035177643090719356,0.3057028651237488,0.083056640625,-0.45722650103271006,0.0003,3050,0.013102257624268532,0.8688660860061646,0.02,594.19,0.049830146541353315,0.0076781176
1257472,515,,,307,,2441,,-9.05003114,0.2,-0.0045488843694329265,0.30495697259902954,0.071875,-0.4471785895526409,0.0003,3060,0.009183302521705627,0.9246061444282532,0.02,594.19,0.021272790699731557,0.005748234
1261568,515,,,308,,2447,,-9.218489869999999,0.2,-0.0038953778544964734,0.3044191598892212,0.0837158203125,-0.443857566639781,0.0003,3070,-0.015316897071897984,0.9494143724441528,0.03,590.66,0.008169511381129268,0.006770495
1265664,515,,,309,,2453,,-9.39374649,0.2,-0.004992805120127741,0.30129557847976685,0.0727783203125,-0.43397891484200957,0.0003,3080,0.02267289161682129,0.7478595972061157,0.03,590.66,0.06244783423317131,0.006253888
1269760,516,,,310,,2459,,-9.294547530000001,0.2,0.000247687134105945,0.3017045259475708,0.0666259765625,-0.42507307063788174,0.0003,3090,0.009370864368975163,0.9562088847160339,0.03,590.66,0.007396613553282805,0.0058318763
1273856,516,,,311,,2465,,-9.69707002,0.2,-0.004037733215955086,0.29890012741088867,0.0703857421875,-0.41632728166878225,0.0003,3100,-0.007954424247145653,0.9493874907493591,0.03,590.66,0.013253404849092477,0.0063593844
1277952,516,,,312,,2471,,-9.09045982,0.2,-0.006050317322660703,0.29680970311164856,0.09111328125,-0.4023240087553859,0.0003,3110,0.0009213574230670929,0.9142299890518188,0.04,586.15,0.030504230633960107,0.007755489
1282048,517,,,313,,2478,,-9.30489987,0.2,-0.0035824306527501904,0.2968218922615051,0.09609375,-0.39204891845583917,0.0003,3120,0.053908541798591614,0.7639119625091553,0.03,590.86,0.1573573359986767,0.0080183195
1286144,517,,,314,,2485,,-9.038725359999999,0.2,-0.0025821144590736367,0.29578888416290283,0.0614990234375,-0.3896724671125412,0.0003,3130,-0.00632129143923521,0.9658116698265076,0.04,586.18,0.0077746313880197706,0.0058297347
1290240,517,,,315,,2491,,-8.852770749999998,0.2,-0.0032585028697212693,0.29737359285354614,0.084716796875,-0.3923854328691959,0.0003,3140,0.016203705221414566,0.8618379831314087,0.04,586.18,0.04698376644300879,0.006558536
1294336,518,,,316,,2498,,-8.957020800000002,0.2,-0.003929864686506334,0.29424944519996643,0.07900390625,-0.3857236824929714,0.0003,3150,-0.0007271259091794491,0.9668113589286804,0.04,586.18,0.00807729350781301,0.004951736
1298432,518,,,317,,2504,,-8.9777116,0.2,0.000324803057446843,0.29526618123054504,0.06943359375,-0.3784358002245426,0.0003,3160,0.01773856207728386,0.9136929512023926,0.04,586.18,0.00988617251823598,0.0068282676
1302528,515,0.25426404027347915,0.0,318,3.2442787237065853,2527,24.352077414330616,-8.81746529,0.2,-0.003661635684693465,0.29816123843193054,0.0736572265625,-0.3914123082533479,0.0003,3170,-0.006791546009480953,0.9662021994590759,0.04,586.18,0.005305672625399893,0.008030903
1306624,515,,,319,,2534,,-9.49375838,0.2,-0.0013441061790217645,0.2967197895050049,0.0765869140625,-0.39466391447931526,0.0003,3180,0.01132952980697155,0.9812868237495422,0.04,585.66,0.0057356513832928615,0.0071019446
1310720,515,,,320,,2541,,-9.14596609,0.2,-0.0014670374643174,0.29480522871017456,0.078173828125,-0.3827400304377079,0.0003,3190,-5.269097164273262e-05,0.9529373645782471,0.05,580.78,0.020531137235957432,0.005574854
1314816,515,,,321,,2548,,-9.05539169,0.2,-0.004284115283371648,0.2899966835975647,0.091455078125,-0.35951845347881317,0.0003,3200,0.009226590394973755,0.7475782036781311,0.05,580.78,0.0671224503807025,0.0067171417
1318912,516,,,322,,2554,,-9.40521958,0.2,-0.002059052829281427,0.29050683975219727,0.095947265625,-0.34493260383605956,0.0003,3210,-0.012942634522914886,0.9466022253036499,0.04,584.31,0.01471504997316515,0.007445205
1323008,516,,,323,,2561,,-9.26763512,0.2,-0.003629199307761155,0.2908528745174408,0.0790283203125,-0.3499208427965641,0.0003,3220,-0.016252359375357628,0.8566707968711853,0.04,584.31,0.011674358996970113,0.006453111
1327104,516,,,324,,2568,,-9.312854190000001,0.2,-7.10781430825591e-05,0.29105812311172485,0.056103515625,-0.34817361980676653,0.0003,3230,0.008748028427362442,0.8152556419372559,0.04,584.31,0.014133428040076978,0.008348541
1331200,517,,,325,,2574,,-9.28851937,0.2,-0.005035387333191465,0.2887018024921417,0.1092529296875,-0.34340736642479897,0.0003,3240,-0.002977089025080204,0.9449974894523621,0.04,584.31,0.011170101960306055,0.008228175
1335296,517,,,326,,2580,,-8.839880569999998,0.2,-0.0004917607926472556,0.2898206412792206,0.0559814453125,-0.33912663385272024,0.0003,3250,0.010997085832059383,0.9579309821128845,0.04,584.31,0.008762479407596401,0.004254761
1339392,517,,,327,,2587,,-8.68271896,0.2,-0.00233221009693807,0.2902705669403076,0.0638427734375,-0.34655569270253184,0.0003,3260,0.008411758579313755,0.9580551981925964,0.03,588.82,0.008419682673411444,0.008759243
1343488,518,,,328,,2593,,-8.81099992,0.2,-0.000841722211043816,0.29206371307373047,0.071630859375,-0.35377476289868354,0.0003,3270,-0.004595318343490362,0.948965311050415,0.02,593.5,0.009357137408005655,0.0062419497
1347584,518,,,329,,2600,,-8.92892062,0.2,-0.0006011020857840776,0.29286623001098633,0.069140625,-0.35999391973018646,0.0003,3280,-0.009013689123094082,0.9301899075508118,0.02,593.5,0.01594038257826469,0.006110746
1351680,518,,,330,,2606,,-9.232571629999999,0.2,-0.001941185921896249,0.29110032320022583,0.0872314453125,-0.35696378648281096,0.0003,3290,-0.0002544485032558441,0.9679252505302429,0.02,593.5,0.0071689459349727255,0.008629141
1355776,518,,,331,,2613,,-9.26578733,0.2,-0.0021286385788698682,0.2934509515762329,0.0813720703125,-0.35588452965021133,0.0003,3300,-0.001195463933981955,0.9436938166618347,0.02,593.5,0.011239749426022173,0.0068648043
1359872,519,,,332,,2619,,-9.22075753,0.2,-0.003957992569485214,0.2952670753002167,0.0831298828125,-0.3712898291647434,0.0003,3310,0.0032212850637733936,0.9868213534355164,0.02,593.5,0.0027314614924762283,0.007254826
1363968,519,,,333,,2626,,-9.02868285,0.2,-0.0023720705634332263,0.2952556014060974,0.105029296875,-0.3781559161841869,0.0003,3320,-0.0014227019855752587,0.9858630895614624,0.01,595.12,0.0022125630421214737,0.0070408415
1368064,519,,,334,,2634,,-9.10110763,0.2,-0.002967160430853255,0.2958059012889862,0.0656982421875,-0.37651355043053625,0.0003,3330,0.006681875325739384,0.965812623500824,0.0,600.0,0.0036185259858029896,0.0058651106
1372160,519,,,335,,2641,,-9.103540919999999,0.2,-4.319555591791868e-06,0.29545271396636963,0.06494140625,-0.3767171636223793,0.0003,3340,-0.011432114988565445,0.9771959185600281,0.0,600.0,0.0018759428221528651,0.006779232
1376256,519,,,336,,2647,,-8.600354090000002,0.2,-0.0037265968552674168,0.2962854206562042,0.1005615234375,-0.37815641835331915,0.0003,3350,-0.0074748145416378975,0.983857274055481,0.01,594.83,0.0018433715362334625,0.007815111
1380352,520,,,337,,2653,,-8.36237005,0.2,-0.0001429628078767564,0.2945660948753357,0.08037109375,-0.3760256119072437,0.0003,3360,0.0058437068946659565,0.8607925176620483,0.01,594.83,0.03818801035522483,0.0066304808
1384448,520,,,338,,2660,,-8.396771980000002,0.2,-0.004996754653984681,0.2939802408218384,0.116748046875,-0.3637846313416958,0.0003,3370,0.0018653583247214556,0.9663507342338562,0.01,594.83,0.004004137487208936,0.010363091
1388544,520,,,339,,2666,,-8.5945251,0.2,-0.0010157649841858075,0.2944501042366028,0.0616455078125,-0.3617278464138508,0.0003,3380,0.0007439499604515731,0.9302945733070374,0.01,594.83,0.0046674704713950636,0.0064045833
1392640,521,,,340,,2672,,-8.594371440000002,0.2,-0.0014267009915784,0.2975864112377167,0.0853271484375,-0.37478757128119466,0.0003,3390,0.0025298281107097864,0.9531644582748413,0.03,583.97,0.0028360902491840535,0.0063824328
1396736,521,,,341,,2678,,-9.03221098,0.2,-0.005421157769160345,0.2926532030105591,0.102197265625,-0.3716180339455605,0.0003,3400,0.001354842446744442,0.8881281614303589,0.03,583.97,0.039628054553759284,0.00770188
1400832,518,0.0009968532263649845,0.0,342,0.9123052487727945,2699,26.479257586346524,-8.735481570000001,0.2,-0.003394930117065087,0.29422593116760254,0.0819580078125,-0.3600588783621788,0.0003,3410,0.024058058857917786,0.942855954170227,0.04,580.6,0.016277285147225484,0.008229613
1404928,519,,,343,,2705,,-8.523790649999999,0.2,-0.003236462592758471,0.29450467228889465,0.060498046875,-0.3659221716225147,0.0003,3420,0.017907945439219475,0.9591858983039856,0.05,575.74,0.045266178759629835,0.005068715
1409024,519,,,344,,2711,,-8.554172770000001,0.2,-0.004648513513529906,0.2922564446926117,0.0851318359375,-0.3602381654083729,0.0003,3430,0.01145421527326107,0.8352927565574646,0.05,575.74,0.04502564053691458,0.0077253124
1413120,519,,,345,,2717,,-8.30939987,0.2,0.0006091499060858041,0.29533565044403076,0.10126953125,-0.3609640344977379,0.0003,3440,-0.002192700980231166,0.9883442521095276,0.05,575.74,0.001892369977213093,0.01005333
1417216,520,,,346,,2723,,-8.271827750000002,0.2,-0.001991212653229013,0.2935916781425476,0.0937744140625,-0.363029870390892,0.0003,3450,0.00044659338891506195,0.9680894017219543,0.05,575.74,0.0053626208777131975,0.009087017
1421312,520,,,347,,2729,,-8.27379341,0.2,-0.0015814497644896619,0.2964850962162018,0.067578125,-0.36153675988316536,0.0003,3460,-0.0054761734791100025,0.9761860966682434,0.05,575.74,0.003965989640710177,0.006078465
1425408,520,,,348,,2736,,-7.851219670000001,0.2,-0.005616761634883005,0.2955496311187744,0.1063232421875,-0.371428606659174,0.0003,3470,-0.010627392679452896,0.9632368087768555,0.05,575.74,0.0065290526312310245,0.009041373
1429504,521,,,349,,2742,,-7.99754333,0.2,-0.0019862717919750137,0.29516834020614624,0.0565673828125,-0.36968727633357046,0.0003,3480,0.023899804800748825,0.8357905149459839,0.06,571.75,0.0369623254344333,0.0062053744
1433600,521,,,350,,2749,,-7.85822222,0.2,-0.0016706653841538355,0.2929691672325134,0.1116943359375,-0.36011517941951754,0.0003,3490,0.09135459363460541,0.8630461692810059,0.06,571.36,0.16094259250094184,0.009932677
1437696,521,,,351,,2755,,-7.551443589999999,0.2,-0.004145016743859742,0.29314279556274414,0.10185546875,-0.3506043262779713,0.0003,3500,0.017702637240290642,0.8696434497833252,0.07,567.01,0.0723138150468003,0.008681152
1441792,522,,,352,,2761,,-7.320994609999999,0.2,-0.002389363497059094,0.293316125869751,0.0965087890625,-0.35434304401278494,0.0003,3510,0.013922076672315598,0.8703524470329285,0.07,567.01,0.015162856226379518,0.00609589
1445888,522,,,353,,2768,,-6.94436822,0.2,-0.002790921527775936,0.2967482805252075,0.067138671875,-0.36770871132612226,0.0003,3520,0.01465807668864727,0.9432344436645508,0.07,567.01,0.012308055450557732,0.008489348
1449984,522,,,354,,2774,,-7.07151787,0.2,-0.0038930781156523153,0.29657983779907227,0.0737060546875,-0.3776903048157692,0.0003,3530,0.005656391382217407,0.9267678260803223,0.05,577.87,0.01858379130717367,0.007421341
1454080,522,,,355,,2780,,-6.720414020000001,0.2,-0.003999663231661543,0.29492682218551636,0.1063232421875,-0.3714027188718319,0.0003,3540,-0.003979638684540987,0.9341905117034912,0.05,577.87,0.007721983459123294,0.008981655
1458176,523,,,356,,2786,,-7.06165388,0.2,-0.005624717331374996,0.2947190999984741,0.0757568359375,-0.36175247579813,0.0003,3550,0.003892910201102495,0.9124112725257874,0.04,581.24,0.0426749499863945,0.004508321
1462272,523,,,357,,2793,,-7.3915997299999985,0.2,-0.004425803732010536,0.29252320528030396,0.0729248046875,-0.35381440743803977,0.0003,3560,0.021576805040240288,0.9315099120140076,0.04,581.24,0.03346566142572556,0.008330283
1466368,523,,,358,,2799,,-7.523687310000001,0.2,-0.002595787582686171,0.29078906774520874,0.08310546875,-0.3429509811103344,0.0003,3570,0.009882754646241665,0.949265718460083,0.03,586.1,0.012996649389970116,0.0065330965
1470464,524,,,359,,2805,,-7.30064931,0.2,-0.0052906704600900415,0.29082924127578735,0.113623046875,-0.33695090040564535,0.0003,3580,-0.009218886494636536,0.9682345986366272,0.03,586.1,0.006691691845480819,0.011590144
1474560,524,,,360,,2811,,-7.593689970000001,0.2,-0.004867184218164766,0.2918406128883362,0.1154296875,-0.342231473326683,0.0003,3590,-0.002943401923403144,0.9104041457176208,0.03,586.1,0.015792419790523128,0.0089456225
1478656,524,,,361,,2817,,-7.7312774,0.2,-0.007918195391539484,0.29109635949134827,0.099853515625,-0.34512545466423034,0.0003,3600,-0.017886493355035782,0.9299349784851074,0.04,581.2,0.014603991837066132,0.009784513
1482752,525,,,362,,2823,,-8.04752337,0.2,-0.0014784266124479473,0.28830522298812866,0.07041015625,-0.3347907654941082,0.0003,3610,0.003313074354082346,0.6979658603668213,0.04,581.2,0.11476738837081939,0.005473417
1486848,525,,,363,,2829,,-8.21872224,0.2,-0.00626507458218839,0.2895410656929016,0.0886962890625,-0.32855632081627845,0.0003,3620,0.008764725178480148,0.9301090240478516,0.04,581.2,0.010883423987252172,0.006682621
1490944,525,,,364,,2836,,-8.05738361,0.2,-0.003849932469893247,0.2871776521205902,0.063134765625,-0.3274275653064251,0.0003,3630,0.004515485372394323,0.9398329854011536,0.05,575.14,0.010174440062837676,0.0061776135
1495040,526,,,365,,2842,,-8.79316597,0.2,-0.0017130690601334208,0.28489452600479126,0.1086669921875,-0.31178881600499153,0.0003,3640,0.11859802156686783,0.6409615278244019,0.03,585.05,0.17712197240907698,0.009567216
1499136,526,,,366,,2848,,-9.167374989999999,0.2,-0.0037779793492518365,0.2858349680900574,0.0979736328125,-0.3089991047978401,0.0003,3650,0.008268214762210846,0.9346792101860046,0.03,585.05,0.026046355624566787,0.0074328957
1503232,524,0.001032609507520439,0.0,367,0.06120519589829099,2868,25.942309571629103,-9.07258657,0.2,-0.006984522160200868,0.2870873212814331,0.1070068359375,-0.3171665035188198,0.0003,3660,-0.0027103384491056204,0.9686815738677979,0.04,579.36,0.010343819209083449,0.010291232
1507328,524,,,368,,2874,,-9.6011553,0.2,-0.0021913698859862053,0.2873033881187439,0.068994140625,-0.32321641594171524,0.0003,3670,0.08751095086336136,0.748123288154602,0.04,579.36,0.14496265186171514,0.0073613394
1511424,524,,,369,,2880,,-9.94090218,0.2,-0.004000140145944897,0.28757843375205994,0.0826904296875,-0.3260344184935093,0.0003,3680,-0.001805406529456377,0.897878110408783,0.04,579.36,0.040163346164627,0.0061508166
1515520,524,,,370,,2887,,-9.809538400000001,0.2,-0.00524174863967346,0.29129329323768616,0.0876953125,-0.3394014842808247,0.0003,3690,-0.008778048679232597,0.9400253891944885,0.04,579.36,0.0192859917122405,0.008692924
1519616,525,,,371,,2893,,-9.83173418,0.2,-0.0028956047179235613,0.2894074618816376,0.066552734375,-0.3483372263610363,0.0003,3700,-0.0009032934904098511,0.9422298073768616,0.04,579.36,0.009605373162048635,0.005600602
1523712,525,,,372,,2899,,-9.81997126,0.2,-0.004413947786088101,0.2903546094894409,0.0862548828125,-0.34322389960289,0.0003,3710,0.00855429656803608,0.9310632944107056,0.04,579.36,0.010730613319174154,0.0077877888
1527808,525,,,373,,2905,,-10.126933469999997,0.2,-0.005525708392087836,0.29205018281936646,0.09853515625,-0.3538177415728569,0.0003,3720,0.003479813924059272,0.9436602592468262,0.04,579.36,0.00980670638382435,0.0076881824
1531904,526,,,374,,2911,,-10.081940099999999,0.2,-0.00424370064138202,0.2907932996749878,0.0998779296875,-0.35682206228375435,0.0003,3730,-0.000374677125364542,0.9425853490829468,0.04,579.36,0.006984865912090754,0.007601971
1536000,526,,,375,,2917,,-9.745976480000001,0.2,-0.003969188877090346,0.2925131916999817,0.1064453125,-0.3579239211976528,0.0003,3740,-0.005160212516784668,0.971383810043335,0.05,577.23,0.004828298676147824,0.00818825
1540096,526,,,376,,2923,,-9.739702569999999,0.2,-0.0019142371020279825,0.2885027527809143,0.103662109375,-0.3505205258727074,0.0003,3750,0.046826526522636414,0.6315348148345947,0.04,582.13,0.0839653382776305,0.0072377394
1544192,527,,,377,,2930,,-9.636398320000001,0.2,-0.006556532066315413,0.28892090916633606,0.091748046875,-0.3378589451313019,0.0003,3760,0.0004502609372138977,0.8618428111076355,0.04,582.13,0.022916727095434908,0.0090168305
1548288,527,,,378,,2936,,-9.639415130000001,0.2,-0.0015241360306390561,0.2934723496437073,0.1061279296875,-0.35599156394600867,0.0003,3770,-0.001466868445277214,0.9254208207130432,0.02,592.18,0.011580901427805657,0.0068176673
1552384,527,,,379,,2942,,-9.52933565,0.2,-0.0042417038843268525,0.29501640796661377,0.0832763671875,-0.37489052265882494,0.0003,3780,-0.003607869613915682,0.9409655928611755,0.02,592.18,0.006665055530902464,0.0067352885
1556480,527,,,380,,2948,,-9.057716710000001,0.2,-0.003790150828717742,0.2986084520816803,0.0809326171875,-0.3927833490073681,0.0003,3790,-0.004621200263500214,0.9484654664993286,0.02,592.18,0.006193017242912902,0.008161716
1560576,528,,,381,,2954,,-9.16035354,0.2,-0.0046883008544682525,0.29782721400260925,0.096044921875,-0.404401427321136,0.0003,3800,0.015769192948937416,0.9595590829849243,0.01,597.87,0.006083555621444248,0.008189194
1564672,528,,,382,,2960,,-8.65108166,0.2,-0.005818272793840151,0.30120649933815,0.07724609375,-0.4095768705010414,0.0003,3810,-0.0029180115088820457,0.9549029469490051,0.01,597.87,0.0087497876425914,0.006573122
1568768,528,,,383,,2967,,-8.24900763,0.2,-0.0023074981043464506,0.3003230094909668,0.0885498046875,-0.41880981139838697,0.0003,3820,-0.00539503013715148,0.9797787070274353,0.01,597.87,0.0025900991353410064,0.0066361222
1572864,528,,,384,,2974,,-8.19253174,0.2,-0.00626086704141926,0.29907727241516113,0.076708984375,-0.41360687725245954,0.0003,3830,-0.008867082186043262,0.9741552472114563,0.01,597.87,0.005025820343144005,0.008078051
1576960,529,,,385,,2980,,-7.579828450000001,0.2,-0.0020893792068818586,0.3016095757484436,0.07392578125,-0.4165271384641528,0.0003,3840,0.0015136613510549068,0.9939109683036804,0.01,597.87,0.0008273671408460359,0.006670867
1581056,529,,,386,,2987,,-7.28146782,0.2,-0.003147166970302351,0.3020206093788147,0.0962646484375,-0.42870137728750707,0.0003,3850,-0.0055093467235565186,0.9778733849525452,0.02,592.09,0.0013566699997682008,0.006600338
1585152,529,,,387,,2993,,-6.945084980000001,0.2,-0.0020980121873435563,0.2981926202774048,0.078369140625,-0.41557975616306064,0.0003,3860,0.011781820096075535,0.7127699851989746,0.02,592.09,0.05645424997273949,0.008699342
1589248,529,,,388,,3000,,-6.549072279999999,0.2,-0.003216462570708245,0.2952282130718231,0.07998046875,-0.3939480148255825,0.0003,3870,0.018468061462044716,0.909453809261322,0.02,592.09,0.01915559303452028,0.006588939
1593344,529,,,389,,3007,,-6.35166306,0.2,-0.0019773337633523626,0.29542285203933716,0.08134765625,-0.38300477117300036,0.0003,3880,0.00040807249024510384,0.8753113150596619,0.02,592.09,0.021280638719326818,0.0072891456
1597440,529,,,390,,3014,,-6.31273194,0.2,-0.006218382694351021,0.29604607820510864,0.07265625,-0.38698222264647486,0.0003,3890,-0.017071429640054703,0.9724442362785339,0.01,594.22,0.004416996350119007,0.0062211566
1601536,527,0.00011318414707327024,0.0,391,0.07273616652932918,3034,25.981454863210153,-6.3620440799999995,0.2,-0.004783828098152298,0.2962934374809265,0.0781982421875,-0.39075897336006166,0.0003,3900,0.0047533889301121235,0.979467511177063,0.01,594.22,0.00466685554565629,0.00562357
1605632,527,,,392,,3041,,-6.064678899999999,0.2,-0.006031284398341085,0.29435086250305176,0.1279541015625,-0.3858416177332401,0.0003,3910,-0.005721715744584799,0.963785707950592,0.01,594.22,0.0052234517417673485,0.008582095
1609728,528,,,393,,3047,,-6.465330250000001,0.2,-0.003796652521123178,0.296384334564209,0.0721435546875,-0.38376322761178017,0.0003,3920,-0.009051269851624966,0.8790013790130615,0.01,594.22,0.012574710133776534,0.0063147247
1613824,528,,,394,,3054,,-6.8680094700000005,0.2,-0.0035862392862327395,0.29555821418762207,0.09208984375,-0.3906906880438328,0.0003,3930,0.009910175576806068,0.9103608727455139,0.01,594.22,0.0120446152810473,0.00608776
1617920,528,,,395,,3060,,-6.89787883,0.2,-0.0052440096653299404,0.29837566614151,0.0813232421875,-0.39612879920750854,0.0003,3940,-0.011402882635593414,0.950372576713562,0.01,594.22,0.003329189536816557,0.007903043
1622016,528,,,396,,3067,,-6.886465070000001,0.2,-0.005790109272493282,0.2988681197166443,0.1137939453125,-0.4057315682992339,0.0003,3950,0.005505286157131195,0.9752017259597778,0.01,594.22,0.006246781599475071,0.009642849
1626112,528,,,397,,3074,,-7.21829289,0.2,-0.00391069938777946,0.2970046401023865,0.1028564453125,-0.40048079900443556,0.0003,3960,-0.014102904126048088,0.9678971171379089,0.01,594.22,0.0036303425335063367,0.0110599585
1630208,529,,,398,,3081,,-7.31075056,0.2,-0.0033532233341247776,0.29628151655197144,0.0681884765625,-0.3932926498353481,0.0003,3970,0.001230207271873951,0.9737712144851685,0.01,594.22,0.003018450269519235,0.006855456
1634304,529,,,399,,3088,,-7.417492639999999,0.2,-0.002935335799702443,0.297158420085907,0.071044921875,-0.39355135560035703,0.0003,3980,-0.011499720625579357,0.9049577116966248,0.01,594.22,0.004584805089325528,0.00601917
1638400,529,,,400,,3094,,-7.66705024,0.2,3.439457432250492e-05,0.299723356962204,0.091845703125,-0.4044240927323699,0.0003,3990,-0.006294154562056065,0.9198429584503174,0.01,594.22,0.0058197498437948525,0.005136455
1642496,529,,,401,,3100,,-7.946700249999999,0.2,-0.0049756520966184326,0.29993101954460144,0.1020751953125,-0.41516968328505754,0.0003,4000,-0.01114573236554861,0.9669228792190552,0.0,600.0,0.0027655727724777536,0.008859029
1646592,529,,,402,,3107,,-8.09023438,0.2,-0.003015154074819293,0.2997244894504547,0.068017578125,-0.41294794976711274,0.0003,4010,0.0022072892170399427,0.9410338401794434,0.0,600.0,0.006053476467786823,0.0061190445
1650688,530,,,403,,3114,,-8.17520855,0.2,-0.0031536388181848452,0.303459107875824,0.069482421875,-0.42386807780712843,0.0003,4020,-0.002554046455770731,0.9722092151641846,0.0,600.0,0.003008976648925454,0.0060294215
1654784,530,,,404,,3120,,-8.09335328,0.2,-0.0008586430209106766,0.30386871099472046,0.069775390625,-0.4354582991451025,0.0003,4030,0.005678294226527214,0.9750174880027771,0.0,600.0,0.001739192170498427,0.007145177
1658880,530,,,405,,3127,,-8.06416128,0.2,-0.0003692878322908655,0.30400964617729187,0.0675048828125,-0.4375185891985893,0.0003,4040,0.011959487572312355,0.9464069604873657,0.0,600.0,0.0024118826710036955,0.007920666
1662976,530,,,406,,3133,,-8.55244557,0.2,0.0023921072970551904,0.3068239688873291,0.0438720703125,-0.44487287774682044,0.0003,4050,0.0025766403414309025,0.7564520239830017,0.0,600.0,0.005361771913158009,0.007771197
1667072,530,,,407,,3140,,-8.2228856,0.2,-0.005607165495166555,0.3070220947265625,0.071875,-0.45251787211745975,0.0003,4060,0.01308551337569952,0.9408437609672546,0.01,597.76,0.005955207026272546,0.008763531
1671168,531,,,408,,3146,,-7.81158675,0.2,-0.0012726666216622106,0.3101630210876465,0.08876953125,-0.46112978328019383,0.0003,4070,0.011620068922638893,0.7028050422668457,0.01,597.76,0.04077504051092547,0.0063829357
1675264,531,,,409,,3152,,-7.7299136299999995,0.2,-0.0011862370040034876,0.3094382882118225,0.0696533203125,-0.471734070405364,0.0003,4080,-0.002022617729380727,0.9382146000862122,0.01,597.76,0.0062321111901837865,0.0052111614
1679360,531,,,410,,3159,,-8.10015813,0.2,-0.005219836655305699,0.31073546409606934,0.0796142578125,-0.4708622608333826,0.0003,4090,-0.004933925811201334,0.9679387807846069,0.01,597.76,0.01336380593420472,0.0071714325
1683456,531,,,411,,3165,,-8.234843119999999,0.2,-0.0034086208812368567,0.3063576817512512,0.058642578125,-0.4615296581760049,0.0003,4100,0.0017278734594583511,0.9811802506446838,0.01,597.76,0.0052790837686188755,0.0048081363
1687552,531,,,412,,3172,,-7.887083159999999,0.2,-0.004537401348352432,0.30916884541511536,0.0701171875,-0.4567733587697148,0.0003,4110,0.0028271498158574104,0.9576547741889954,0.01,597.76,0.012472219711344223,0.0061974074
1691648,532,,,413,,3178,,-7.933678910000001,0.2,-0.003666533749492373,0.30621811747550964,0.08037109375,-0.46018774565309284,0.0003,4120,-0.005668489262461662,0.9784867167472839,0.01,597.76,0.0055736015332513485,0.0072500333
1695744,532,,,414,,3185,,-7.850839269999999,0.2,-0.0038142774501466192,0.3075891435146332,0.0753662109375,-0.45627550669014455,0.0003,4130,-0.009977871552109718,0.9498623609542847,0.01,597.76,0.002958067560393829,0.0073719174
1699840,532,,,415,,3192,,-7.941513250000001,0.2,-0.0036146946193184705,0.30489397048950195,0.069091796875,-0.45251280032098296,0.0003,4140,0.007592694368213415,0.9822220802307129,0.01,597.76,0.005120286731107626,0.005567699
1703936,530,0.0010326090031180157,0.0,416,0.0030108215480774856,3214,25.974940154827877,-7.83812521,0.2,-0.002951688635221217,0.30401742458343506,0.0815185546875,-0.4418176418170333,0.0003,4150,0.004660423379391432,0.9823112487792969,0.02,592.66,0.00486622337193694,0.009123007
1708032,530,,,417,,3220,,-7.53403726,0.2,-0.002336578119138721,0.30331069231033325,0.0630615234375,-0.4371024377644062,0.0003,4160,-0.002274367492645979,0.8496324419975281,0.03,587.73,0.044725004270731006,0.005196037
1712128,530,,,418,,3227,,-7.7819864999999995,0.2,-0.004774891751003452,0.3012555241584778,0.0968994140625,-0.4268216839060187,0.0003,4170,0.08102607727050781,0.8043716549873352,0.03,587.73,0.12925945979659445,0.008981328
1716224,530,,,419,,3234,,-8.025519220000001,0.2,-0.00193217992054997,0.30273348093032837,0.073876953125,-0.4266448989510536,0.0003,4180,0.008855728432536125,0.9710034728050232,0.03,587.73,0.02391438449922134,0.0066522937
1720320,530,,,420,,3241,,-7.79805925,0.2,-0.0023961046448675916,0.303256094455719,0.07705078125,-0.43536748122423885,0.0003,4190,0.0010340530425310135,0.9812307357788086,0.03,587.73,0.010642210012883879,0.007212694
1724416,531,,,421,,3247,,-7.697345079999999,0.2,-0.004623342439299449,0.30686914920806885,0.0737060546875,-0.4482392529025674,0.0003,4200,0.004793868865817785,0.9722927808761597,0.04,582.71,0.010404002801078605,0.0076690773
1728512,531,,,422,,3254,,-7.780365280000001,0.2,-0.002853236011287663,0.30408093333244324,0.087548828125,-0.4508652927353978,0.0003,4210,0.005884584970772266,0.873246431350708,0.03,584.95,0.053372392035089436,0.008345665
1732608,531,,,423,,3260,,-7.651688920000002,0.2,-0.005342064620344899,0.30109620094299316,0.080810546875,-0.4326011834666133,0.0003,4220,-0.007087084464728832,0.9765918254852295,0.03,584.95,0.003268577846029075,0.0064999657
1736704,531,,,424,,3268,,-7.848907899999998,0.2,-0.0012255541092599741,0.30103951692581177,0.07216796875,-0.42152632903307674,0.0003,4230,0.001201433828100562,0.980462908744812,0.03,584.95,0.0029720975304371676,0.008538001
1740800,531,,,425,,3276,,-7.738703950000001,0.2,-0.003301179831032641,0.3013402223587036,0.0740234375,-0.42480592913925647,0.0003,4240,0.009600944817066193,0.9841262102127075,0.03,584.95,0.004529252285828988,0.008878358
1744896,531,,,426,,3283,,-7.196032209999999,0.2,-0.0014106080670899246,0.2993822991847992,0.0641357421875,-0.42080430425703524,0.0003,4250,0.0080352071672678,0.957442581653595,0.03,584.95,0.012870426780136768,0.005339172
1748992,531,,,427,,3290,,-7.378385,0.2,-0.0027384079861803912,0.2971124053001404,0.0751953125,-0.40690767075866463,0.0003,4260,0.009797459468245506,0.9762818813323975,0.03,584.95,0.0038721537272067507,0.0074319923
1753088,531,,,428,,3297,,-7.2659254299999985,0.2,-0.005282852130767424,0.2989020347595215,0.084423828125,-0.4029836613684893,0.0003,4270,-0.016360031440854073,0.9702988862991333,0.03,584.95,0.009410878928611055,0.007378578
1757184,531,,,429,,3303,,-7.6328748399999995,0.2,-0.0016498145610967184,0.30271387100219727,0.077685546875,-0.4213427510112524,0.0003,4280,0.0035402353387326,0.8847947716712952,0.03,584.95,0.008295812409778591,0.0075540384
1761280,532,,,430,,3310,,-7.65552953,0.2,-0.0028166715666884555,0.3027735948562622,0.075732421875,-0.4341521656140685,0.0003,4290,-0.007583086844533682,0.9334050416946411,0.03,584.95,0.0028758025560819077,0.0058561414
1765376,531,,,431,,3319,,-7.35494465,0.2,-0.0019872850287356416,0.30124324560165405,0.0691650390625,-0.42785637751221656,0.0003,4300,-0.008654477074742317,0.9730635285377502,0.03,584.78,0.002528827922651544,0.0067261998
1769472,532,,,432,,3326,,-7.35629736,0.2,-0.0060568889341084285,0.30072808265686035,0.1060546875,-0.422204246558249,0.0003,4310,0.0025205144193023443,0.8149094581604004,0.02,589.71,0.014361723549518502,0.0072408128
1773568,532,,,433,,3332,,-7.46392594,0.2,0.0002836113395460416,0.30347999930381775,0.0737548828125,-0.4287068288773298,0.0003,4320,0.0015897488920018077,0.9558107256889343,0.02,589.71,0.004468164800709928,0.0073228255
1777664,532,,,434,,3341,,-7.040723459999999,0.2,-0.002463683416135609,0.30384230613708496,0.092529296875,-0.441128340177238,0.0003,4330,0.015397682785987854,0.7869278192520142,0.02,589.71,0.04751902043790324,0.006632315
1781760,532,,,435,,3349,,-7.781757419999999,0.2,-0.0017728696228004992,0.30438804626464844,0.057958984375,-0.4402189441025257,0.0003,4340,-0.0023001031950116158,0.9833301305770874,0.02,589.71,0.0066719103000650645,0.0051011974
1785856,531,,,436,,3357,,-7.9267413,0.2,-0.002745929123921087,0.30360737442970276,0.09716796875,-0.4391137849539518,0.0003,4350,0.0033243410289287567,0.9901638031005859,0.01,594.73,0.005943973841931438,0.010383481
1789952,531,,,437,,3364,,-8.07312214,0.2,-0.004092860051605385,0.3054020404815674,0.080078125,-0.44427413698285817,0.0003,4360,-0.009566742926836014,0.9841087460517883,0.01,594.73,0.004442969543742947,0.0048924875
1794048,531,,,438,,3373,,-8.02287834,0.2,-0.003729284250584897,0.30748265981674194,0.1013427734375,-0.4565796783193946,0.0003,4370,-0.004082797560840845,0.9721178412437439,0.01,594.73,0.005082312339072814,0.008593809
1798144,531,,,439,,3381,,-8.31861933,0.2,-0.002554749511182308,0.30668938159942627,0.0768310546875,-0.4601619139313698,0.0003,4380,0.0017345414962619543,0.9637482762336731,0.01,594.73,0.00979384855600074,0.006125079
1802240,528,0.0016313178940395604,0.0,440,0.12377825501477213,3409,25.99582443830837,-8.47315922,0.2,-0.0020312243825173935,0.30870598554611206,0.0803955078125,-0.4634046580642462,0.0003,4390,0.0071374233812093735,0.974388062953949,0.02,591.4,0.0034816176084859762,0.0065409904
1806336,528,,,441,,3417,,-9.02942254,0.2,-0.0018835613343981094,0.30488306283950806,0.057568359375,-0.4564088363200426,0.0003,4400,0.012057713232934475,0.7598118782043457,0.02,591.4,0.04751873893692391,0.0049356623
1810432,528,,,442,,3425,,-8.58081918,0.2,-0.0026493736455449834,0.3071686029434204,0.09453125,-0.45326579362154007,0.0003,4410,0.01430046558380127,0.9166967272758484,0.02,591.4,0.012333043622493278,0.0071680946
1814528,528,,,443,,3433,,-7.9537309800000005,0.2,-0.002049120953597594,0.3036673665046692,0.0834228515625,-0.45098537113517523,0.0003,4420,0.003239606972783804,0.9712265729904175,0.03,587.42,0.0020662825994804735,0.008888224
1818624,528,,,444,,3441,,-8.07607535,0.2,-0.002585006193839945,0.3020038604736328,0.062646484375,-0.4347763141617179,0.0003,4430,0.02778787724673748,0.9201596975326538,0.03,587.42,0.07003364665433764,0.0050837444
1822720,528,,,445,,3449,,-8.631670730000002,0.2,-0.0035913777392124757,0.29921916127204895,0.0721435546875,-0.42110138218849896,0.0003,4440,-0.013522823341190815,0.9692480564117432,0.03,587.42,0.012353553035063669,0.0073872553
1826816,528,,,446,,3458,,-8.91146097,0.2,-0.0025116261225775816,0.3004871904850006,0.1022705078125,-0.4163770981132984,0.0003,4450,0.021785762161016464,0.9783197641372681,0.02,592.69,0.007925973759120098,0.008993518
1830912,528,,,447,,3466,,-9.135475699999999,0.2,-0.0017229805889655836,0.3051261603832245,0.0684814453125,-0.4327910982072353,0.0003,4460,-0.008965845219790936,0.8092272281646729,0.02,592.69,0.008963112000492402,0.006898813
1835008,528,,,448,,3474,,-9.1492228,0.2,-0.00441869001952,0.3084109425544739,0.0705322265625,-0.45924886111170055,0.0003,4470,0.00531877251341939,0.9506903290748596,0.02,592.69,0.011640025268206955,0.0053638364
1839104,528,,,449,,3482,,-8.681915029999999,0.2,-0.003982968119089492,0.3093923330307007,0.0787109375,-0.4732219139114022,0.0003,4480,-0.009725463576614857,0.9793458580970764,0.02,592.69,0.005752686883351998,0.007727881
1843200,527,,,450,,3491,,-8.669025240000002,0.2,-0.001569695856596809,0.3072648048400879,0.0818115234375,-0.46637251768261195,0.0003,4490,-0.0091629046946764,0.9741987586021423,0.02,592.69,0.005550547195161926,0.0071695633
1847296,527,,,451,,3499,,-8.7863936,0.2,-0.0019600166560849175,0.3074624538421631,0.074951171875,-0.46079589519649744,0.0003,4500,-0.00029798701871186495,0.9529252052307129,0.02,592.69,0.0047330322675406935,0.008058256
1851392,527,,,452,,3508,,-8.90136282,0.2,-0.004045270469214301,0.3051891326904297,0.07314453125,-0.4558328533545136,0.0003,4510,0.001455022837035358,0.9625229835510254,0.02,592.69,0.005173327617376345,0.00783469
1855488,527,,,453,,3515,,-8.74878926,0.2,-0.003990312416863162,0.30453139543533325,0.1069580078125,-0.4462411440908909,0.0003,4520,-0.0050013018772006035,0.9664682149887085,0.02,592.69,0.005413365431013517,0.0077045425
1859584,527,,,454,,3522,,-8.286499720000002,0.2,-0.0007957192574394867,0.3070225119590759,0.07041015625,-0.4518304726108909,0.0003,4530,-0.0025222934782505035,0.9742308855056763,0.02,590.77,0.004428490283316933,0.005939815
1863680,527,,,455,,3530,,-8.23711414,0.2,-0.0014478440323728136,0.30296027660369873,0.09697265625,-0.4498333390802145,0.0003,4540,0.00016768253408372402,0.8252681493759155,0.02,590.77,0.03401309228647733,0.00793776
1867776,527,,,456,,3539,,-8.189048479999999,0.2,-0.005385648384981323,0.3050715923309326,0.0794189453125,-0.44034801591187717,0.0003,4550,-0.009438348934054375,0.9544249773025513,0.03,588.66,0.009859664842224447,0.0063448087
1871872,527,,,457,,3548,,-8.15040699,0.2,-0.002132383005664451,0.3056691884994507,0.05576171875,-0.44874991439282896,0.0003,4560,-0.003028294537216425,0.9047951698303223,0.03,588.66,0.05120217785879504,0.0062515205
1875968,527,,,458,,3556,,-8.545938329999998,0.2,-0.004735360187623883,0.3037448227405548,0.102294921875,-0.44532731976360085,0.0003,4570,0.0033917035907506943,0.8986203670501709,0.02,592.64,0.021168465007212943,0.0071063596
1880064,527,,,459,,3564,,-8.3652035,0.2,-0.003610709607892204,0.30362963676452637,0.0884033203125,-0.4363753179088235,0.0003,4580,-0.007002243306487799,0.9494079351425171,0.02,592.64,0.007496939179691253,0.005759959
1884160,527,,,460,,3573,,-8.305311269999999,0.2,-0.005387664354930166,0.3034598231315613,0.0722412109375,-0.4359627475962043,0.0003,4590,0.0031823734752833843,0.9185953140258789,0.02,592.64,0.01825907991733402,0.0051423702
1888256,527,,,461,,3581,,-8.53486427,0.2,-0.005479685582395177,0.3035481870174408,0.078076171875,-0.4340110445395112,0.0003,4600,-0.008203531615436077,0.9339237809181213,0.02,592.64,0.02562431893311441,0.0076612537
1892352,527,,,462,,3589,,-8.33222851,0.2,-0.0032527382201806175,0.3079795837402344,0.0827392578125,-0.44793071802705525,0.0003,4610,-0.008327530696988106,0.9770394563674927,0.02,592.64,0.0119617636242765,0.00657566
1896448,527,,,463,,3597,,-8.32858156,0.2,-0.004708276010933332,0.3089407682418823,0.0998779296875,-0.4645003592595458,0.0003,4620,-0.01492972020059824,0.9678536653518677,0.02,592.64,0.00770004775331472,0.008695411
1900544,523,0.02770213550871648,0.0,464,1.9944949621279018,3629,28.14745556906913,-8.27288687,0.2,-0.002931216864089947,0.30801141262054443,0.078564453125,-0.4637660190463066,0.0003,4630,0.0072633083909749985,0.9728612899780273,0.02,592.64,0.0053432382410392165,0.008102665
1904640,523,,,465,,3637,,-8.039124509999999,0.2,-0.003689005575142801,0.307695209980011,0.086962890625,-0.45896477364003657,0.0003,4640,-0.002564560854807496,0.9820548892021179,0.02,592.64,0.002457836484973086,0.0047472813
1908736,523,,,466,,3645,,-8.18290768,0.2,-0.0006093513336963951,0.3051186203956604,0.072998046875,-0.44731673784554005,0.0003,4650,0.019096510484814644,0.9084899425506592,0.02,592.64,0.013671566525590605,0.011951767
1912832,523,,,467,,3654,,-8.609896840000001,0.2,-0.005477221558976453,0.3027419447898865,0.0878662109375,-0.4328055428341031,0.0003,4660,0.0006080439779907465,0.9374957084655762,0.02,592.64,0.007229671013192274,0.0069288025
1916928,523,,,468,,3663,,-9.110435380000002,0.2,-0.0019142058634315617,0.29955700039863586,0.0581787109375,-0.41139975246042015,0.0003,4670,0.003976949490606785,0.9458679556846619,0.02,592.64,0.009868372019263915,0.0060625584
1921024,523,,,469,,3671,,-8.809154620000001,0.2,-0.0012694154371274634,0.30318933725357056,0.0613525390625,-0.41165061574429274,0.0003,4680,0.0020870142616331577,0.9438799619674683,0.01,597.89,0.006688981314073317,0.0061769555
1925120,523,,,470,,3679,,-9.68312226,0.2,-0.002409290558716748,0.30026257038116455,0.0685791015625,-0.4149864261969924,0.0003,4690,0.0015255602775141597,0.9628545045852661,0.0,600.0,0.005550369284173939,0.00771466
1929216,523,,,471,,3688,,-9.770415340000001,0.2,-0.0039057318266713993,0.3006693124771118,0.0918212890625,-0.4083469158038497,0.0003,4700,-0.01210513710975647,0.9362045526504517,0.0,600.0,0.01458902746962849,0.0075418195
1933312,522,,,472,,3696,,-9.61993133,0.2,-0.001322736059955787,0.3012472987174988,0.0759765625,-0.41159023009240625,0.0003,4710,0.00961731281131506,0.9705010652542114,0.01,595.46,0.005152367322443752,0.0061647925
1937408,522,,,473,,3704,,-9.9678799,0.2,-0.003024221959640272,0.2988789975643158,0.077294921875,-0.4061247555539012,0.0003,4720,-0.0011337869800627232,0.8061151504516602,0.01,595.46,0.06619819624756929,0.0063723996
1941504,522,,,474,,3712,,-9.631303820000001,0.2,-0.0025923540801159107,0.30180081725120544,0.0664306640625,-0.411450762860477,0.0003,4730,-0.00047934381291270256,0.9657528400421143,0.01,595.46,0.002781015323853353,0.0065651126
1945600,522,,,475,,3720,,-9.64769245,0.2,-0.003545317112002522,0.3046392798423767,0.0847900390625,-0.43156122863292695,0.0003,4740,0.013666126877069473,0.9341260194778442,0.01,595.46,0.028008119252626786,0.0077730413
1949696,522,,,476,,3728,,-9.55530913,0.2,-0.004906671006756369,0.30736207962036133,0.07451171875,-0.454335580393672,0.0003,4750,-0.0008340652566403151,0.9788476824760437,0.01,595.46,0.008136913758789888,0.0060185525
1953792,522,,,477,,3736,,-10.33847628,0.2,-0.0025671843453892508,0.30668315291404724,0.074365234375,-0.46297079138457775,0.0003,4760,-0.001867814688012004,0.9484134912490845,0.01,595.46,0.014046227703511249,0.00603782
1957888,522,,,478,,3744,,-10.9317669,0.2,-0.00366975040815305,0.30742424726486206,0.0713623046875,-0.4627291666343808,0.0003,4770,0.004913743585348129,0.9559381604194641,0.01,595.46,0.008507924256264232,0.005859499
1961984,522,,,479,,3752,,-11.411639939999997,0.2,-0.0043984493393509185,0.30772510170936584,0.1030029296875,-0.46929377838969233,0.0003,4780,-0.0035721505992114544,0.9552506804466248,0.01,595.46,0.009728203949634917,0.007995
1966080,522,,,480,,3760,,-11.53216678,0.2,-0.002959287943667732,0.3091685175895691,0.0812744140625,-0.47659742552787066,0.0003,4790,-0.006018994841724634,0.9848330616950989,0.01,595.46,0.0037570674230664736,0.007978061
1970176,522,,,481,,3767,,-10.96791044,0.2,-0.0025104860615101643,0.30830085277557373,0.0745849609375,-0.479114312492311,0.0003,4800,0.013328907079994678,0.9794895648956299,0.01,595.46,0.0032192680802836547,0.007860935
1974272,522,,,482,,3776,,-10.875757619999996,0.2,-0.004089620485319756,0.3087625503540039,0.094580078125,-0.4762619987130165,0.0003,4810,0.0048361108638346195,0.9704200029373169,0.01,595.46,0.007837508665397763,0.011433911
1978368,522,,,483,,3784,,-10.52924135,0.2,-0.003091784282878507,0.30921095609664917,0.080322265625,-0.47909607999026776,0.0003,4820,-0.011724590323865414,0.966203510761261,0.01,595.46,0.004985672374459682,0.006348744
1982464,522,,,484,,3793,,-10.448241090000002,0.2,-0.0005791469506220892,0.30689066648483276,0.0690185546875,-0.47254616003483535,0.0003,4830,0.011451234109699726,0.9841533303260803,0.01,595.46,0.0027819344504678156,0.006224568
1986560,522,,,485,,3801,,-9.54486141,0.2,-0.0044404981366824355,0.3060458302497864,0.114794921875,-0.46025704499334097,0.0003,4840,-0.006317004561424255,0.9950534701347351,0.01,595.46,0.0011003033667293493,0.009626294
1990656,522,,,486,,3810,,-9.22324786,0.2,-0.004170998401241377,0.3026437759399414,0.0790771484375,-0.44580690395087,0.0003,4850,0.0030454490333795547,0.9898567795753479,0.01,595.46,0.0018629356771270977,0.008412703
1994752,522,,,487,,3818,,-9.60303768,0.2,-0.003768588135426398,0.30342990159988403,0.09189453125,-0.43666970133781435,0.0003,4860,-0.0028803939931094646,0.9688062071800232,0.0,600.0,0.00657015241595218,0.0082027
1998848,522,,,488,,3826,,-9.54244216,0.2,0.000872784381499514,0.29965198040008545,0.0865966796875,-0.4281255228444934,0.0003,4870,0.005162518937140703,0.9827955365180969,0.01,594.53,0.0012151410775004478,0.009466032
2002944,520,0.00111346792874696,0.0,489,0.01839977546239856,3851,26.00147216433206,-9.954006569999999,0.2,-0.001947305271460209,0.2986553907394409,0.071044921875,-0.4118239851668477,0.0003,4880,0.003003321588039398,0.9415343403816223,0.01,594.53,0.016020360822221847,0.0067413594
2007040,520,,,490,,3859,,-9.76796003,0.2,-0.0026061070107971317,0.3004324436187744,0.0766845703125,-0.4140611497685313,0.0003,4890,-0.002941069658845663,0.9890937805175781,0.01,594.53,0.0017458826949223293,0.0058333
2011136,520,,,491,,3866,,-9.583401989999999,0.2,-0.004870628299977397,0.30033987760543823,0.0713134765625,-0.41993088982999327,0.0003,4900,0.0029553764034062624,0.9711442589759827,0.01,594.53,0.007333997031673789,0.006643423
2015232,520,,,492,,3873,,-9.496998069999998,0.2,-0.005171692633302883,0.3009880781173706,0.0918701171875,-0.4231471322476864,0.0003,4910,-0.0036120698787271976,0.9893202185630798,0.01,594.53,0.0026412865947349927,0.00817283
2019328,520,,,493,,3880,,-8.615688060000002,0.2,-0.008465234312461689,0.30443066358566284,0.084423828125,-0.4357137693092227,0.0003,4920,0.002055928809568286,0.952379584312439,0.02,590.99,0.00564912856243609,0.006850605
2023424,520,,,494,,3887,,-7.995814229999999,0.2,-0.00225188913900638,0.30254891514778137,0.0877197265625,-0.44161724466830493,0.0003,4930,-0.009257938712835312,0.8651235103607178,0.03,589.06,0.043623021789244376,0.0065239
2027520,520,,,495,,3895,,-8.03549655,0.2,-0.0041673087165690955,0.30370742082595825,0.069580078125,-0.4386858643963933,0.0003,4940,0.07258600741624832,0.9353594183921814,0.03,589.06,0.06757137622334994,0.0060510067
2031616,520,,,496,,3902,,-7.868028110000001,0.2,-0.003491675958503038,0.3046939969062805,0.0913330078125,-0.44526832178235054,0.0003,4950,-0.010269345715641975,0.9828251600265503,0.04,585.29,0.0008591945429543557,0.0076913442
2035712,520,,,497,,3909,,-7.341744789999999,0.2,-0.0014949337215512059,0.30039751529693604,0.0633544921875,-0.4362995531409979,0.0003,4960,0.01663699559867382,0.8546485900878906,0.04,585.29,0.05094854276394471,0.0064947507
2039808,520,,,498,,3916,,-7.4432307600000005,0.2,-0.006047929033229593,0.3032260835170746,0.071435546875,-0.4300882635638118,0.0003,4970,-0.009268268942832947,0.9609256386756897,0.04,585.29,0.0034601943161760573,0.005829571
2043904,520,,,499,,3924,,-7.4231750299999995,0.2,-0.0020486388821154833,0.30462712049484253,0.078076171875,-0.4427733214572072,0.0003,4980,-0.002234190236777067,0.9770141839981079,0.05,582.99,0.011523024278722005,0.007819562
2048000,520,,,500,,3931,,-7.284789830000001,0.2,-0.0015005816603661515,0.3036114573478699,0.0819580078125,-0.4460804484784603,0.0003,4990,0.02702445723116398,0.8764761686325073,0.05,582.99,0.04922652897657827,0.0067158733
2052096,520,,,501,,3939,,-7.110877060000002,0.2,-0.0031083875881449787,0.304581880569458,0.070751953125,-0.44430854842066764,0.0003,5000,0.006825549528002739,0.9738372564315796,0.06,577.62,0.004099243005475728,0.007945598
2056192,520,,,502,,3946,,-7.29306571,0.2,-0.0031971167656593023,0.305801123380661,0.0857177734375,-0.451611540466547,0.0003,5010,-0.002317214384675026,0.913573682308197,0.05,583.09,0.04063926628732588,0.0064595602
2060288,521,,,503,,3954,,-6.673727120000001,0.2,-0.003871079790405929,0.30848008394241333,0.066064453125,-0.4635236382484436,0.0003,5020,0.00505632720887661,0.9735686182975769,0.06,581.36,0.004960310044407379,0.0055100024
2064384,521,,,504,,3961,,-6.48143936,0.2,0.0008930254000006244,0.3085697293281555,0.053759765625,-0.4728663211688399,0.0003,5030,0.015015985816717148,0.585258960723877,0.06,581.36,0.09876017556525767,0.0056575797
2068480,521,,,505,,3969,,-6.257006549999999,0.2,-0.0071341231450787745,0.31126028299331665,0.075927734375,-0.4838028220459819,0.0003,5040,-0.004020323045551777,0.9051676392555237,0.06,581.36,0.021628530439920725,0.006957064
2072576,521,,,506,,3976,,-6.169365080000001,0.2,-0.003987963299732655,0.3129819333553314,0.085546875,-0.4983376547694206,0.0003,5050,-0.005131162703037262,0.9353480935096741,0.06,581.36,0.029397330031497405,0.006602027
2076672,521,,,507,,3984,,-6.3385109,0.2,-0.0010963598266243934,0.3104381561279297,0.0562744140625,-0.495387227088213,0.0003,5060,0.013310117647051811,0.9423903226852417,0.05,584.9,0.013345316388222273,0.0054603694
2080768,521,,,508,,3992,,-6.25987165,0.2,-0.002782201215450186,0.31129777431488037,0.069921875,-0.49004277046769856,0.0003,5070,-0.003151461249217391,0.9486695528030396,0.05,584.9,0.007940036297077313,0.0064874957
2084864,521,,,509,,4000,,-6.5506651599999985,0.2,-0.005609498691046611,0.3084838390350342,0.091259765625,-0.48296528626233337,0.0003,5080,-0.005798398517072201,0.9438503980636597,0.04,586.83,0.012690188469423446,0.0075414516
2088960,521,,,510,,4008,,-6.84258695,0.2,-0.004433932274696417,0.306704044342041,0.0822265625,-0.468269881606102,0.0003,5090,-0.00651331152766943,0.952294647693634,0.04,585.53,0.007361185940681025,0.0067803967
2093056,521,,,511,,4016,,-6.920302909999999,0.2,-0.0030574042728403585,0.30536144971847534,0.0795166015625,-0.45828038919717073,0.0003,5100,0.02149120718240738,0.7195496559143066,0.04,585.53,0.07210677269031293,0.007916279
2097152,521,,,512,,4023,,-7.45797915,0.2,-0.0022673193801892922,0.3080323338508606,0.07080078125,-0.4655582558363676,0.0003,5110,-0.0042007677257061005,0.9887356162071228,0.04,585.53,0.005006283113834798,0.008544097
2101248,518,0.000996853226364973,0.0,513,0.8325265968512604,4048,26.528948183538844,-7.48612315,0.2,-0.0029810956155415626,0.3044704794883728,0.084521484375,-0.46154202297329905,0.0003,5120,0.00027674552984535694,0.9464030861854553,0.03,587.83,0.008344044418481644,0.008434679
2105344,519,,,514,,4056,,-7.825365499999999,0.2,-0.004599215893540532,0.3081895709037781,0.09228515625,-0.4625141806900501,0.0003,5130,0.007584614213556051,0.9025464057922363,0.03,587.83,0.041597491665743294,0.0071810232
2109440,519,,,515,,4063,,-8.05520379,0.2,0.0002078080466162646,0.3080846965312958,0.0625732421875,-0.47608753144741056,0.0003,5140,0.017073586583137512,0.943194568157196,0.03,587.83,0.006924710112798493,0.0048580077
2113536,519,,,516,,4069,,-7.8021243899999995,0.2,-0.0025329843600047754,0.3077835440635681,0.074609375,-0.47394381612539294,0.0003,5150,-0.0097649609670043,0.8498833179473877,0.02,593.2,0.0044706570603011645,0.0060231104
2117632,519,,,517,,4076,,-7.90755661,0.2,-7.761449160170741e-05,0.30791687965393066,0.08720703125,-0.4741017699241638,0.0003,5160,-0.0023498847149312496,0.9766817092895508,0.01,594.93,0.0027152112161275,0.012118426
2121728,519,,,518,,4084,,-7.88625143,0.2,-0.00452166343020508,0.30423852801322937,0.0770751953125,-0.46195539385080336,0.0003,5170,-0.013680378906428814,0.9717191457748413,0.01,594.93,0.004330693302108557,0.0050046723
2125824,519,,,519,,4091,,-7.9151721099999985,0.2,-0.0031104046647669747,0.3012850880622864,0.0690673828125,-0.439529244042933,0.0003,5180,0.0004849403048865497,0.9902279376983643,0.01,594.93,0.000705823745829548,0.0060319733
2129920,519,,,520,,4100,,-7.64473963,0.2,-0.0014703989043482579,0.30300211906433105,0.0556396484375,-0.4351494017988443,0.0003,5190,-0.006497598253190517,0.914797306060791,0.01,594.93,0.005211480595244211,0.006089391
2134016,519,,,521,,4109,,-7.45884399,0.2,0.0012362892637611366,0.30200284719467163,0.0543701171875,-0.43732283767312763,0.0003,5200,0.002640543272718787,0.9189891815185547,0.01,594.93,0.0030422469557379373,0.0034908452
2138112,519,,,522,,4116,,-8.16571758,0.2,0.00036614235577872025,0.30348408222198486,0.0645751953125,-0.43844563122838737,0.0003,5210,0.005407907068729401,0.9567177891731262,0.01,594.93,0.006880523653671844,0.008371397
2142208,519,,,523,,4124,,-7.63920163,0.2,0.000517286200192757,0.3040526807308197,0.0663330078125,-0.4447653336450458,0.0003,5220,-0.009305439889431,0.9733486175537109,0.01,594.93,0.0029186286283220397,0.0075292885
2146304,519,,,524,,4131,,-7.58440354,0.2,-0.006497644803312141,0.30216389894485474,0.12041015625,-0.44204297140240667,0.0003,5230,0.000415289425291121,0.9723766446113586,0.01,594.93,0.0030592965267715044,0.01262061
2150400,519,,,525,,4138,,-7.880132070000001,0.2,-0.003370175942836795,0.2995491027832031,0.0595947265625,-0.4271806148812175,0.0003,5240,-0.004224005155265331,0.9754917025566101,0.0,600.0,0.004728597635039478,0.005574334
2154496,519,,,526,,4144,,-7.62894298,0.2,-0.0036901598039548846,0.3004177212715149,0.0872802734375,-0.4215047098696232,0.0003,5250,-0.017187299206852913,0.9733551144599915,0.01,594.46,0.006155252161624958,0.008740211
2158592,519,,,527,,4151,,-7.419989949999999,0.2,-0.0011874125084432308,0.29539060592651367,0.10400390625,-0.410742386803031,0.0003,5260,0.007148461416363716,0.8968976736068726,0.01,594.46,0.030784219718771055,0.008395386
2162688,520,,,528,,4158,,-6.913857419999999,0.2,-0.005097236938308924,0.2931171655654907,0.107666015625,-0.3822121754288673,0.0003,5270,0.016396330669522285,0.9667596220970154,0.01,594.46,0.0030906642285117416,0.009449459
2166784,520,,,529,,4165,,-6.44610834,0.2,-0.0030805142188910393,0.291779488325119,0.135498046875,-0.3726986929774284,0.0003,5280,-0.006817858666181564,0.9327679872512817,0.01,594.46,0.003191252739634365,0.008888249
2170880,520,,,530,,4171,,-6.430624779999999,0.2,-0.003825198858248768,0.2910017967224121,0.0821533203125,-0.36617741286754607,0.0003,5290,-0.005878934171050787,0.9101483225822449,0.01,594.46,0.005147317473165458,0.007540789
2174976,520,,,531,,4178,,-6.346228419999999,0.2,-0.0004099005334865069,0.29118695855140686,0.08505859375,-0.36293299198150636,0.0003,5300,-0.012956635095179081,0.9681516289710999,0.01,594.46,0.0005236769972725597,0.008742541
2179072,520,,,532,,4184,,-6.4008599199999985,0.2,-0.0015366993276984431,0.29260748624801636,0.0742919921875,-0.36784014850854874,0.0003,5310,0.004901193547993898,0.955712616443634,0.01,594.46,0.0033702273080052692,0.006490919
2183168,520,,,533,,4190,,-6.88882628,0.2,-0.0016972298923064954,0.2925702631473541,0.0655517578125,-0.37409646809101105,0.0003,5320,0.0002710445551201701,0.9742186665534973,0.01,594.46,0.0044911206692631826,0.007510014
2187264,521,,,534,,4196,,-7.125694349999999,0.2,-0.0037587423619697804,0.2932724952697754,0.0825439453125,-0.3753781408071518,0.0003,5330,-0.0015611860435456038,0.975849986076355,0.01,594.46,0.007158923453243915,0.0058675604
2191360,521,,,535,,4202,,-7.558661799999999,0.2,-0.004916474086348899,0.2953253984451294,0.0740966796875,-0.38476369753479955,0.0003,5340,-0.0036271726712584496,0.9299553632736206,0.01,594.46,0.012755384755291744,0.007728768
2195456,521,,,536,,4208,,-7.3989623799999995,0.2,-0.0031021330316434613,0.29563403129577637,0.0626220703125,-0.38940376937389376,0.0003,5350,-0.003526934888213873,0.9430223107337952,0.01,594.46,0.01150257594708819,0.0057682665
2199552,521,,,537,,4215,,-7.28145592,0.2,-0.0008624969908851199,0.2930472791194916,0.07724609375,-0.38403043895959854,0.0003,5360,0.005184975452721119,0.9697232842445374,0.01,594.46,0.003821800339210313,0.007059237
2203648,520,0.0010326091286307429,0.0,538,0.2537609345968166,4234,25.925692198994433,-7.31127697,0.2,-0.0012011224833258893,0.2934253513813019,0.079833984375,-0.37693278640508654,0.0003,5370,-0.006614770740270615,0.9741042256355286,0.01,594.46,0.0015848757560888772,0.007166597
2207744,520,,,539,,4239,,-7.6333798700000015,0.2,-0.004632741076784441,0.2914734482765198,0.107666015625,-0.37216290831565857,0.0003,5380,0.0038885800167918205,0.9883793592453003,0.01,594.46,0.0029642052217241145,0.0103070345
2211840,520,,,540,,4245,,-7.493397900000002,0.2,-0.005241730004490819,0.2923690676689148,0.09716796875,-0.36716149747371674,0.0003,5390,0.016242412850260735,0.9861564636230469,0.01,594.46,0.0019807320462859935,0.008604112
2215936,521,,,541,,4251,,-7.694930969999999,0.2,-0.003116863142349757,0.29253751039505005,0.108154296875,-0.37056600451469424,0.0003,5400,-0.005365539342164993,0.9826111793518066,0.01,595.47,0.0029495175142074,0.008887132
2220032,521,,,542,,4257,,-7.85457322,0.2,-0.0018616419052705168,0.2901269197463989,0.076123046875,-0.36368181705474856,0.0003,5410,0.08292264491319656,0.7608957290649414,0.01,595.47,0.11318667705054394,0.00748582
2224128,521,,,543,,4264,,-8.273427739999999,0.2,-0.0009718393404909876,0.2910252511501312,0.0884033203125,-0.3538438186049461,0.0003,5420,0.01580633409321308,0.9229592084884644,0.01,595.47,0.02192338932072744,0.0077936323
2228224,521,,,544,,4270,,-8.6532527,0.2,-0.0005944485252257437,0.2929897904396057,0.1,-0.3638055793941021,0.0003,5430,-0.010565447621047497,0.9740805625915527,0.01,595.47,0.009343214069667738,0.012856642
2232320,522,,,545,,4276,,-9.087581700000001,0.2,-0.004064997103705536,0.2919059991836548,0.077734375,-0.36807497292757035,0.0003,5440,0.012334972620010376,0.9760797023773193,0.01,595.47,0.009673654288053512,0.007293186
2236416,522,,,546,,4282,,-9.246519869999998,0.2,-0.003502715474314755,0.2883692979812622,0.0879150390625,-0.3528039686381817,0.0003,5450,0.0024506505578756332,0.9756469130516052,0.01,595.47,0.0115569584449986,0.006371448
2240512,522,,,547,,4288,,-9.358752119999998,0.2,-0.0039689892291789874,0.2861950993537903,0.0827392578125,-0.33223923966288565,0.0003,5460,-0.0013985529076308012,0.9501359462738037,0.01,595.47,0.009968764052609913,0.008155463
2244608,522,,,548,,4294,,-9.094111349999999,0.2,-0.0020761829160619526,0.2884097397327423,0.067236328125,-0.3338285118341446,0.0003,5470,-0.005785544868558645,0.9462293386459351,0.01,595.47,0.0062709267465834275,0.005353922
2248704,522,,,549,,4300,,-8.850902410000002,0.2,-0.0004947962603182532,0.2888476848602295,0.0688720703125,-0.3423872098326683,0.0003,5480,0.0071318671107292175,0.9731249809265137,0.01,595.47,0.00467062831048679,0.0071188784
2252800,523,,,550,,4305,,-8.861658509999998,0.2,-0.004865710950980429,0.28818291425704956,0.0899169921875,-0.34116720855236055,0.0003,5490,-0.0017674389528110623,0.984139621257782,0.01,595.47,0.00363513489428442,0.007609535
2256896,523,,,551,,4311,,-8.45579762,0.2,-0.003339535817212891,0.28536319732666016,0.11943359375,-0.3288982890546322,0.0003,5500,0.006601219996809959,0.9760069847106934,0.01,595.47,0.007112037458864506,0.008827765
2260992,523,,,552,,4316,,-8.50241604,0.2,-0.0016953576050582342,0.2853791117668152,0.0887939453125,-0.31941228210926054,0.0003,5510,0.0003340830444358289,0.984276533126831,0.01,595.47,0.001819525147038803,0.010190081
2265088,524,,,553,,4322,,-8.47183939,0.2,-0.0039944094227394086,0.2853190302848816,0.101904296875,-0.3170552052557468,0.0003,5520,-0.009774414822459221,0.9606181383132935,0.01,595.47,0.004053024396125693,0.008037633
2269184,524,,,554,,4328,,-8.407354340000001,0.2,-0.0021841562745976264,0.2847519814968109,0.0779052734375,-0.3170633114874363,0.0003,5530,0.0002530459314584732,0.9702621698379517,0.01,595.47,0.008231608656933532,0.0055173626
2273280,524,,,555,,4333,,-8.317747869999998,0.2,-0.0016685147100361064,0.28452742099761963,0.067041015625,-0.3144572600722313,0.0003,5540,0.0001251576468348503,0.9764293432235718,0.01,595.47,0.006359637979767285,0.0061488654
2277376,524,,,556,,4339,,-8.51100362,0.2,-0.003739940437662881,0.2853642702102661,0.0786865234375,-0.31661361679434774,0.0003,5550,-0.019298885017633438,0.9690687656402588,0.0,600.0,0.006685528950038133,0.0066373763
2281472,525,,,557,,4345,,-8.30075431,0.2,-0.0003234455609344877,0.2849165201187134,0.0657958984375,-0.31727937832474706,0.0003,5560,0.01225417573004961,0.9460762143135071,0.0,600.0,0.003651865710344282,0.005712726
2285568,525,,,558,,4351,,-8.141993259999998,0.2,-0.0017245202587218955,0.2849479913711548,0.106689453125,-0.3156319335103035,0.0003,5570,-0.010814902372658253,0.9595088362693787,0.0,600.0,0.0032402927507064307,0.0075552245
2289664,525,,,559,,4356,,-7.67176352,0.2,-0.001300138162332587,0.2840162515640259,0.0828369140625,-0.31332500353455545,0.0003,5580,-0.009034289047122002,0.8528114557266235,0.0,600.0,0.004905766125011724,0.006006689
2293760,525,,,560,,4362,,-7.553699990000001,0.2,-0.0036031679321240516,0.28525638580322266,0.0822265625,-0.31498132944107055,0.0003,5590,0.0030523594468832016,0.9740338921546936,0.0,600.0,0.001522161387038068,0.005223096
2297856,526,,,561,,4368,,-7.782580769999999,0.2,-0.00027665752859320494,0.2825148105621338,0.04873046875,-0.31073409914970396,0.0003,5600,0.0030989106744527817,0.8377159833908081,0.0,600.0,0.005204807863628957,0.005668357
2301952,524,0.0010326075617792696,0.0,562,0.2971978900467769,4387,25.851914375389423,-7.449816500000001,0.2,-0.005462873708165716,0.2834400236606598,0.086669921875,-0.3031464360654354,0.0003,5610,0.013103190809488297,0.9555698037147522,0.0,600.0,0.00476676863618195,0.006609885
2306048,524,,,563,,4393,,-7.509503710000002,0.2,-0.0020568634005030616,0.2833619713783264,0.065478515625,-0.3078074462711811,0.0003,5620,0.0024423820432275534,0.9915064573287964,0.0,600.0,0.0020515345209787482,0.004474057
2310144,525,,,564,,4399,,-7.61009027,0.2,-0.00428947330074152,0.2820042073726654,0.08251953125,-0.30485254898667336,0.0003,5630,-0.0051101092249155045,0.9588835835456848,0.0,600.0,0.005989526049233973,0.0062510115
2314240,525,,,565,,4405,,-7.65626068,0.2,-0.0037756957608507946,0.28202760219573975,0.1001708984375,-0.29960748106241225,0.0003,5640,0.014858251437544823,0.9774703979492188,0.0,600.0,0.0026447605243447468,0.00837558
2318336,525,,,566,,4411,,-7.805120979999999,0.2,0.0007552289607701823,0.2813166379928589,0.1065185546875,-0.29550439640879633,0.0003,5650,0.005772098898887634,0.98073410987854,0.0,600.0,0.0013748319286605692,0.011407461
2322432,525,,,567,,4418,,-7.99251958,0.2,-0.0004499538365053013,0.28038305044174194,0.0896240234375,-0.29019121676683424,0.0003,5660,0.0037963134236633778,0.9925381541252136,0.0,600.0,0.0013685658714166493,0.007020682
2326528,525,,,568,,4424,,-7.56196724,0.2,-0.002622419067483861,0.27840104699134827,0.072021484375,-0.2811812162399292,0.0003,5670,0.0056182872503995895,0.9910621643066406,0.0,600.0,0.0005734456024583778,0.0064417953
2330624,525,,,569,,4430,,-7.53307019,0.2,-0.00544659398146905,0.2771298289299011,0.095849609375,-0.2670285850763321,0.0003,5680,-0.006330985575914383,0.9761723279953003,0.0,600.0,0.0018621723200340056,0.009081474
2334720,526,,,570,,4437,,-7.3657093499999995,0.2,-0.0011493091471493245,0.27741777896881104,0.079150390625,-0.26598601415753365,0.0003,5690,-0.0008051224867813289,0.9901138544082642,0.0,600.0,0.0016302983542118455,0.0070823897
2338816,526,,,571,,4443,,-7.07644888,0.2,-0.0012898179687908851,0.2753216028213501,0.0717041015625,-0.2596816197037697,0.0003,5700,0.002978586358949542,0.9797971248626709,0.0,600.0,0.002612623396271374,0.006105352
2342912,526,,,572,,4449,,-7.386972199999999,0.2,0.0008592792859417386,0.2761051654815674,0.068994140625,-0.25573281571269035,0.0003,5710,0.013997895643115044,0.7920678853988647,0.0,600.0,0.0046036879033636065,0.005512722
2347008,526,,,573,,4455,,-7.35975264,0.2,-0.003229375754017383,0.27709394693374634,0.09873046875,-0.2595973417162895,0.0003,5720,-0.0063272095285356045,0.9726640582084656,0.0,600.0,0.002867335901100887,0.008576358
2351104,526,,,574,,4462,,-7.40994154,0.2,-0.005931379816320259,0.27395540475845337,0.1393310546875,-0.2525547817349434,0.0003,5730,-0.014318304136395454,0.9841215014457703,0.0,600.0,0.001639850171886792,0.010408808
2355200,526,,,575,,4469,,-7.1552234299999995,0.2,-0.0048797298288263844,0.27576252818107605,0.1052490234375,-0.24603800475597382,0.0003,5740,-0.011664544232189655,0.9823917150497437,0.0,600.0,0.0007769075814394455,0.0068614967
2359296,526,,,576,,4478,,-6.6573118,0.2,-0.004245969251496717,0.27236777544021606,0.0806396484375,-0.2422342985868454,0.0003,5750,-0.003245200961828232,0.9741920232772827,0.0,600.0,0.0008772706531999574,0.008082317
2363392,526,,,577,,4486,,-7.174506539999999,0.2,-0.0033334123902022837,0.2703091502189636,0.0766357421875,-0.21933852210640908,0.0003,5760,0.002359201433137059,0.949714183807373,0.0,600.0,0.007175589448888786,0.0077287555
2367488,526,,,578,,4492,,-7.2024393899999986,0.2,-0.0009146873548161238,0.2735022306442261,0.07578125,-0.225567626953125,0.0003,5770,-0.0013034504372626543,0.9502994418144226,0.0,600.0,0.0036368261678944693,0.00591796
2371584,527,,,579,,4499,,-6.94887932,0.2,-0.00291882406163495,0.2731949985027313,0.0788330078125,-0.23377830609679223,0.0003,5780,0.001669331337325275,0.9926881194114685,0.0,600.0,0.00047007939019749756,0.006837797
2375680,527,,,580,,4506,,-6.804690980000001,0.2,-0.001934536240878515,0.2737448215484619,0.06025390625,-0.2364700324833393,0.0003,5790,-0.009939070791006088,0.9828597903251648,0.0,600.0,0.0009320747793935879,0.0066389907
2379776,527,,,581,,4513,,-6.756942820000001,0.2,-0.0005521056707948446,0.2775050401687622,0.0673095703125,-0.25238985419273374,0.0003,5800,0.0016484411899000406,0.9957913160324097,0.0,600.0,0.0007895688177086413,0.006963279
2383872,527,,,582,,4519,,-6.7296284800000015,0.2,-0.001145320577052189,0.27877968549728394,0.0993408203125,-0.269299554079771,0.0003,5810,-0.00906248390674591,0.9964852333068848,0.0,600.0,0.0008846292558700952,0.006133113
2387968,527,,,583,,4525,,-6.652510230000001,0.2,-0.0026157083309954034,0.27654722332954407,0.09150390625,-0.2675026923418045,0.0003,5820,-0.008872488513588905,0.9898653030395508,0.0,600.0,0.0005590443992332439,0.006848756
2392064,527,,,584,,4531,,-6.7438895,0.2,-0.0017728696548147127,0.27347296476364136,0.0898193359375,-0.2476014696061611,0.0003,5830,-0.003040771232917905,0.9934173822402954,0.0,600.0,0.0005009888658605632,0.009098541
2396160,528,,,585,,4538,,-6.5898304,0.2,-0.0002420223827357404,0.2743690609931946,0.0626708984375,-0.24106160476803778,0.0003,5840,0.004234411288052797,0.9195369482040405,0.0,600.0,0.002761968400227488,0.0066473046
2400256,526,0.0010326091286307173,0.0,586,0.14764050246175262,4560,25.89635928293682,-6.39871873,0.2,-0.001752199145994382,0.27261412143707275,0.1033447265625,-0.23836541548371315,0.0003,5850,0.0036954954266548157,0.9869593977928162,0.0,600.0,0.0032207237886723306,0.009846484
2404352,526,,,587,,4566,,-6.3418170599999995,0.2,-0.001326677190081682,0.2728886306285858,0.07216796875,-0.2300820417702198,0.0003,5860,0.0039159031584858894,0.9830365777015686,0.0,600.0,0.0010323196405806812,0.008628138
2408448,526,,,588,,4572,,-6.159694439999999,0.2,-0.00327432043486624,0.27235478162765503,0.0869140625,-0.2307839423418045,0.0003,5870,0.007090624887496233,0.9453956484794617,0.0,600.0,0.0034844528148823884,0.0073054205
2412544,526,,,589,,4579,,-6.050836279999999,0.2,-0.00019022006454179065,0.27246031165122986,0.0611572265625,-0.22740140929818153,0.0003,5880,0.0023477901704609394,0.9697881937026978,0.01,594.79,0.0016799109695057267,0.006988111
2416640,526,,,590,,4585,,-5.976338869999998,0.2,-0.0020146118808042957,0.26766812801361084,0.077978515625,-0.21097488552331925,0.0003,5890,0.010679702274501324,0.4318132996559143,0.01,594.79,0.03066701401694445,0.010402729
2420736,527,,,591,,4592,,-6.12889996,0.2,-0.001455452841037186,0.2675287127494812,0.108251953125,-0.19245947599411012,0.0003,5900,0.002057491336017847,0.9187960028648376,0.01,594.79,0.006949203505791956,0.0070910607
2424832,527,,,592,,4599,,-5.2989013699999985,0.2,-0.00496308696892811,0.26673147082328796,0.122900390625,-0.18884841501712799,0.0003,5910,-0.013494037091732025,0.9566777348518372,0.01,594.79,0.0033855217188829556,0.009970535
2428928,527,,,593,,4605,,-5.3286604,0.2,-0.0012553191125334706,0.2680499255657196,0.070703125,-0.18842477798461915,0.0003,5920,-0.007938731461763382,0.7906813621520996,0.01,594.79,0.015086265353602357,0.005889846
2433024,527,,,594,,4612,,-5.23285024,0.2,-1.2966940994374454e-05,0.2693350315093994,0.0726318359375,-0.20130821242928504,0.0003,5930,0.006370986346155405,0.9523656964302063,0.01,594.79,0.0023904606236101245,0.007126514
2437120,527,,,595,,4618,,-5.525769319999999,0.2,-0.0009953279615729116,0.27101582288742065,0.077734375,-0.21327707916498184,0.0003,5940,-0.0051156310364604,0.9435607194900513,0.01,594.79,0.006425000513263513,0.0059409547
2441216,527,,,596,,4624,,-5.55358836,0.2,-0.0028836537181632592,0.2699752748012543,0.06572265625,-0.21567401587963103,0.0003,5950,-0.0066481586545705795,0.9596628546714783,0.01,594.79,0.0018236627704027342,0.0066669798
2445312,528,,,597,,4629,,-5.490548649999999,0.2,-0.002805427566636354,0.2663922905921936,0.0915771484375,-0.19846417158842086,0.0003,5960,-0.00020097359083592892,0.983124315738678,0.02,589.15,0.0006139414958852285,0.008507896
2449408,528,,,598,,4635,,-5.4674531800000015,0.2,-0.0009575124982802663,0.2643202245235443,0.1007568359375,-0.17938669994473458,0.0003,5970,-0.0008296631276607513,0.6379643082618713,0.02,589.15,0.03762400675004755,0.008432035
2453504,528,,,599,,4641,,-5.411923549999999,0.2,-0.0015245009926729836,0.2644389867782593,0.117529296875,-0.16904524937272072,0.0003,5980,-0.014240735210478306,0.9942976236343384,0.02,589.15,0.00033489727511550884,0.009136753
2457600,528,,,600,,4648,,-5.483182900000002,0.2,-0.004104598573758267,0.2641306519508362,0.078662109375,-0.16975537762045861,0.0003,5990,-0.012574354186654091,0.9106917381286621,0.02,589.15,0.012853960190841462,0.0075361333
2461696,528,,,601,,4654,,-5.43770879,0.2,0.0003192839401890524,0.2629566192626953,0.0734375,-0.16241711229085923,0.0003,6000,-0.008839614689350128,0.9401317238807678,0.02,589.15,0.003619263333530398,0.008862866
2465792,529,,,602,,4660,,-5.992829840000001,0.2,-0.0013603155937744304,0.26412642002105713,0.0803466796875,-0.16566988602280616,0.0003,6010,0.010125905275344849,0.8125046491622925,0.02,589.15,0.015229431359330192,0.006125604
2469888,529,,,603,,4667,,-6.0142561,0.2,-0.0017704059777315707,0.26360195875167847,0.0762939453125,-0.1686894938349724,0.0003,6020,-0.0012816422386094928,0.9617875814437866,0.02,589.15,0.0028984291122469584,0.006682181
2473984,529,,,604,,4673,,-6.438852670000001,0.2,-0.0015593518110108562,0.26477333903312683,0.0583740234375,-0.17103573828935623,0.0003,6030,0.008681613951921463,0.8449468016624451,0.01,594.36,0.006861295023554703,0.005698568
2478080,529,,,605,,4679,,-6.48386785,0.2,0.0020392392529174686,0.2640874683856964,0.0607666015625,-0.17249070778489112,0.0003,6040,0.003559962846338749,0.9494835138320923,0.01,594.36,0.0031466753647691804,0.0052644154
2482176,529,,,606,,4685,,-6.438580279999999,0.2,-0.0011079659889219329,0.2637634873390198,0.065771484375,-0.16637922152876855,0.0003,6050,-0.0015616579912602901,0.771274983882904,0.01,594.36,0.008967922344163526,0.0061964174
2486272,529,,,607,,4691,,-6.434038199999999,0.2,-0.002892092271213187,0.2657162547111511,0.0745849609375,-0.1734045848250389,0.0003,6060,-0.009525618515908718,0.9444371461868286,0.01,594.36,0.003397667130411719,0.0070157833
2490368,530,,,608,,4698,,-6.30285703,0.2,-0.000983828556491062,0.2674139738082886,0.065625,-0.18812023997306823,0.0003,6070,-0.00528027955442667,0.903427243232727,0.01,594.36,0.003283210704830708,0.006121446
2494464,530,,,609,,4704,,-6.283342360000002,0.2,-0.005236884408805054,0.26883894205093384,0.08623046875,-0.20098775923252105,0.0003,6080,-0.007916903123259544,0.8036467432975769,0.01,594.36,0.01882885357917985,0.008849664
2498560,530,,,610,,4710,,-6.17701865,0.2,-0.0022679923436953685,0.2687208950519562,0.070458984375,-0.20393116474151612,0.0003,6090,-0.013148888014256954,0.8935450911521912,0.01,594.36,0.005105037958128378,0.0066631036
2502656,529,0.001606513337072607,0.0,611,0.2462216068923624,4729,25.815828750665176,-6.1989166,0.2,-0.0031932757017784754,0.26928645372390747,0.0605224609375,-0.20635096356272697,0.0003,6100,0.045695289969444275,0.9585998058319092,0.01,594.36,0.0030838047608995113,0.0064200982
2506752,529,,,612,,4735,,-6.17959943,0.2,-0.004532265108719002,0.2717450261116028,0.1087158203125,-0.2164747051894665,0.0003,6110,-0.015619585290551186,0.9519460797309875,0.0,600.0,0.0010247443586195004,0.0074656783
2510848,529,,,613,,4741,,-6.18250656,0.2,-0.0022213940363144504,0.2728080451488495,0.0884033203125,-0.23047520518302916,0.0003,6120,-0.015222083777189255,0.9723598957061768,0.0,600.0,0.002335157024572254,0.007854342
2514944,529,,,614,,4748,,-6.219043549999998,0.2,-0.0036744287826877553,0.2734346389770508,0.1017578125,-0.23730540201067923,0.0003,6130,-0.004908531904220581,0.9885240197181702,0.0,600.0,0.0006090316147492558,0.006308211
2519040,529,,,615,,4754,,-6.279577829999999,0.2,-0.002530605781066697,0.2727552652359009,0.06396484375,-0.23731013536453247,0.0003,6140,-0.0193172637373209,0.9744123220443726,0.0,600.0,0.0018572203358417027,0.0067212796
2523136,530,,,616,,4760,,-5.75808313,0.2,-0.0009092896623769775,0.2714528441429138,0.07529296875,-0.23041791543364526,0.0003,6150,-0.0014369648415595293,0.9811025857925415,0.0,600.0,0.001760544850185397,0.0066545713
2527232,530,,,617,,4766,,-5.66889501,0.2,-0.003466910451243166,0.27017825841903687,0.07451171875,-0.21924176290631295,0.0003,6160,-0.006960616447031498,0.9888312816619873,0.0,600.0,0.00039309407184191515,0.008241623
2531328,530,,,618,,4772,,-5.5272391500000015,0.2,-0.003345884510781616,0.2680050730705261,0.089892578125,-0.20769546031951905,0.0003,6170,-0.009495601058006287,0.9953576326370239,0.0,600.0,0.00027685131581165476,0.005345096
2535424,530,,,619,,4779,,-5.4512005299999995,0.2,-0.006151799811777892,0.268921434879303,0.0889404296875,-0.20319311544299126,0.0003,6180,-0.008716772310435772,0.9777169227600098,0.0,600.0,0.0018805444082317991,0.009935032
2539520,530,,,620,,4785,,-5.39170505,0.2,-0.003635026497067884,0.2672119140625,0.108447265625,-0.20023735761642455,0.0003,6190,0.003728443756699562,0.9750889539718628,0.0,600.0,0.002393174095959694,0.008344049
2543616,530,,,621,,4792,,-6.1141454799999995,0.2,-0.0037826640458661132,0.2688620686531067,0.0665283203125,-0.1989861883223057,0.0003,6200,0.02135244570672512,0.9334751963615417,0.0,600.0,0.004462619010155322,0.007767476
2547712,530,,,622,,4797,,-6.25880517,0.2,-0.00046775851951679214,0.26951703429222107,0.0679443359375,-0.21115625649690628,0.0003,6210,-0.0010489295236766338,0.9219979643821716,0.0,600.0,0.004793814673394081,0.0057116947
2551808,531,,,623,,4803,,-6.1458372400000005,0.2,-0.002978095205617137,0.271202027797699,0.0971435546875,-0.21843477860093116,0.0003,6220,-0.01726320944726467,0.9810311794281006,0.0,600.0,0.0010686899779102533,0.007844312
2555904,531,,,624,,4809,,-6.162929730000001,0.2,-0.004326263717666734,0.2718810737133026,0.0883544921875,-0.22666432559490204,0.0003,6230,0.006729073356837034,0.9861794114112854,0.0,600.0,0.0010253426999042858,0.008373299
2560000,531,,,625,,4816,,-6.09033725,0.2,-0.0029955406731460243,0.27080443501472473,0.076904296875,-0.22747385501861572,0.0003,6240,-0.0034507003147155046,0.9497873783111572,0.0,600.0,0.0027592030259256718,0.0053773858
2564096,531,,,626,,4822,,-6.19356178,0.2,-0.004213215330673847,0.26843082904815674,0.0863525390625,-0.21144921481609344,0.0003,6250,-0.009163247421383858,0.9864787459373474,0.0,600.0,0.0016383395894081331,0.0065257093
2568192,531,,,627,,4829,,-6.162295569999999,0.2,-0.0021796155735501086,0.2665858268737793,0.09326171875,-0.19900803714990617,0.0003,6260,-0.003991772420704365,0.9911917448043823,0.0,600.0,0.0006519783208204899,0.0078079496
2572288,531,,,628,,4835,,-6.536717960000001,0.2,-0.002519231649057474,0.26923251152038574,0.0590576171875,-0.20067943036556243,0.0003,6270,0.01080442126840353,0.9167681336402893,0.0,600.0,0.002375049126749218,0.004460402
2576384,532,,,629,,4842,,-6.354951400000001,0.2,-0.0020751145217218435,0.2685413360595703,0.0613037109375,-0.21046551540493966,0.0003,6280,-0.007343886885792017,0.9712792038917542,0.0,600.0,0.0013114141973346704,0.005361389
2580480,532,,,630,,4847,,-6.358838039999999,0.2,-0.002268941584043205,0.2672566771507263,0.0622314453125,-0.20194213837385178,0.0003,6290,0.010722985491156578,0.9823837280273438,0.0,600.0,0.0011129413378512254,0.0053635864
2584576,532,,,631,,4854,,-6.281336260000001,0.2,-0.002484049789200071,0.2663635015487671,0.0739990234375,-0.19349092841148377,0.0003,6300,-0.014042082242667675,0.9841921925544739,0.0,600.0,0.0004382736205116089,0.0065098684
2588672,532,,,632,,4859,,-6.255634700000001,0.2,-0.0037926100791082717,0.2694873809814453,0.086279296875,-0.20161725208163261,0.0003,6310,-0.0075813597068190575,0.9815945029258728,0.0,600.0,0.0010469284868122486,0.008869373
2592768,532,,,633,,4865,,-6.321969790000001,0.2,1.216529926750809e-05,0.26633089780807495,0.0931640625,-0.2015240952372551,0.0003,6320,-0.010498548857867718,0.9813845753669739,0.0,600.0,0.0030738829020265255,0.01119259
2596864,532,,,634,,4872,,-5.996933210000001,0.2,-0.002350173855666071,0.2673265039920807,0.0901123046875,-0.19536183699965476,0.0003,6330,-0.007627331186085939,0.9741594791412354,0.0,600.0,0.001644067953202466,0.008630488
2600960,531,0.0008238119030450234,0.0,635,0.21901659362630665,4891,25.712900026992553,-5.77464757,0.2,-0.003032881682156585,0.26535141468048096,0.0805419921875,-0.19038380011916162,0.0003,6340,-0.0069933547638356686,0.9902626872062683,0.0,600.0,0.0005705443721126357,0.0061135488
2605056,531,,,636,,4897,,-4.82329971,0.2,-0.002163990054395981,0.2650783061981201,0.093017578125,-0.1831453897058964,0.0003,6350,-0.003404926974326372,0.9879945516586304,0.0,600.0,0.00032408357133135724,0.0075771958
2609152,532,,,637,,4903,,-4.766421279999999,0.2,-0.0035637646906252485,0.2654057741165161,0.1097412109375,-0.18051064610481263,0.0003,6360,-0.005776671692728996,0.9738332033157349,0.0,600.0,0.002403144933305157,0.008582575
2613248,532,,,638,,4909,,-4.75652159,0.2,-0.0020515216936473736,0.26352459192276,0.0966064453125,-0.1766938664019108,0.0003,6370,-0.005769631825387478,0.9916957020759583,0.0,600.0,0.0006413931725546718,0.0066697667
2617344,532,,,639,,4915,,-4.752120730000001,0.2,-0.00389939634478651,0.26552674174308777,0.0759033203125,-0.1782948151230812,0.0003,6380,-0.01846715621650219,0.9728588461875916,0.0,600.0,0.003072697246989264,0.006346779
2621440,532,,,640,,4922,,-4.61500442,0.2,-0.004286101150501054,0.2674309313297272,0.152099609375,-0.191953594237566,0.0003,6390,-0.007311651948839426,0.9922322630882263,0.0,600.0,0.00026118244550161763,0.009737246
2625536,532,,,641,,4928,,-4.66579832,0.2,-0.0022381260750989895,0.26899051666259766,0.1098876953125,-0.2076273798942566,0.0003,6400,0.0163861270993948,0.9864831566810608,0.0,600.0,0.0020578654950440976,0.009376075
2629632,532,,,642,,4934,,-4.76327485,0.2,-0.003431007935432717,0.26989972591400146,0.059619140625,-0.213460336625576,0.0003,6410,-0.007720504887402058,0.9944765567779541,0.0,600.0,0.0005270186136840493,0.005400014
2633728,533,,,643,,4940,,-4.183113329999999,0.2,-0.0033054448227630927,0.2674224376678467,0.0686767578125,-0.20698095858097076,0.0003,6420,-0.0040228404104709625,0.995292603969574,0.0,600.0,0.0003372460538685118,0.0068646776
2637824,533,,,644,,4946,,-4.04082806,0.2,-0.004723967194149736,0.26590806245803833,0.115966796875,-0.19082778617739676,0.0003,6430,0.013210931792855263,0.9927466511726379,0.01,594.66,0.0005712327410947182,0.010296621
2641920,533,,,645,,4951,,-4.120141720000001,0.2,-0.00018662432994460688,0.2635638415813446,0.0710205078125,-0.17620188668370246,0.0003,6440,0.019617175683379173,0.5099897980690002,0.01,594.66,0.07202955358152394,0.0047792224
2646016,533,,,646,,4958,,-3.9592807400000005,0.2,-0.0004624503919330891,0.262257844209671,0.082275390625,-0.16349723264575006,0.0003,6450,-0.0007091863662935793,0.979951798915863,0.01,594.66,0.0004736020468044444,0.0066264905
2650112,533,,,647,,4964,,-4.08756408,0.2,0.0007132628597901203,0.26078563928604126,0.0560302734375,-0.15174598395824432,0.0003,6460,0.002800349611788988,0.7799056768417358,0.02,590.45,0.0026368799381089048,0.006050918
2654208,533,,,648,,4971,,-4.10970134,0.2,-0.0023378441626846326,0.2604905962944031,0.0811279296875,-0.14680176600813866,0.0003,6470,-0.000559310195967555,0.0314258337020874,0.02,590.45,0.07349494590525865,0.0072250604
2658304,534,,,649,,4977,,-4.081352310000001,0.2,-0.0031977680584532207,0.2585947513580322,0.070068359375,-0.136752375215292,0.0003,6480,-0.0031269551254808903,0.9793821573257446,0.02,590.45,0.0006859355937194778,0.005883358
2662400,534,,,650,,4983,,-4.12074743,0.2,-0.0009183916372421663,0.2556779384613037,0.0792236328125,-0.11788005605340005,0.0003,6490,-0.004493772983551025,0.9629290103912354,0.02,590.45,0.0030032863207452463,0.0060570277
2666496,534,,,651,,4989,,-4.42245682,0.2,0.0029984183085616676,0.25901415944099426,0.0732666015625,-0.12078593298792839,0.0003,6500,0.005037065129727125,0.8826729655265808,0.02,590.45,0.009265409833096783,0.013779837
2670592,534,,,652,,4994,,-4.8170277399999994,0.2,-0.0038844692564452997,0.25774213671684265,0.0981689453125,-0.12845272272825242,0.0003,6510,0.007164201699197292,0.9733114838600159,0.02,590.45,0.008438388905051396,0.0066267517
2674688,534,,,653,,5000,,-4.8021020000000005,0.2,-0.0002847086463589221,0.25524550676345825,0.0880859375,-0.11341140940785407,0.0003,6520,0.015573717653751373,0.9625734090805054,0.02,590.45,0.0030734630605365964,0.009001549
2678784,535,,,654,,5006,,-5.14311085,0.2,-0.0028953312241355887,0.2557845413684845,0.0971435546875,-0.10537796095013618,0.0003,6530,-0.004577066749334335,0.9165935516357422,0.02,590.45,0.00962863800523337,0.0077014957
2682880,535,,,655,,5012,,-5.160034250000001,0.2,-0.003306118659384083,0.2562396824359894,0.06591796875,-0.10851679742336273,0.0003,6540,-0.008120561949908733,0.9687159061431885,0.02,590.45,0.006339245936396764,0.0065282397
2686976,535,,,656,,5018,,-4.96276315,0.2,-0.002915391782880761,0.2563215494155884,0.071142578125,-0.1102965697646141,0.0003,6550,-0.011446594260632992,0.9658450484275818,0.03,589.5,0.0031575726403389125,0.006664511
2691072,535,,,657,,5024,,-5.25343349,0.2,-0.0011464075359981507,0.2562059760093689,0.0932861328125,-0.10839970111846924,0.0003,6560,0.02013886719942093,0.6757335066795349,0.03,589.5,0.09862460696022027,0.008289374
2695168,535,,,658,,5030,,-5.06455228,0.2,-0.005257082899333909,0.2563874125480652,0.084619140625,-0.1095225527882576,0.0003,6570,-0.009686434641480446,0.9435482025146484,0.05,582.61,0.01618872361141257,0.0072292527
2699264,536,,,659,,5035,,-5.292285000000001,0.2,-0.0022358811744197737,0.2561315596103668,0.1020751953125,-0.10875436514616013,0.0003,6580,0.04191865772008896,0.7116596698760986,0.04,587.95,0.17949846824631094,0.009724885
2703360,534,0.0008238099600607958,0.0,660,0.12418632199765123,5054,25.793198795207275,-5.70203113,0.2,-0.003435249223548453,0.2542072534561157,0.0865234375,-0.09644355401396751,0.0003,6590,-0.007753938436508179,0.9546141624450684,0.04,587.95,0.0073252735965070315,0.006973988
2707456,535,,,661,,5060,,-5.86153957,0.2,-0.0018047862715320662,0.25248485803604126,0.0841064453125,-0.08282883241772651,0.0003,6600,-0.0075720539316535,0.9530535340309143,0.04,587.95,0.0062542007774027296,0.0069288877
2711552,535,,,662,,5066,,-5.976765459999999,0.2,-0.0002535129962780047,0.2535056173801422,0.0700439453125,-0.07971143648028374,0.0003,6610,0.007413846906274557,0.9731361269950867,0.03,592.16,0.0024840884394507156,0.005955629
2715648,535,,,663,,5072,,-6.07825727,0.2,0.0007300908109755255,0.25540366768836975,0.070849609375,-0.09208835512399674,0.0003,6620,0.013713604770600796,0.8767463564872742,0.03,592.16,0.04465786097280215,0.007764172
2719744,535,,,664,,5078,,-6.2330226600000005,0.2,-0.0017206623131642118,0.25245484709739685,0.10546875,-0.0869542457163334,0.0003,6630,0.012299862690269947,0.9704563021659851,0.03,592.16,0.0011747489577828673,0.007491855
2723840,535,,,665,,5084,,-6.003150629999999,0.2,-0.0032436360444989985,0.25620463490486145,0.0713623046875,-0.09039359465241432,0.0003,6640,0.00043104164069518447,0.9883509278297424,0.03,592.16,0.0006751400320354151,0.006317406
2727936,535,,,666,,5089,,-5.83889457,0.2,-0.0025280362729972693,0.2563773989677429,0.0843017578125,-0.10507758483290672,0.0003,6650,0.0016724070301279426,0.9686058759689331,0.03,592.16,0.002343200172072102,0.0071008797
2732032,536,,,667,,5095,,-5.739755500000001,0.2,-0.002975301764672622,0.2575165033340454,0.0759765625,-0.11173374280333519,0.0003,6660,0.023438988253474236,0.9030869603157043,0.03,592.16,0.005884614342721761,0.009227613
2736128,536,,,668,,5101,,-5.4972520199999995,0.2,-0.0037251710542477666,0.25641149282455444,0.074462890625,-0.11097507998347282,0.0003,6670,-0.01587723195552826,0.9685068726539612,0.03,592.16,0.005364516649933648,0.0064125666
2740224,536,,,669,,5107,,-5.4507649,0.2,-0.0011251818286837079,0.2584000527858734,0.10302734375,-0.11475242748856544,0.0003,6680,-0.00609523756429553,0.9816199541091919,0.03,592.16,0.0018855545913538663,0.006992823
2744320,536,,,670,,5112,,-5.454402780000001,0.2,-0.0013377820898313076,0.25926050543785095,0.0786376953125,-0.1269897148013115,0.0003,6690,-0.00709912134334445,0.9808659553527832,0.02,593.11,0.0019513044204359175,0.0051245885
2748416,536,,,671,,5118,,-5.433853780000001,0.2,-0.006835074251284823,0.2585962116718292,0.112548828125,-0.12688947170972825,0.0003,6700,-0.021621081978082657,0.9908626675605774,0.02,593.11,0.0008940258132497548,0.010388533
2752512,537,,,672,,5124,,-5.7400532,0.2,-0.004444927349686623,0.2571974992752075,0.1033203125,-0.12227997407317162,0.0003,6710,-0.013703747652471066,0.9630683064460754,0.01,596.88,0.008686324051814154,0.010423755
2756608,537,,,673,,5130,,-6.036898550000001,0.2,0.00032942222023848446,0.2562648057937622,0.0683349609375,-0.11437282115221023,0.0003,6720,-0.003577398369088769,0.9660951495170593,0.0,600.0,0.0010065177478281839,0.0069389297
2760704,537,,,674,,5136,,-5.463630889999999,0.2,-0.0030580276434193365,0.25611260533332825,0.0954345703125,-0.10693347081542015,0.0003,6730,0.006683145184069872,0.9490566849708557,0.02,592.13,0.0009334876398497727,0.005853295
2764800,537,,,675,,5142,,-5.42448018,0.2,-0.0005107676275656559,0.2553192377090454,0.0981689453125,-0.10367125272750854,0.0003,6740,0.038357578217983246,0.31975609064102173,0.02,592.13,0.15605241456069052,0.007714417
2768896,537,,,676,,5148,,-5.324142,0.2,-0.0064527980241109615,0.25374263525009155,0.110205078125,-0.09338392168283463,0.0003,6750,0.005020324140787125,0.9087508916854858,0.02,592.13,0.02372672109049745,0.01020712
2772992,537,,,677,,5154,,-5.569453670000001,0.2,-0.006198062594921794,0.251743882894516,0.087841796875,-0.07934683933854103,0.0003,6760,-0.015795206651091576,0.9295389652252197,0.02,592.13,0.005919055677804863,0.008344445
2777088,538,,,678,,5160,,-5.389115049999998,0.2,0.0009412952276761644,0.25029218196868896,0.060498046875,-0.06651750281453132,0.0003,6770,0.011202934198081493,0.968074381351471,0.02,592.13,0.005937923949022661,0.004809333
2781184,538,,,679,,5166,,-5.66563985,0.2,-0.0032109123101690786,0.24846653640270233,0.073779296875,-0.0513804666697979,0.0003,6780,0.0074589187279343605,0.8921125531196594,0.02,592.13,0.007901109747763257,0.0070927627
2785280,538,,,680,,5172,,-5.551475460000001,0.2,-0.002730102188070305,0.24816766381263733,0.075390625,-0.04218820706009865,0.0003,6790,0.0013103033415973186,0.9618346095085144,0.02,592.13,0.005818982944401796,0.008247195
2789376,538,,,681,,5177,,-5.787852349999998,0.2,-0.003168186719994992,0.2485281527042389,0.075439453125,-0.044069457054138186,0.0003,6800,-0.009259989485144615,0.9467492699623108,0.02,592.13,0.006945384680147981,0.005641431
2793472,538,,,682,,5183,,-5.882684599999999,0.2,-0.005850121409457643,0.25251665711402893,0.076953125,-0.06010732054710388,0.0003,6810,-0.007739114575088024,0.9650945067405701,0.02,592.13,0.0026758949159557234,0.005923333
2797568,539,,,683,,5189,,-6.113673029999998,0.2,-0.005291322746779769,0.25231197476387024,0.09296875,-0.07530724555253983,0.0003,6820,-0.006472891196608543,0.9574194550514221,0.02,592.13,0.003777096961857751,0.007681864
2801664,537,0.0026466659538356904,0.0,684,0.1390985537677821,5208,25.812843184572532,-6.0873398100000005,0.2,-0.0019169393664924428,0.25404468178749084,0.0689697265625,-0.0793865904211998,0.0003,6830,0.012799948453903198,0.9791702032089233,0.02,592.13,0.0013499934368155664,0.0065287016
2805760,538,,,685,,5214,,-6.44042134,0.2,-0.0020343152282293886,0.2553548216819763,0.0481689453125,-0.0944447584450245,0.0003,6840,-0.0052521927282214165,0.9373562932014465,0.02,592.13,0.002771121259502252,0.004849823
2809856,538,,,686,,5220,,-6.19423765,0.2,0.0020360313385026528,0.2564793527126312,0.060546875,-0.10271517857909203,0.0003,6850,0.0036625780630856752,0.9601161479949951,0.02,592.13,0.0005310565123181731,0.0060752863
2813952,538,,,687,,5226,,-5.91707413,0.2,-0.00590413817553781,0.2551034092903137,0.09091796875,-0.09906958565115928,0.0003,6860,-0.0008427629363723099,0.905586838722229,0.02,592.13,0.0018865885998820887,0.008844904
2818048,538,,,688,,5232,,-6.411191249999999,0.2,0.0007504670444177464,0.2566990852355957,0.0718017578125,-0.10195088684558869,0.0003,6870,0.0001869949046522379,0.9498509764671326,0.01,595.09,0.006030294267111458,0.0077945213
2822144,538,,,689,,5238,,-6.834372849999999,0.2,-0.0031003687254269607,0.2580786347389221,0.0744384765625,-0.11410853862762452,0.0003,6880,0.024844741448760033,0.9621310234069824,0.0,600.0,0.004477990136365406,0.005990207
2826240,538,,,690,,5243,,-6.477536690000001,0.2,-0.002537384950846899,0.2595164477825165,0.1068115234375,-0.12445920556783677,0.0003,6890,0.0026179179549217224,0.9863482117652893,0.01,594.26,0.002918154888175195,0.008231585
2830336,539,,,691,,5249,,-6.666726239999999,0.2,-0.001961599293281324,0.25408506393432617,0.09931640625,-0.108426271378994,0.0003,6900,-0.004995411727577448,0.6769230365753174,0.01,594.26,0.06862077364639844,0.0082216
2834432,539,,,692,,5255,,-6.687025260000001,0.2,-0.006897379318252206,0.2530408203601837,0.0944580078125,-0.07904785647988319,0.0003,6910,-0.00911491084843874,0.8710203170776367,0.01,594.26,0.014679537745541893,0.007150501
2838528,539,,,693,,5261,,-6.9788844800000005,0.2,-0.004791005310835317,0.2515040636062622,0.0885986328125,-0.06550688669085503,0.0003,6920,-0.009400433860719204,0.9603317975997925,0.01,594.26,0.008638646229519509,0.010057141
2842624,539,,,694,,5266,,-6.8226307199999985,0.2,-0.005238136599655263,0.2524661719799042,0.071435546875,-0.06664519533514976,0.0003,6930,-0.006618746556341648,0.9545895457267761,0.01,594.26,0.0064758942549815405,0.0065997653
2846720,539,,,695,,5273,,-7.008763349999999,0.2,-0.001401988448924385,0.2523847222328186,0.0872314453125,-0.0681272491812706,0.0003,6940,-0.0012771255569532514,0.9506913423538208,0.01,594.26,0.008476085340953432,0.005897966
2850816,540,,,696,,5279,,-7.17876498,0.2,-0.0029500050404749345,0.2542817294597626,0.0645263671875,-0.07743390128016472,0.0003,6950,0.0011421317467465997,0.9458007216453552,0.01,594.26,0.014756882782967296,0.0061227996
2854912,540,,,697,,5284,,-7.17756221,0.2,-0.0026136202563066036,0.25457099080085754,0.0845703125,-0.08564917892217636,0.0003,6960,-0.007398128509521484,0.9881492257118225,0.01,594.26,0.0032611599872325314,0.008223259
2859008,540,,,698,,5290,,-7.233356859999999,0.2,-0.003552280335861724,0.2581954002380371,0.0931884765625,-0.1009163424372673,0.0003,6970,-0.00908626988530159,0.9653712511062622,0.01,594.26,0.006769131463806843,0.010667457
2863104,540,,,699,,5295,,-6.90040344,0.2,-0.00047609754401491957,0.2571367025375366,0.090087890625,-0.1128872163593769,0.0003,6980,0.0025394700933247805,0.9290734529495239,0.02,589.89,0.00923499237978831,0.00847671
2867200,540,,,700,,5301,,-6.993766529999999,0.2,-0.00047170704929158094,0.2546773850917816,0.0963623046875,-0.09841096475720405,0.0003,6990,0.006999095436185598,0.6338810920715332,0.02,589.89,0.06824696576804853,0.00886682
2871296,540,,,701,,5307,,-7.296792829999999,0.2,-0.0028310057939961554,0.2552300989627838,0.0771240234375,-0.09249994158744812,0.0003,7000,0.015165264718234539,0.9570376873016357,0.02,589.89,0.013665742993180175,0.0058089783
2875392,541,,,702,,5313,,-7.384981869999999,0.2,-0.0021398529992438854,0.2522728443145752,0.0840087890625,-0.08248306289315224,0.0003,7010,0.006853462662547827,0.9489948153495789,0.02,589.89,0.012179578520590439,0.0074558603
2879488,541,,,703,,5319,,-7.371971119999999,0.2,-0.0037991935445461423,0.25486239790916443,0.0691162109375,-0.08214544579386711,0.0003,7020,-0.02140609733760357,0.9532124400138855,0.02,589.89,0.005303792742779478,0.008572726
2883584,541,,,704,,5325,,-7.5387667999999985,0.2,-0.001511627438594587,0.25329864025115967,0.078466796875,-0.08635486885905266,0.0003,7030,-0.001286734826862812,0.9299339056015015,0.01,595.63,0.008186866920732427,0.0065454384
2887680,541,,,705,,5331,,-7.85908822,0.2,-0.0011309622059343383,0.2539689540863037,0.0728271484375,-0.08470218852162362,0.0003,7040,0.02135794423520565,0.9025007486343384,0.01,595.63,0.011732658057007938,0.0072683115
2891776,541,,,706,,5337,,-7.9177902,0.2,-0.005093208729522303,0.258130818605423,0.10146484375,-0.10326483771204949,0.0003,7050,-0.0081401402130723,0.965945839881897,0.01,595.63,0.009155394464323762,0.006961249
2895872,542,,,707,,5342,,-7.9512092700000006,0.2,-0.004507726423616987,0.25978779792785645,0.0934326171875,-0.12741988077759742,0.0003,7060,-0.008926639333367348,0.9071453213691711,0.01,595.63,0.00976375716709299,0.009299703
2899968,542,,,708,,5348,,-8.023572190000001,0.2,-0.0032746536788181404,0.25665366649627686,0.070703125,-0.11921312808990478,0.0003,7070,0.012704985216259956,0.9557936191558838,0.01,595.63,0.007170675011002459,0.008252334
2904064,541,0.0201678943743068,0.0,709,0.4270556595031616,5367,25.831979351727153,-7.60362297,0.2,-0.001149063798948191,0.25564372539520264,0.0608154296875,-0.10288552567362785,0.0003,7080,0.012436308898031712,0.9565027356147766,0.02,591.89,0.0017420968164515217,0.005144378
2908160,541,,,710,,5372,,-8.17838572,0.2,-0.002056363464362221,0.257167249917984,0.089990234375,-0.10758066773414612,0.0003,7090,0.015083094127476215,0.6847771406173706,0.02,591.89,0.08825636446417776,0.008703005
2912256,541,,,711,,5378,,-8.22563334,0.2,-0.00010890030243899673,0.25766751170158386,0.0619873046875,-0.11530895158648491,0.0003,7100,0.009573602117598057,0.9613659977912903,0.02,591.89,0.005757288880704437,0.005595629
2916352,541,,,712,,5384,,-8.06953326,0.2,-0.0023350116760411767,0.2631455659866333,0.06796875,-0.14053918272256852,0.0003,7110,0.011729834601283073,0.9204658269882202,0.02,591.89,0.011630064271957962,0.0067159017
2920448,541,,,713,,5389,,-8.02322721,0.2,-0.007439961607451551,0.2619745135307312,0.08583984375,-0.1536896914243698,0.0003,7120,-0.003396752756088972,0.9480913877487183,0.03,588.07,0.009369959813193418,0.009838596
2924544,542,,,714,,5395,,-8.30645012,0.2,-0.0010679590370273218,0.26069536805152893,0.104833984375,-0.14437792897224427,0.0003,7130,0.03607548028230667,0.858952522277832,0.02,592.44,0.08129080409416929,0.009448392
2928640,542,,,715,,5401,,-8.33399897,0.2,-0.0031481491911108605,0.2627393305301666,0.080908203125,-0.14718666821718215,0.0003,7140,-0.014569827355444431,0.9784632325172424,0.02,592.44,0.0028968955612072023,0.007978006
2932736,542,,,716,,5407,,-7.9560231099999985,0.2,-0.002218811412603827,0.2613893747329712,0.0537109375,-0.15113822519779205,0.0003,7150,-0.007495368830859661,0.9432598352432251,0.02,592.44,0.0026389966638816985,0.0056304014
2936832,542,,,717,,5412,,-8.099352070000002,0.2,-0.003082987205198151,0.2598643898963928,0.0873291015625,-0.13848892003297805,0.0003,7160,-0.005408936180174351,0.9121336936950684,0.02,592.44,0.02095419498218689,0.008033931
2940928,542,,,718,,5418,,-8.080686899999998,0.2,-0.0043077905604150145,0.25819921493530273,0.0890869140625,-0.1284928761422634,0.0003,7170,0.004871837329119444,0.9587593674659729,0.03,587.26,0.010982333371066489,0.007876483
2945024,542,,,719,,5424,,-7.96886137,0.2,-0.003604187631572131,0.25686246156692505,0.093408203125,-0.11500835418701172,0.0003,7180,-0.003620644100010395,0.7916214466094971,0.03,587.26,0.061708490323508156,0.0054888437
2949120,543,,,720,,5430,,-8.163457150000001,0.2,-0.005856961460085586,0.2593427896499634,0.0697509765625,-0.1219840630888939,0.0003,7190,0.004762599710375071,0.8718499541282654,0.03,587.26,0.02036835294420598,0.005991672
2953216,543,,,721,,5436,,-7.98308461,0.2,-0.0050405656365910545,0.25698322057724,0.0869140625,-0.12317368313670159,0.0003,7200,-0.004132839385420084,0.92892986536026,0.03,587.26,0.012491476458671968,0.0063904757
2957312,543,,,722,,5441,,-7.759968359999999,0.2,-0.004677472864568699,0.2553621530532837,0.104638671875,-0.1057998739182949,0.0003,7210,-0.0018150231335312128,0.960030734539032,0.03,587.26,0.006227867236884776,0.009564351
2961408,543,,,723,,5447,,-8.08131437,0.2,0.0002932207338744774,0.25675052404403687,0.0798095703125,-0.10464086681604386,0.0003,7220,0.0030396198853850365,0.9260361194610596,0.02,591.0,0.0031068349522684,0.0066881096
2965504,543,,,724,,5453,,-7.269052240000001,0.2,-0.0033432157360948622,0.2539364993572235,0.08212890625,-0.10046111941337585,0.0003,7230,-0.0013140433002263308,0.9599004983901978,0.02,591.0,0.009206765682029073,0.006765514
2969600,543,,,725,,5459,,-7.26299589,0.2,-0.0011825304114609025,0.25091642141342163,0.06923828125,-0.07726612463593482,0.0003,7240,-0.0021694458555430174,0.9659944772720337,0.02,591.0,0.0070097005060233645,0.00640511
2973696,544,,,726,,5464,,-7.63580065,0.2,-0.003392531962890644,0.2522563934326172,0.08505859375,-0.0707042969763279,0.0003,7250,0.0004497867776080966,0.9761934876441956,0.02,591.0,0.003393150499323383,0.007899885
2977792,544,,,727,,5470,,-7.510585,0.2,-0.0026101623065187597,0.250946044921875,0.0759521484375,-0.07037779167294503,0.0003,7260,-0.012009046971797943,0.9597336649894714,0.02,590.73,0.009659980041033123,0.006235298
2981888,544,,,728,,5476,,-6.763358219999999,0.2,-0.0019346982960996683,0.2485051453113556,0.0804443359375,-0.05663753300905228,0.0003,7270,0.0015669474378228188,0.548485279083252,0.03,588.54,0.12392711299471557,0.008074671
2985984,544,,,729,,5482,,-6.696248390000001,0.2,-0.006103136923047714,0.24617496132850647,0.125244140625,-0.03844610825181007,0.0003,7280,0.07326129823923111,0.8452221155166626,0.04,583.81,0.07086749829468317,0.009243213
2990080,544,,,730,,5488,,-6.48258559,0.2,-0.004344557980584795,0.24576124548912048,0.104248046875,-0.02717665210366249,0.0003,7290,0.03937333822250366,0.6167017817497253,0.04,583.81,0.13653207521419972,0.007656321
2994176,545,,,731,,5493,,-6.1354874100000005,0.2,-0.004075607138656778,0.24583247303962708,0.0754150390625,-0.02631649523973465,0.0003,7300,-0.005861553363502026,0.9747675657272339,0.05,578.6,0.003358897671569139,0.00705708
2998272,545,,,732,,5499,,-5.8067983299999995,0.2,-3.5008116901735777e-05,0.24614396691322327,0.090869140625,-0.02759534791111946,0.0003,7310,0.001202045357786119,0.6513117551803589,0.05,578.6,0.04865186478928081,0.006203776
3002368,544,0.0010164278202513747,0.0,733,0.00017450926663719083,5518,25.979742342281963,-5.669873739999998,0.2,-0.0014112722099525854,0.24693457782268524,0.1118896484375,-0.033209442347288134,0.0003,7320,-0.006370506715029478,0.9040056467056274,0.04,583.78,0.007597489537147339,0.0095791295
3006464,544,,,734,,5524,,-5.463888399999999,0.2,-0.0027767504783696496,0.24741779267787933,0.064404296875,-0.03968784362077713,0.0003,7330,-0.004085959866642952,0.9715892672538757,0.04,583.78,0.006662335046712542,0.0063006026
3010560,544,,,735,,5531,,-5.411702699999998,0.2,-0.002955902884423267,0.2472066432237625,0.095361328125,-0.0399691216647625,0.0003,7340,0.010895512998104095,0.9268985390663147,0.04,583.78,0.015677321407201815,0.006021804
3014656,544,,,736,,5536,,-5.35077217,0.2,-0.003960817371262237,0.2466135323047638,0.0672607421875,-0.03812194690108299,0.0003,7350,0.006856149528175592,0.908058226108551,0.04,583.78,0.0147252251743339,0.006440245
