eval/final_error_cm,rollout/success_rate,rollout/ep_rew_mean,eval/progress,time/total_timesteps,time/time_elapsed,eval/mean_deviation_cm,time/iterations,time/fps,eval/success_rate,rollout/ep_len_mean,train/explained_variance,train/value_loss,train/clip_fraction,train/policy_gradient_loss,train/approx_kl,train/entropy_loss,train/n_updates,train/learning_rate,train/loss,train/clip_range,train/std
25.979740027618263,0.04,-6.047135589999999,0.0010164726172460802,3004096,16,0.0001760278185492693,1,246,0.0,583.78,,,,,,,,,,,
,0.05,-5.22621355,,3008192,22,,2,358,,579.02,0.9586911201477051,0.0008401007122301962,0.0897705078125,-0.0019438806644757277,0.005594422,-0.036199676990509036,7330,0.0003,-0.009289762005209923,0.2,0.24668490886688232
,0.06,-5.331199149999999,,3012288,28,,3,432,,573.56,0.8422484397888184,0.05657102588447742,0.0744384765625,-0.002109690489305649,0.0073570013,-0.02376480996608734,7340,0.0003,0.01408341433852911,0.2,0.24389386177062988
,0.06,-5.06321363,,3016384,33,,4,495,,573.56,0.8037922382354736,0.03619453255450935,0.0633544921875,-0.0013641858400660566,0.0071925786,-0.0011240065097808838,7350,0.0003,0.01806586980819702,0.2,0.24110475182533264
,0.06,-4.8037923000000005,,3020480,36,,5,554,,573.56,0.837937593460083,0.012917015713173895,0.0699951171875,-0.0056688494747504595,0.0063391738,0.02341075986623764,7360,0.0003,0.00494972663000226,0.2,0.2379641830921173
,0.06,-4.99948623,,3024576,40,,6,604,,573.56,0.9841314554214478,0.0018187624253187095,0.09150390625,-0.004079410138365347,0.0067970837,0.03751445040106773,7370,0.0003,0.006108074449002743,0.2,0.2377902865409851
,0.06,-4.88640163,,3028672,44,,7,646,,573.56,0.8472059965133667,0.013072450198524165,0.0845458984375,-0.0018398072410491296,0.012557469,0.04155294969677925,7380,0.0003,-0.0012783561833202839,0.2,0.23693965375423431
,0.06,-4.66161706,,3032768,48,,8,680,,573.56,0.9046860933303833,0.0194257475057384,0.0631103515625,-0.0010401215593446977,0.0060534,0.04574442431330681,7390,0.0003,0.031789038330316544,0.2,0.23702804744243622
,0.05,-4.93580724,,3036864,52,,9,705,,577.65,0.9541956186294556,0.02200998270709533,0.0900634765625,-0.0043613592395558955,0.008640544,0.034898409992456435,7400,0.0003,-0.00910492055118084,0.2,0.23895487189292908
,0.04,-5.7522048099999985,,3040960,56,,10,729,,579.84,0.9844443798065186,0.0103009703263524,0.07939453125,-0.0035749130707699805,0.007983953,0.02629135549068451,7410,0.0003,0.007993156090378761,0.2,0.23884344100952148
,0.04,-5.52582031,,3045056,59,,11,751,,579.84,0.9930994510650635,0.0010184974848016282,0.0683837890625,-2.8595216281246395e-05,0.0051961485,0.025796013325452803,7420,0.0003,-0.008814379572868347,0.2,0.23955073952674866
,0.03,-5.74861492,,3049152,63,,12,770,,584.57,0.9674556255340576,0.003280102067947155,0.08896484375,-0.004556357307592407,0.007629935,0.02783045992255211,7430,0.0003,-0.002631738316267729,0.2,0.23847252130508423
,0.04,-5.49737271,,3053248,67,,13,787,,583.98,0.8918055295944214,0.018830122002691498,0.11015625,-0.004589689115528017,0.008682114,0.027906420081853865,7440,0.0003,-0.0004437414463609457,0.2,0.2388399988412857
,0.03,-5.64012329,,3057344,71,,14,802,,589.19,0.8353803157806396,0.09633860511239618,0.1022216796875,-0.00038457184127764775,0.010727799,0.03309517577290535,7450,0.0003,0.01829509809613228,0.2,0.23760679364204407
,0.03,-5.94274374,,3061440,75,,15,817,,589.19,0.9585418105125427,0.004427362159913173,0.0892578125,-0.00013679924159077929,0.006183022,0.03709252998232841,7460,0.0003,0.013984255492687225,0.2,0.23761925101280212
,0.03,-5.84767559,,3065536,80,,16,814,,589.19,0.9648386836051941,0.0011386746062271413,0.076953125,0.0013290321599924936,0.0076525966,0.029198970645666122,7470,0.0003,-0.0010179782984778285,0.2,0.2396855503320694
,0.02,-5.8619587,,3069632,87,,17,791,,593.95,0.9110209345817566,0.004758606616815086,0.07138671875,0.002895319540402852,0.0064221295,0.016099678725004195,7480,0.0003,0.02201262302696705,0.2,0.24037444591522217
,0.01,-5.93691561,,3073728,92,,18,797,,599.41,0.952559769153595,0.009938594831328373,0.0558837890625,-0.0017644324267166666,0.006834578,0.011418968439102173,7490,0.0003,0.013504781760275364,0.2,0.24119456112384796
,0.01,-5.955686480000001,,3077824,96,,19,807,,599.41,0.9875797033309937,0.001088522019017546,0.07802734375,-0.0005201320454943925,0.004647803,-0.0028809010982513428,7500,0.0003,-0.0078944843262434,0.2,0.243454247713089
,0.02,-5.791107790000001,,3081920,100,,20,816,,597.12,0.7783512473106384,0.00609194866665348,0.056298828125,-0.002663411051617004,0.0078081815,-0.010488655418157578,7510,0.0003,-0.011810341849923134,0.2,0.24313300848007202
,0.02,-5.712407759999999,,3086016,104,,21,825,,597.12,0.41251301765441895,0.08068575614597648,0.1043212890625,-0.003805236171319848,0.008411117,-0.004286913573741913,7520,0.0003,0.00852813757956028,0.2,0.2419888824224472
,0.02,-6.1597729,,3090112,108,,22,834,,597.12,0.9564965963363647,0.016979158390313387,0.089306640625,-0.00339191525708884,0.007545432,0.007085982710123062,7530,0.0003,-0.014461747370660305,0.2,0.24079850316047668
,0.02,-5.9394072499999995,,3094208,112,,23,840,,597.12,0.9653483629226685,0.00515352409274783,0.0677490234375,-0.0021681404039554765,0.0056612194,0.008247950673103332,7540,0.0003,0.008466435596346855,0.2,0.24150413274765015
,0.02,-5.65662288,,3098304,116,,24,844,,597.12,0.8730759024620056,0.02215548009116901,0.0865234375,-0.006538504485797602,0.0074166255,-0.0032511740922927857,7550,0.0003,0.002857124898582697,0.2,0.2436862736940384
25.92132302323104,0.02,-5.721241979999999,0.011075911296527217,3102400,132,0.3484966641165704,25,773,0.0,597.12,0.905920147895813,0.029147745089721865,0.0939697265625,-0.0032235550344921647,0.008609559,-0.015678270161151885,7560,0.0003,0.016200702637434006,0.2,0.24447783827781677
,0.02,-5.61038083,,3106496,136,,26,782,,597.12,0.9641618728637695,0.011847697917255573,0.0919677734375,-0.004805673645751085,0.009551698,-0.019608627259731292,7570,0.0003,0.016227342188358307,0.2,0.24432702362537384
,0.01,-5.825701210000001,,3110592,139,,27,790,,597.71,0.9935221672058105,0.0014091793833358678,0.0816162109375,-0.00043918810260947796,0.007032999,-0.014067219942808152,7580,0.0003,-0.001768323709256947,0.2,0.243446946144104
,0.01,-5.741246100000001,,3114688,143,,28,798,,597.71,0.9626684188842773,0.0032955693095573224,0.0576171875,-0.001333938525931444,0.0054398263,-0.014970210939645767,7590,0.0003,-0.0066630225628614426,0.2,0.24510082602500916
,0.01,-5.719967190000001,,3118784,147,,29,805,,597.71,0.9545606374740601,0.0012971892194400426,0.0741943359375,-0.002443135273642838,0.008742528,-0.02914089262485504,7600,0.0003,-0.007036084309220314,0.2,0.2467244565486908
,0.01,-5.39799638,,3122880,151,,30,812,,597.71,0.9487844705581665,0.0014421071195101832,0.06787109375,-0.0023196776586701163,0.0044278735,-0.031748590618371965,7610,0.0003,0.008568363264203072,0.2,0.24570304155349731
,0.02,-5.402596550000001,,3126976,155,,31,817,,593.52,0.93888920545578,0.003652067761140643,0.0927734375,-0.00538556579122087,0.0066209687,-0.024090576171875,7620,0.0003,-0.005538542754948139,0.2,0.24493959546089172
,0.02,-5.174323499999999,,3131072,159,,32,819,,593.52,0.6499537229537964,0.05501270845561521,0.0610107421875,-0.002463017941045109,0.0050685913,-0.0264535054564476,7630,0.0003,0.009037473239004612,0.2,0.24574396014213562
,0.02,-5.541951869999999,,3135168,164,,33,823,,593.52,0.8449501395225525,0.017287678337015677,0.085888671875,-0.007903297684970311,0.008303475,-0.03810917511582375,7640,0.0003,-0.012793557718396187,0.2,0.248031884431839
,0.01,-5.9219302800000015,,3139264,168,,34,825,,595.81,0.9297862648963928,0.005128594412963139,0.068798828125,-0.0032379225929616952,0.0064108516,-0.05700399056077003,7650,0.0003,-0.010586706921458244,0.2,0.2497594654560089
,0.01,-6.062595380000001,,3143360,172,,35,829,,595.81,0.8962688446044922,0.0032353304293792464,0.0857666015625,-0.002457929811498616,0.007898297,-0.06163144409656525,7660,0.0003,-0.008932949975132942,0.2,0.24941208958625793
,0.02,-5.50521136,,3147456,177,,36,831,,590.66,0.9524597525596619,0.0014841552230791422,0.069775390625,-0.0027071172124124134,0.0055560684,-0.04792309105396271,7670,0.0003,-0.008585769683122635,0.2,0.24693652987480164
,0.02,-5.7579868099999985,,3151552,181,,37,833,,590.66,0.6781407594680786,0.05026675596891437,0.0974853515625,-0.0029489301232388243,0.008449174,-0.028873974084854127,7680,0.0003,0.01735556311905384,0.2,0.24441033601760864
,0.03,-5.41705928,,3155648,186,,38,836,,586.25,0.9871905446052551,0.0032858646682143444,0.0683837890625,-0.003466895763995126,0.00562886,-0.021916641294956206,7690,0.0003,-0.008296526968479156,0.2,0.24516618251800537
,0.04,-5.1132943,,3159744,190,,39,839,,584.4,0.816886305809021,0.05666700610308908,0.093505859375,-0.0037195257034909448,0.008191279,-0.009875697642564773,7700,0.0003,0.012505406513810158,0.2,0.24097418785095215
,0.04,-5.241171560000001,,3163840,194,,40,841,,584.4,0.8994719386100769,0.07237277457898017,0.085009765625,-0.002263108719853335,0.008719375,0.021013905853033067,7710,0.0003,-0.012555893510580063,0.2,0.23835322260856628
,0.04,-5.132973509999999,,3167936,198,,41,844,,584.4,0.9475165009498596,0.007700690302590374,0.06767578125,-0.001178556532249786,0.0053492626,0.019747576862573623,7720,0.0003,-0.007491225376725197,0.2,0.24074235558509827
,0.04,-5.121214980000001,,3172032,203,,42,845,,584.4,0.9738625884056091,0.002626188595604617,0.06015625,-0.0005128402510308661,0.005834261,0.01587587743997574,7730,0.0003,-0.012297236360609531,0.2,0.2399277687072754
,0.04,-5.30321108,,3176128,207,,43,849,,584.4,0.9465306997299194,0.003703896829392761,0.071923828125,-0.0022599029849516227,0.007160688,0.022253282368183136,7740,0.0003,-0.01084514707326889,0.2,0.2388615757226944
,0.04,-5.392342910000001,,3180224,211,,44,852,,584.4,0.9752514958381653,0.002272657566209091,0.0808837890625,-0.00292433399008587,0.0074672075,0.03451306819915771,7750,0.0003,-0.012856136076152325,0.2,0.23670370876789093
,0.04,-5.442497730000001,,3184320,215,,45,855,,584.4,0.976693868637085,0.002502042968990281,0.0755126953125,-0.004728940561471972,0.006501942,0.051301366090774535,7760,0.0003,-0.015236959792673588,0.2,0.23511344194412231
,0.03,-5.472258879999999,,3188416,219,,46,857,,588.59,0.8694484233856201,0.022100422241783234,0.07880859375,-0.0036596341378754005,0.008118713,0.05107273980975151,7770,0.0003,0.005141763482242823,0.2,0.2370714247226715
,0.03,-5.95877024,,3192512,223,,47,860,,588.59,0.8948763608932495,0.006571292830267339,0.0638427734375,0.0007273540759342723,0.0071074683,0.03228721171617508,7780,0.0003,-0.009421183727681637,0.2,0.239525705575943
,0.03,-5.6930786000000015,,3196608,228,,48,862,,588.59,0.9446436762809753,0.013526065733458381,0.08359375,-0.0044156230491353195,0.007049529,0.031504064053297046,7790,0.0003,-0.015416387468576431,0.2,0.23687586188316345
25.5253875990474,0.03,-5.479389359999999,0.038668075236112855,3200704,243,0.8744413857641659,49,822,0.0,588.59,0.96626216173172,0.005386317391821649,0.1003662109375,-0.004629974185081665,0.008292735,0.05084493309259415,7800,0.0003,-0.003150572534650564,0.2,0.23513388633728027
,0.02,-5.79959061,,3204800,247,,50,826,,593.74,0.9814642667770386,0.0033501789708680007,0.088623046875,-0.005267956235911697,0.008768598,0.062486603111028674,7810,0.0003,0.0007841434562578797,0.2,0.2344997376203537
,0.02,-6.087251139999999,,3208896,251,,51,830,,593.74,0.980232298374176,0.003109180037063197,0.0701416015625,-0.002426455999375321,0.0065089054,0.06155752018094063,7820,0.0003,-0.0060624368488788605,0.2,0.23473912477493286
,0.02,-6.033207949999999,,3212992,255,,52,833,,593.74,0.9690852761268616,0.0060154322411108295,0.084521484375,-0.0025633886209107002,0.0057336185,0.051579874753952024,7830,0.0003,-0.002504388801753521,0.2,0.23691624402999878
,0.0,-6.377294649999999,,3217088,259,,53,835,,600.0,0.9373936057090759,0.019173666914139176,0.089208984375,-0.002487211997504346,0.006310963,0.04167413264513016,7840,0.0003,0.008603183552622795,0.2,0.23730725049972534
,0.01,-6.14386927,,3221184,264,,54,837,,595.96,0.9151878356933594,0.0030846449484670303,0.089990234375,-0.0021686863896320575,0.0078873895,0.039150001108646394,7850,0.0003,-0.018824556842446327,0.2,0.23767319321632385
,0.03,-6.16130349,,3225280,268,,55,840,,588.46,0.8787536025047302,0.09820461013587192,0.070703125,-0.0017163302676635795,0.0078068934,0.039161719381809235,7860,0.0003,0.008991427719593048,0.2,0.2371094822883606
,0.03,-6.40127016,,3229376,272,,56,842,,588.46,0.6527453660964966,0.1775738558964804,0.081298828125,-0.003521988131251419,0.008625407,0.06154497340321541,7870,0.0003,0.13268041610717773,0.2,0.23250043392181396
,0.03,-6.3631190700000015,,3233472,276,,57,844,,588.46,0.9552745819091797,0.008679111252422444,0.0983642578125,-0.005341691375360824,0.0077935634,0.08269480019807815,7880,0.0003,-0.004154636990278959,0.2,0.2323416769504547
,0.03,-6.649810059999998,,3237568,280,,58,847,,588.46,0.981109082698822,0.0024685855227289722,0.0954345703125,-0.0023985424268175848,0.0072611044,0.08311071991920471,7890,0.0003,0.0026627667248249054,0.2,0.2318703532218933
,0.03,-6.92458057,,3241664,284,,59,849,,588.46,0.9763219952583313,0.005805221992341103,0.0734619140625,-0.005032199482957367,0.00768342,0.08279316499829292,7900,0.0003,-0.011423949152231216,0.2,0.2329523116350174
,0.03,-6.846979630000001,,3245760,288,,60,851,,588.46,0.966254472732544,0.012957135864417069,0.0751708984375,-0.003001225217303727,0.0068838457,0.07672927603125572,7910,0.0003,-0.0009423429146409035,0.2,0.2332276701927185
,0.03,-6.43971368,,3249856,292,,61,854,,588.46,0.9086129665374756,0.024503089468635154,0.059765625,-0.0036697259522043167,0.006419757,0.06536730080842972,7920,0.0003,-0.00840796995908022,0.2,0.2357238531112671
,0.03,-6.6192439400000005,,3253952,296,,62,856,,588.46,0.9327369928359985,0.008656037586479214,0.109423828125,-0.006834170660295058,0.009197908,0.04820697158575058,7930,0.0003,-0.013271838426589966,0.2,0.23694898188114166
,0.03,-6.345544299999999,,3258048,300,,63,857,,588.46,0.9819023013114929,0.0017728706490743207,0.0833740234375,-0.0009666344383731484,0.00540574,0.04509204998612404,7940,0.0003,0.002989003900438547,0.2,0.23660755157470703
,0.03,-6.486845149999999,,3262144,305,,64,859,,588.46,0.9712666273117065,0.0028154561932751676,0.084033203125,-0.0021214571956079454,0.0063515594,0.04768815413117409,7950,0.0003,0.007909485138952732,0.2,0.23641736805438995
,0.03,-6.35844846,,3266240,309,,65,861,,588.46,0.9957346320152283,0.0005103185663756449,0.0902587890625,-0.0033386821276508273,0.008352551,0.039121903479099274,7960,0.0003,-0.006666341796517372,0.2,0.2380918264389038
,0.03,-6.284246120000001,,3270336,313,,66,862,,588.46,0.9690099358558655,0.005319860557210632,0.0726318359375,-0.004577954057458556,0.0051967297,0.03135102763772011,7970,0.0003,0.0034248647280037403,0.2,0.23810023069381714
,0.03,-6.00202124,,3274432,317,,67,863,,588.46,0.9763529896736145,0.0009262440802558558,0.0742431640625,-0.0032135230576386675,0.0065360963,0.02285144254565239,7980,0.0003,3.6117693525739014e-05,0.2,0.2406826913356781
,0.02,-6.43587855,,3278528,322,,68,864,,592.5,0.9841287136077881,0.0036630184717068915,0.079248046875,-0.0031102249093237335,0.006808536,0.01423010155558586,7990,0.0003,-0.0046529886312782764,0.2,0.23957142233848572
,0.02,-6.250007120000001,,3282624,326,,69,866,,592.5,0.9722824096679688,0.0029282907336892093,0.060888671875,-0.0009700578739284538,0.005788357,0.02828618511557579,8000,0.0003,-9.398796828463674e-05,0.2,0.23801004886627197
,0.0,-6.45897235,,3286720,330,,70,867,,600.0,0.9968457818031311,0.001331608021610009,0.080517578125,-0.0013877701567253098,0.00846149,0.037764740735292436,8010,0.0003,0.005026206374168396,0.2,0.23729221522808075
,0.0,-6.2095902500000015,,3290816,335,,71,866,,600.0,0.9941118359565735,0.001002780223461741,0.0891845703125,-0.002820137020898983,0.009038238,0.04358252659440041,8020,0.0003,0.0029384056106209755,0.2,0.23627936840057373
,0.0,-6.335002910000001,,3294912,340,,72,866,,600.0,0.9061276316642761,0.009860572775505717,0.0667724609375,-0.003314764518290758,0.005937987,0.03699423223733902,8030,0.0003,0.008080956526100636,0.2,0.2390579879283905
,0.01,-6.0732193699999995,,3299008,344,,73,867,,596.17,0.9853438138961792,0.002224877077242127,0.0821533203125,-0.0035828616790240632,0.0061985166,0.01873174011707306,8040,0.0003,-0.0008829532307572663,0.2,0.24049384891986847
23.59135794807213,0.01,-6.10873279,0.12507522481362784,3303104,360,0.8551098565826639,74,840,0.125,596.17,0.8645700812339783,0.02816096043534344,0.0885498046875,-0.0024850738285749686,0.0069594905,0.019932343065738677,8050,0.0003,-0.00014499155804514885,0.2,0.23832473158836365
,0.01,-6.000072290000002,,3307200,364,,75,842,,596.17,0.9565975666046143,0.00437790123760351,0.055224609375,-0.003483403319842182,0.0061069326,0.033455534279346465,8060,0.0003,-0.0012808064930140972,0.2,0.23790889978408813
,0.01,-6.271219500000001,,3311296,368,,76,844,,596.17,0.9241832494735718,0.004045008812317974,0.0736572265625,-0.0014626264266553335,0.0059962603,0.03657682910561562,8070,0.0003,-0.004602133296430111,0.2,0.23713958263397217
,0.02,-6.028544690000001,,3315392,372,,77,846,,591.87,0.9258252382278442,0.007205893313221167,0.0678955078125,-0.001790053298464045,0.0062309597,0.03808048367500305,8080,0.0003,0.01429583877325058,0.2,0.2377532422542572
,0.02,-6.16480875,,3319488,377,,78,845,,591.87,0.9263059496879578,0.04018951105244924,0.109765625,-0.004439309740700992,0.008415719,0.05214746668934822,8090,0.0003,0.025866298004984856,0.2,0.23432159423828125
,0.02,-6.152668920000001,,3323584,382,,79,845,,591.87,0.9831354022026062,0.00704442864334851,0.08466796875,-0.00499360805406468,0.0075047035,0.06135324910283089,8100,0.0003,-0.007365616504102945,0.2,0.23542934656143188
,0.02,-6.56142783,,3327680,387,,80,845,,591.87,0.9725083112716675,0.008049813564139186,0.073095703125,-0.0022428381562349387,0.007765577,0.05986755415797233,8110,0.0003,-0.007749373558908701,0.2,0.2342032641172409
,0.02,-6.67298101,,3331776,391,,81,846,,591.87,0.9634829759597778,0.0037511346392420817,0.079345703125,-0.0042022224006359465,0.0076832357,0.05164072513580322,8120,0.0003,-0.004198587033897638,0.2,0.23769080638885498
,0.02,-6.3743940299999995,,3335872,396,,82,847,,591.87,0.9160720705986023,0.0064626737977960145,0.0780517578125,-0.005926484563678969,0.005948351,0.03514993712306023,8130,0.0003,-0.007062060758471489,0.2,0.2383171021938324
,0.02,-6.41456627,,3339968,401,,83,847,,591.87,0.8110139966011047,0.004237356244993861,0.0767333984375,-0.0001924151583807543,0.006758468,0.03272900804877281,8140,0.0003,-0.004339002538472414,0.2,0.2380915880203247
,0.03,-6.0513985,,3344064,405,,84,848,,587.7,0.8800541162490845,0.00560804585184087,0.0580810546875,-0.0015314216172555462,0.006347167,0.03258165046572685,8150,0.0003,0.016370760276913643,0.2,0.23825809359550476
,0.03,-6.23733769,,3348160,410,,85,848,,587.7,0.7711585760116577,0.04408276850008406,0.0842529296875,-0.0008081786974798888,0.0066220043,0.032659192383289334,8160,0.0003,0.019720954820513725,0.2,0.23817411065101624
,0.03,-6.3041690599999995,,3352256,415,,86,848,,587.7,0.9328249096870422,0.023379191945423372,0.089501953125,-0.0035140463449351957,0.008168902,0.03578425198793411,8170,0.0003,-0.003907938953489065,0.2,0.2377200722694397
,0.02,-6.4786874999999995,,3356352,420,,87,847,,591.53,0.9257737398147583,0.019921249408798757,0.0844970703125,-0.005532966020109597,0.0068110414,0.029331352561712265,8180,0.0003,-0.0012933029793202877,0.2,0.23935702443122864
,0.02,-6.34261062,,3360448,424,,88,848,,591.53,0.9747222065925598,0.0075672470105928365,0.07646484375,-0.002259629813488573,0.006206207,0.026435641944408415,8190,0.0003,0.007411956787109375,0.2,0.23866336047649384
,0.03,-6.215555540000001,,3364544,430,,89,847,,586.27,0.9462712407112122,0.01721811715688091,0.1189697265625,-0.004664068983402103,0.007036249,0.028722555935382844,8200,0.0003,0.00026116054505109787,0.2,0.23900653421878815
,0.03,-6.071081769999999,,3368640,435,,90,847,,586.27,0.7741996049880981,0.06457212646491825,0.07548828125,-0.0028179855915368536,0.006098996,0.04497588202357292,8210,0.0003,0.006831072270870209,0.2,0.2349698543548584
,0.03,-5.938711760000001,,3372736,440,,91,847,,586.27,0.8945596814155579,0.01348282014077995,0.0729736328125,-0.0014855148969218136,0.0042908024,0.0583010733127594,8220,0.0003,0.004535955376923084,0.2,0.2356603890657425
,0.02,-6.38931782,,3376832,445,,92,846,,590.57,0.9640137553215027,0.005325198888021987,0.066259765625,-0.0028333937138086186,0.0066195494,0.05239659920334816,8230,0.0003,0.0030928656924515963,0.2,0.23612499237060547
,0.03,-6.021757230000002,,3380928,449,,93,846,,585.19,0.9669191241264343,0.00405874555799528,0.070263671875,0.0010923207271844148,0.004716197,0.05146534442901611,8240,0.0003,-0.0055547840893268585,0.2,0.23626624047756195
,0.03,-5.423929690000001,,3385024,454,,94,846,,585.19,0.5503122806549072,0.03156207362262649,0.109716796875,-0.00246464918309357,0.006884289,0.05486210137605667,8250,0.0003,0.00349202798679471,0.2,0.23501816391944885
,0.03,-5.433976779999998,,3389120,459,,95,846,,585.19,0.969636857509613,0.002441549270770338,0.0625244140625,-0.0047264826047467064,0.0059290323,0.057424408942461015,8260,0.0003,-0.016564685851335526,0.2,0.23538878560066223
,0.03,-5.492614,,3393216,464,,96,847,,585.19,0.9781416058540344,0.001236709044133022,0.0717529296875,-0.000594160617038142,0.005903037,0.04925424829125404,8270,0.0003,-0.0052561466582119465,0.2,0.23714961111545563
,0.03,-5.37055328,,3397312,469,,97,847,,585.19,0.9582383632659912,0.005586008101090556,0.1002685546875,-0.007757342328841332,0.008833738,0.035463015735149386,8280,0.0003,0.00467525003477931,0.2,0.23863458633422852
24.772553142718763,0.02,-5.42771897,0.12510846156996025,3401408,486,0.9931276445957622,98,824,0.0,589.36,0.9702426791191101,0.0019638396057416684,0.05908203125,-0.0010416956181870773,0.0047562895,0.030410324037075043,8290,0.0003,0.0017974571092054248,0.2,0.23861809074878693
,0.02,-5.599902520000001,,3405504,491,,99,825,,589.36,0.9457109570503235,0.003954254817290348,0.090625,-0.0015694591580540872,0.007468894,0.023694315552711488,8300,0.0003,-0.0064886175096035,0.2,0.24056711792945862
,0.02,-5.294775039999998,,3409600,495,,100,826,,589.36,0.9865407943725586,0.0017401450724719326,0.057421875,-0.0010793552588438614,0.0050496426,0.01103665679693222,8310,0.0003,-0.0012881850125268102,0.2,0.24082878232002258
,0.02,-5.39020421,,3413696,500,,101,826,,589.36,0.9759199023246765,0.0017531419565784746,0.1028076171875,-0.002749388308438938,0.009152607,0.014407427608966827,8320,0.0003,0.007277873810380697,0.2,0.24032899737358093
,0.02,-5.08028116,,3417792,505,,102,826,,589.36,0.9476405382156372,0.002642262013250729,0.079443359375,-0.0015189661993645132,0.007867077,0.02180047854781151,8330,0.0003,-0.0037895962595939636,0.2,0.23922988772392273
,0.02,-5.36575926,,3421888,509,,103,828,,589.36,0.9641872048377991,0.01123457026333199,0.116650390625,-0.005419629103562329,0.008920789,0.027618216723203658,8340,0.0003,-0.002520050387829542,0.2,0.23919780552387238
,0.01,-5.6356760999999995,,3425984,513,,104,828,,594.62,0.9629030823707581,0.00855264744386659,0.0535888671875,-0.0004587990595609881,0.0057313116,0.027999747544527054,8350,0.0003,0.007579119876027107,0.2,0.23911330103874207
,0.01,-5.52195928,,3430080,518,,105,829,,594.62,0.9485430121421814,0.007025467093626503,0.1151611328125,-0.004786078565302887,0.009348113,0.026494582742452623,8360,0.0003,-0.013917513191699982,0.2,0.23997604846954346
,0.01,-5.709635789999998,,3434176,523,,106,829,,594.62,0.9835323095321655,0.0025228206013707677,0.067822265625,-0.0016626491822535172,0.007052143,0.023858100175857544,8370,0.0003,-0.003011946566402912,0.2,0.24023860692977905
,0.01,-5.616964039999999,,3438272,528,,107,829,,594.62,0.9811086058616638,0.004492354352260008,0.06455078125,-0.002135541583993472,0.006151608,0.020416747033596038,8380,0.0003,-0.002164458855986595,0.2,0.24057403206825256
,0.0,-5.89148594,,3442368,533,,108,828,,600.0,0.9496813416481018,0.004525959245438571,0.081591796875,-0.006774958473397419,0.0068328576,0.018152234703302385,8390,0.0003,-0.002258462831377983,0.2,0.2408618927001953
,0.0,-5.912995649999999,,3446464,539,,109,827,,600.0,0.9722195267677307,0.0033090077566157563,0.099072265625,-0.0029299724847078323,0.006261115,0.01452886313199997,8400,0.0003,-0.006583014503121376,0.2,0.24163082242012024
,0.0,-6.270098919999999,,3450560,544,,110,827,,600.0,0.9826575517654419,0.0025516623667499517,0.0809814453125,-0.0021192345913732423,0.008347711,0.015501434355974198,8410,0.0003,0.003917071968317032,0.2,0.2407531887292862
,0.0,-6.400820620000002,,3454656,548,,111,828,,600.0,0.933978259563446,0.03213707844115561,0.0713623046875,-0.0016576084388361778,0.0075833206,0.017285265773534775,8420,0.0003,-0.001400098204612732,0.2,0.24143844842910767
,0.01,-6.3664523299999995,,3458752,552,,112,829,,595.46,0.940186619758606,0.003255822113715112,0.0691650390625,-0.00168045378595707,0.005132084,0.012730742990970611,8430,0.0003,0.012183799408376217,0.2,0.24148115515708923
,0.01,-6.35607867,,3462848,557,,113,830,,595.46,0.8294413685798645,0.029186100256629287,0.0682373046875,-0.0022293484304100274,0.0077626733,0.025042086094617843,8440,0.0003,0.010213656350970268,0.2,0.2386506199836731
,0.01,-6.500809960000001,,3466944,561,,114,831,,595.46,0.9548317193984985,0.009905205178074538,0.08056640625,-0.0020720910833915696,0.008031341,0.048899087309837344,8450,0.0003,-0.0015440802089869976,0.2,0.236430823802948
,0.01,-6.5634139000000005,,3471040,565,,115,832,,595.46,0.9931058883666992,0.003051273783785291,0.089501953125,-0.0005540568163269199,0.0066875448,0.06490384787321091,8460,0.0003,0.0073701925575733185,0.2,0.2350209355354309
,0.01,-6.52895225,,3475136,570,,116,833,,595.46,0.9183415770530701,0.0047810881380428326,0.0946044921875,-0.004198655985965161,0.009031568,0.06987796425819397,8470,0.0003,0.0042099300771951675,0.2,0.23515823483467102
,0.01,-7.18110168,,3479232,574,,117,833,,595.46,0.9613917469978333,0.004459596482047345,0.07958984375,-0.0027558537214645183,0.0066179438,0.06882793232798576,8480,0.0003,0.003987244330346584,0.2,0.23483014106750488
,0.01,-7.032084960000001,,3483328,579,,118,834,,595.46,0.9081933498382568,0.006497843169927364,0.0797607421875,-0.0010210488922894,0.0065482184,0.06275700777769089,8490,0.0003,-0.00687195360660553,0.2,0.23656243085861206
,0.01,-7.33428497,,3487424,583,,119,835,,595.46,0.9812605381011963,0.0019225938602176029,0.107470703125,-0.00407661747012753,0.010162606,0.054243820160627364,8500,0.0003,-0.005966306664049625,0.2,0.23701149225234985
,0.01,-6.989496130000001,,3491520,587,,120,836,,595.46,0.8655035495758057,0.025307906947273296,0.0932861328125,-0.00682891403339454,0.007587189,0.0529239222407341,8510,0.0003,-0.015690792351961136,0.2,0.23553182184696198
,0.01,-6.76316942,,3495616,591,,121,837,,595.46,0.9880114793777466,0.0009773921444320877,0.0920654296875,-0.0022249366193136666,0.0076306495,0.05645025223493576,8520,0.0003,0.0060858153738081455,0.2,0.23632338643074036
,0.01,-6.571686570000001,,3499712,596,,122,838,,595.46,0.9813193678855896,0.0009516489632915182,0.0905029296875,-0.0031734544259961694,0.008649209,0.05398578271269798,8530,0.0003,-0.0104531180113554,0.2,0.23572394251823425
26.084755369836994,0.01,-6.413364940000001,0.0011457453322265888,3503808,611,0.5632080485033069,123,823,0.0,595.46,0.9883785843849182,0.001088560937478178,0.088232421875,-0.003525958750105929,0.009992067,0.046964482963085176,8540,0.0003,-0.013673888519406319,0.2,0.23807933926582336
,0.01,-6.52456871,,3507904,615,,124,824,,595.46,0.9815196990966797,0.003599173684233392,0.11201171875,-0.002000272797886282,0.007979312,0.04337785392999649,8550,0.0003,-0.0026377311442047358,0.2,0.23636943101882935
,0.01,-6.647516749999999,,3512000,619,,125,826,,595.46,0.9673006534576416,0.004273060918421834,0.1036376953125,-0.005987034761346877,0.0075517665,0.049827276915311816,8560,0.0003,8.33830563351512e-05,0.2,0.23698708415031433
,0.0,-7.46391257,,3516096,623,,126,828,,600.0,0.9258838891983032,0.007223763640649849,0.09853515625,-0.004234195772005478,0.008379401,0.055009419471025466,8570,0.0003,-0.0041677700355648994,0.2,0.23503455519676208
,0.0,-7.430690339999999,,3520192,626,,127,830,,600.0,0.986020028591156,0.0020416877210664096,0.0807373046875,-0.0017143379693152383,0.008529915,0.06868097111582756,8580,0.0003,0.010550055652856827,0.2,0.23370561003684998
,0.0,-7.397619540000001,,3524288,630,,128,831,,600.0,0.9914116263389587,0.001219639402552275,0.0872802734375,-0.003460977580107283,0.006936431,0.07659153118729592,8590,0.0003,-0.009841728955507278,0.2,0.23269909620285034
,0.0,-6.96787474,,3528384,634,,129,832,,600.0,0.9600573182106018,0.0008006389021829819,0.082275390625,-1.934851607074961e-05,0.006059818,0.08663903400301934,8600,0.0003,-0.00011189337237738073,0.2,0.23167970776557922
,0.0,-7.101564319999999,,3532480,638,,130,833,,600.0,0.9693832397460938,0.0019596997755797927,0.060693359375,-0.002707262508920394,0.0050081373,0.0925024040043354,8610,0.0003,-0.0068260012194514275,0.2,0.23128652572631836
,0.0,-6.60194653,,3536576,642,,131,834,,600.0,0.988883912563324,0.00047846902730270814,0.0802978515625,-0.0009608447391656228,0.006511065,0.10625946596264839,8620,0.0003,0.004880757536739111,0.2,0.2286527156829834
,0.0,-6.425396940000001,,3540672,646,,132,836,,600.0,0.9661422371864319,0.001937175368584576,0.097314453125,-0.0036189531383570284,0.0077452585,0.11566234827041626,8630,0.0003,-0.014991937205195427,0.2,0.22878393530845642
,0.0,-6.03139691,,3544768,650,,133,837,,600.0,0.9768610000610352,0.0006557708448326593,0.1091552734375,-0.004199001750384923,0.009309357,0.1015943668782711,8640,0.0003,-0.01859920285642147,0.2,0.23197540640830994
,0.0,-6.15793637,,3548864,654,,134,838,,600.0,0.9918146133422852,0.0005176715415018407,0.0961669921875,-0.004898894901270978,0.0071288096,0.07969558462500573,8650,0.0003,-0.011735371313989162,0.2,0.2331310361623764
,0.0,-5.903627370000001,,3552960,658,,135,840,,600.0,0.9643361568450928,0.003959819073497783,0.1183837890625,-0.004594944882410345,0.009226571,0.07154158130288124,8660,0.0003,0.0033915818203240633,0.2,0.2346203625202179
,0.01,-5.940992499999998,,3557056,662,,136,840,,595.31,0.9848670959472656,0.001193276895719464,0.0677734375,-0.002899244416039437,0.007025016,0.07084316462278366,8670,0.0003,-0.0007408142555505037,0.2,0.23284825682640076
,0.01,-5.950594389999999,,3561152,666,,137,841,,595.31,0.7745671272277832,0.057904426744789815,0.07275390625,-0.0009224502180586569,0.0076999217,0.09031656458973884,8680,0.0003,0.01617090404033661,0.2,0.23064295947551727
,0.01,-6.254206269999998,,3565248,670,,138,842,,595.31,0.9816789627075195,0.0022248487828619547,0.102978515625,-0.0030338849872350694,0.0099646505,0.11062926426529884,8690,0.0003,0.004774139728397131,0.2,0.22827795147895813
,0.01,-5.82324113,,3569344,674,,139,844,,595.31,0.9263877272605896,0.01654496467235731,0.096826171875,-0.0036437064423807896,0.0079498235,0.10991168171167373,8700,0.0003,0.014374288730323315,0.2,0.23048868775367737
,0.01,-5.1112876300000005,,3573440,678,,140,845,,595.31,0.9409727454185486,0.0019317633880746143,0.07763671875,-0.0025364680826896802,0.0066390177,0.09776988625526428,8710,0.0003,0.0037791908252984285,0.2,0.23093754053115845
,0.01,-4.91029596,,3577536,682,,141,846,,595.31,0.9837179780006409,0.005014084978756728,0.1117919921875,-0.003469367165234871,0.007846536,0.09645561873912811,8720,0.0003,-0.015631936490535736,0.2,0.23067471385002136
,0.01,-5.0373243,,3581632,686,,142,847,,595.31,0.9431204795837402,0.006109205407847184,0.098681640625,-0.003951928170863539,0.007843466,0.09954017102718353,8730,0.0003,0.02015126310288906,0.2,0.23047488927841187
,0.01,-5.12852484,,3585728,690,,143,848,,595.31,0.9743699431419373,0.005616608408308821,0.07685546875,-0.0035427905510005075,0.0067997733,0.1013744167983532,8740,0.0003,-0.01739182323217392,0.2,0.22988569736480713
,0.01,-5.17603828,,3589824,694,,144,849,,595.31,0.9830660223960876,0.0006065129569833516,0.0765380859375,-0.002551962081633974,0.0057418346,0.11045401841402054,8750,0.0003,-0.0018002375727519393,0.2,0.2281603217124939
,0.01,-5.3846644700000015,,3593920,698,,145,850,,595.31,0.9317886233329773,0.007010885347699514,0.0734375,-0.0020752191165229307,0.0074442523,0.12519511431455613,8760,0.0003,0.008976898156106472,0.2,0.2272864580154419
,0.01,-5.45815971,,3598016,702,,146,850,,595.31,0.9664192199707031,0.0034598952282976826,0.066162109375,-0.0028311130939982832,0.0060607474,0.12260982766747475,8770,0.0003,0.005243703722953796,0.2,0.2276836633682251
26.14534150534475,0.01,-5.7714843700000005,0.011976752955851126,3602112,718,0.7167948548130842,147,838,0.0,595.31,0.9682058691978455,0.007565849053207785,0.09609375,-0.005505576235009357,0.009311583,0.11666120439767838,8780,0.0003,-0.009595002047717571,0.2,0.2291661947965622
,0.01,-6.081891589999999,,3606208,721,,148,839,,595.31,0.9818207025527954,0.0029756074025499403,0.0900146484375,-0.004056576236325782,0.007906567,0.10958099663257599,8790,0.0003,-0.009516050107777119,0.2,0.22926956415176392
,0.01,-6.17621217,,3610304,725,,149,840,,595.31,0.8326244354248047,0.008817695690959226,0.0766845703125,-0.0032374319460359404,0.0064561404,0.10423245951533318,8800,0.0003,-0.005622200667858124,0.2,0.23045286536216736
,0.01,-6.36629603,,3614400,729,,150,842,,595.31,0.9247485995292664,0.004584460971454973,0.082470703125,-0.0033142653737741057,0.007339536,0.08848502486944199,8810,0.0003,-0.004546158015727997,0.2,0.23272204399108887
,0.0,-6.610287120000001,,3618496,732,,151,843,,600.0,0.9896683096885681,0.001773250649421243,0.0632568359375,-0.002462135122914333,0.006026602,0.08104173988103866,8820,0.0003,-0.005198131315410137,0.2,0.2321549654006958
,0.0,-6.35692254,,3622592,736,,152,844,,600.0,0.958635687828064,0.003233101392106619,0.0843994140625,-0.0030057629963266665,0.0065095094,0.08782184571027755,8830,0.0003,-0.008273474872112274,0.2,0.23135700821876526
,0.0,-6.44147728,,3626688,740,,153,845,,600.0,0.9260094165802002,0.0018019752438704017,0.080712890625,-0.0008241321716923267,0.0070769247,0.09966774210333824,8840,0.0003,-0.010703001171350479,0.2,0.22929659485816956
,0.0,-6.42798951,,3630784,744,,154,847,,600.0,0.9523961544036865,0.0019904541437426814,0.08779296875,-0.0024543632185668684,0.01034217,0.11576620787382126,8850,0.0003,-0.004284772090613842,0.2,0.22738730907440186
,0.0,-6.37921909,,3634880,748,,155,848,,600.0,0.9740100502967834,0.0036297569728048983,0.09990234375,-0.006624318932881579,0.010101624,0.12193760648369789,8860,0.0003,-0.012559693306684494,0.2,0.22816705703735352
,0.0,-6.831564330000001,,3638976,752,,156,848,,600.0,0.9905562400817871,0.001735644157452043,0.0542724609375,-0.00023007924028206617,0.006734759,0.12241687402129173,8870,0.0003,0.004498181398957968,0.2,0.22711965441703796
,0.01,-6.448908850000001,,3643072,757,,157,849,,597.99,0.9861438274383545,0.0019434591955359791,0.1048828125,-0.006352927787520457,0.009512921,0.1214449442923069,8880,0.0003,0.000911772542167455,0.2,0.22851695120334625
,0.01,-6.408785900000001,,3647168,761,,158,850,,597.99,0.7914202809333801,0.05344151371682528,0.0955322265625,-0.003585830876545515,0.00931324,0.0977810725569725,8890,0.0003,0.012883534654974937,0.2,0.23216623067855835
,0.01,-6.356549490000001,,3651264,765,,159,850,,597.99,0.9446117877960205,0.003949788310637814,0.0941650390625,-0.0067900330359407235,0.008454926,0.0860639050602913,8900,0.0003,-0.011105265468358994,0.2,0.2314964085817337
,0.01,-6.510632419999999,,3655360,769,,160,851,,597.99,0.9643270969390869,0.002579196642182069,0.0628662109375,-0.0030872067145537585,0.007541169,0.08733929768204689,8910,0.0003,-0.003627890720963478,0.2,0.23210296034812927
,0.01,-6.68546492,,3659456,773,,161,852,,597.99,0.9706243276596069,0.0032902178558288143,0.08544921875,-0.004067029811267275,0.0067646,0.08291917070746421,8920,0.0003,0.0024566331412643194,0.2,0.23261605203151703
,0.01,-6.21189261,,3663552,777,,162,853,,597.99,0.9648696184158325,0.0012454251516828662,0.0811279296875,-0.002602753753308207,0.0072990684,0.08143838122487068,8930,0.0003,-0.001998558174818754,0.2,0.23236101865768433
,0.01,-6.388785269999999,,3667648,781,,163,854,,597.99,0.9763345122337341,0.002484582439865335,0.110791015625,-0.005340816258103587,0.009325741,0.10055469125509262,8940,0.0003,-0.0021473930682986975,0.2,0.22834298014640808
,0.01,-6.329612959999999,,3671744,785,,164,855,,597.99,0.9927629232406616,0.001265413567671203,0.086767578125,-0.003075181087478995,0.010903354,0.1218945749104023,8950,0.0003,0.004536610562354326,0.2,0.22722184658050537
,0.01,-5.929653449999998,,3675840,789,,165,856,,597.99,0.9871376156806946,0.0005004164984711678,0.1012939453125,-0.0035200986938434655,0.007550767,0.12288107052445411,8960,0.0003,-0.010494554415345192,0.2,0.22803062200546265
,0.03,-5.559154210000002,,3679936,793,,166,856,,587.58,0.9713761806488037,0.0014028460906956753,0.06884765625,-0.0018487375913537108,0.008379769,0.11809019446372986,8970,0.0003,-0.011666330508887768,0.2,0.2283795177936554
,0.03,-5.42194402,,3684032,797,,167,857,,587.58,0.7181559801101685,0.06466602920700097,0.0643798828125,-0.0005374472704716027,0.005801659,0.14186669886112213,8980,0.0003,0.01396316010504961,0.2,0.22220975160598755
,0.03,-5.485176900000002,,3688128,802,,168,857,,587.58,0.9470186233520508,0.0034446964777089307,0.0643798828125,-0.004666647623525933,0.0060954485,0.18505159094929696,8990,0.0003,-0.01706712134182453,0.2,0.21954673528671265
,0.03,-5.387988990000001,,3692224,806,,169,858,,587.58,0.9550060033798218,0.003537087510630954,0.0749755859375,-0.0008779371579294093,0.0064451206,0.19744569137692453,9000,0.0003,-0.007381660398095846,0.2,0.2193625271320343
,0.03,-5.27915152,,3696320,810,,170,859,,587.58,0.9866238236427307,0.001447507920784119,0.066552734375,-0.0022582847959711216,0.0065262467,0.2105450376868248,9010,0.0003,-0.0001651464554015547,0.2,0.2166498899459839
25.45562174920369,0.03,-4.78432585,0.11504092468046312,3700416,826,0.7535998391816966,171,847,0.0,587.58,0.9012407660484314,0.0047238803144864505,0.0701904296875,-0.0007109184734872542,0.00461594,0.2253728598356247,9020,0.0003,-0.013782793655991554,0.2,0.21620306372642517
,0.02,-5.3257478,,3704512,830,,172,848,,589.59,0.9861854314804077,0.002045450136392901,0.07275390625,-0.0025949489936465397,0.006382053,0.2152310259640217,9030,0.0003,-0.00633039278909564,0.2,0.21879614889621735
,0.02,-5.26624293,,3708608,834,,173,849,,589.59,0.9928072094917297,0.0009117216865888623,0.1197998046875,-0.0031815137175726705,0.007153685,0.211976707726717,9040,0.0003,-0.008222865872085094,0.2,0.21676340699195862
,0.02,-5.05016321,,3712704,837,,174,850,,589.59,0.9044337868690491,0.006194757641424076,0.0583984375,-0.0018705396098084748,0.006783611,0.2269296780228615,9050,0.0003,-0.0017834132304415107,0.2,0.2156849056482315
,0.03,-4.9674209000000005,,3716800,841,,175,851,,584.62,0.9797748327255249,0.0031643242818972794,0.075146484375,-0.0020996863167965785,0.006683074,0.2308487795293331,9060,0.0003,-0.01339699700474739,0.2,0.21582534909248352
,0.03,-4.94238481,,3720896,845,,176,853,,584.62,0.8178961873054504,0.02067773624548863,0.111669921875,-0.0009215621699695476,0.009574279,0.2369170904159546,9070,0.0003,-0.00461240392178297,0.2,0.21463176608085632
,0.03,-5.0825482399999995,,3724992,849,,177,853,,584.62,0.9712930917739868,0.0014346786783789867,0.0812744140625,-1.694141246844083e-05,0.004779212,0.24768711552023887,9080,0.0003,0.013987574726343155,0.2,0.21367451548576355
,0.03,-4.786722020000002,,3729088,853,,178,854,,584.62,0.9880847334861755,0.0023008878771179297,0.1021728515625,-0.004611535809817724,0.010129422,0.24516523405909538,9090,0.0003,-0.015591297298669815,0.2,0.21481844782829285
,0.03,-5.0443263400000005,,3733184,857,,179,855,,584.62,0.9924142956733704,0.003618253898093826,0.0868896484375,-0.001092004557722248,0.008643093,0.2473856970667839,9100,0.0003,-0.00025475723668932915,0.2,0.21319234371185303
,0.02,-5.268287859999999,,3737280,861,,180,855,,590.04,0.9791919589042664,0.0009205326168739703,0.07548828125,-0.0006392445357050747,0.0053432444,0.2508012861013412,9110,0.0003,-0.004492773208767176,0.2,0.21376125514507294
,0.01,-5.528738109999999,,3741376,865,,181,856,,595.03,0.7855538129806519,0.004230238117088447,0.0587158203125,-0.0025942334439605476,0.0060255947,0.2467798687517643,9120,0.0003,0.022644957527518272,0.2,0.214300736784935
,0.01,-5.51186974,,3745472,869,,182,857,,595.03,0.9480940103530884,0.003044727879751008,0.075634765625,-0.0026245270812069064,0.0074104993,0.24236357882618903,9130,0.0003,-0.005400354973971844,0.2,0.21512719988822937
,0.01,-5.52487266,,3749568,873,,183,857,,595.03,0.9741052985191345,0.0021554001714321203,0.06962890625,-0.006178507188451476,0.005350738,0.22940642163157463,9140,0.0003,-0.004508759826421738,0.2,0.217206209897995
,0.01,-5.8196467,,3753664,877,,184,858,,595.03,0.9932957887649536,0.0034861003387050005,0.085791015625,-0.005126077411841834,0.00677268,0.2217594012618065,9150,0.0003,0.003478734288364649,0.2,0.21602413058280945
,0.01,-6.140461969999999,,3757760,881,,185,859,,595.03,0.9925036430358887,0.0018273775028319506,0.096826171875,-0.00283727198257111,0.008691225,0.22703395560383796,9160,0.0003,-0.007129837293177843,0.2,0.2164604663848877
,0.02,-5.704869099999999,,3761856,885,,186,860,,590.96,0.9694892168045044,0.004940991990588372,0.095849609375,-0.007465920272807125,0.00873702,0.2250603184103966,9170,0.0003,-0.003511960618197918,0.2,0.2158472090959549
,0.04,-5.050279849999999,,3765952,889,,187,860,,581.14,0.4862074851989746,0.04321060725123971,0.0938232421875,-0.0022969908706727436,0.008996545,0.2466314308345318,9180,0.0003,0.00497804768383503,0.2,0.21194127202033997
,0.04,-5.5327979,,3770048,893,,188,861,,581.14,0.8625015020370483,0.07328299176879227,0.0664794921875,-0.0010024574025010225,0.0066460976,0.26948311999440194,9190,0.0003,0.022607773542404175,0.2,0.21143436431884766
,0.04,-5.03868754,,3774144,897,,189,862,,582.99,0.9671544432640076,0.01564945887439535,0.087646484375,0.0011695352208334953,0.010619087,0.26456873714923856,9200,0.0003,0.008213195949792862,0.2,0.21286514401435852
,0.04,-5.11988179,,3778240,901,,190,863,,582.99,0.9533807635307312,0.013920923489422421,0.0718505859375,-0.0036379791315994227,0.0046427688,0.2635164842009544,9210,0.0003,0.0074393185786902905,0.2,0.2116013765335083
,0.04,-4.95362981,,3782336,905,,191,864,,582.99,0.8855627775192261,0.0015368862323157373,0.0973388671875,-0.00345032350596739,0.007627994,0.2667697980999947,9220,0.0003,-0.01646246574819088,0.2,0.21238669753074646
,0.04,-4.93975263,,3786432,909,,192,864,,582.99,0.8862825036048889,0.0012796557239198592,0.07861328125,-0.0015726786776212975,0.0060318396,0.26103004813194275,9230,0.0003,-0.0027756821364164352,0.2,0.21268373727798462
,0.04,-4.62686386,,3790528,913,,193,865,,582.99,0.9512284398078918,0.004078183786805312,0.074462890625,-0.004145766387955519,0.006186142,0.2634096436202526,9240,0.0003,-0.0014358586631715298,0.2,0.21180349588394165
,0.04,-4.71302885,,3794624,916,,194,866,,582.99,0.9684457182884216,0.0017919091558724176,0.076708984375,-0.0004657024270272814,0.008009699,0.27333534732460973,9250,0.0003,0.001655694330111146,0.2,0.21097443997859955
,0.04,-4.9166993,,3798720,921,,195,867,,582.99,0.9782688617706299,0.005048743144288892,0.14267578125,-0.007808136296807789,0.011026841,0.28100786954164503,9260,0.0003,-0.011590316891670227,0.2,0.21020923554897308
25.98093618442284,0.04,-4.8124511299999995,4.787829363543993e-08,3802816,936,5.1023070455631315e-06,196,857,0.0,582.99,0.9929378628730774,0.0009184005197312217,0.0980712890625,-0.0003672916369396262,0.009926499,0.28351532518863676,9270,0.0003,0.014664567075669765,0.2,0.21015286445617676
,0.04,-4.811682749999999,,3806912,940,,197,858,,582.99,0.9380514025688171,0.0028354403679259122,0.0929931640625,-0.012096424435731024,0.009525414,0.29085259065032004,9280,0.0003,-0.015575923956930637,0.2,0.20873013138771057
,0.04,-4.84628475,,3811008,943,,198,859,,582.99,0.9656671285629272,0.0035720809992199065,0.0720458984375,0.004795321669371333,0.0067375014,0.2957263708114624,9290,0.0003,0.028111984953284264,0.2,0.20924749970436096
,0.05,-4.439036590000001,,3815104,947,,199,860,,577.49,0.9537065029144287,0.005913885737390956,0.067724609375,-0.0019125006874674,0.006423125,0.29460187181830405,9300,0.0003,0.0019346391782164574,0.2,0.20857515931129456
,0.04,-4.46932585,,3819200,951,,200,861,,581.56,0.5843397378921509,0.07788833499143948,0.08701171875,0.000784910859511001,0.0071597816,0.30308683812618253,9310,0.0003,-0.004058155696839094,0.2,0.2081352025270462
,0.03,-4.5899841,,3823296,954,,201,862,,586.24,0.9666590094566345,0.0009802842261706246,0.0741943359375,-0.0019767615624004973,0.005026087,0.3121443435549736,9320,0.0003,-0.004791446961462498,0.2,0.2065499722957611
,0.02,-4.340642020000001,,3827392,958,,202,863,,591.38,0.956694483757019,0.012539675639709457,0.0822265625,-0.0038270954246399924,0.009133238,0.31095439195632935,9330,0.0003,-0.009211820550262928,0.2,0.20851612091064453
,0.01,-4.31487718,,3831488,962,,203,863,,594.5,0.9426643252372742,0.01119279638369335,0.085546875,-0.00037461585452547297,0.0055353874,0.3030376866459846,9340,0.0003,0.013225136324763298,0.2,0.2080649733543396
,0.01,-4.387496710000001,,3835584,966,,204,864,,594.5,0.9666310548782349,0.0017333517711449532,0.0984619140625,-0.0040844080373062756,0.007960894,0.3130448266863823,9350,0.0003,-0.01135188341140747,0.2,0.20647186040878296
,0.02,-4.4711968099999995,,3839680,970,,205,865,,589.48,0.9265359044075012,0.033262974851822946,0.098779296875,-0.0027055372222093864,0.008925305,0.31572002097964286,9360,0.0003,0.00015593506395816803,0.2,0.2076214700937271
,0.02,-4.30285868,,3843776,974,,206,865,,589.48,0.9002929925918579,0.02221916120397509,0.0782958984375,-0.002479437930014683,0.005652747,0.3102276027202606,9370,0.0003,-0.005896817892789841,0.2,0.2076968550682068
,0.02,-4.133865719999999,,3847872,978,,207,866,,589.48,0.9716148376464844,0.0006664527044449642,0.1079345703125,-0.0036057114048162475,0.007963829,0.31328311040997503,9380,0.0003,-0.011179137043654919,0.2,0.20699283480644226
,0.02,-4.29145275,,3851968,982,,208,866,,589.48,0.9906284213066101,0.0015342962429713224,0.0919189453125,-0.0031640390792745166,0.0059509417,0.3082704320549965,9390,0.0003,-0.005511971656233072,0.2,0.20889507234096527
,0.02,-4.093191020000001,,3856064,986,,209,867,,589.48,0.9959216713905334,0.000901547053217655,0.079150390625,-0.0017686897539533676,0.0071248477,0.2968026839196682,9400,0.0003,-0.006876169238239527,0.2,0.2088758945465088
,0.02,-3.73763262,,3860160,990,,210,868,,589.48,0.9682334065437317,0.0016428424381956575,0.079541015625,-0.003119137600151589,0.0062124142,0.2956914857029915,9410,0.0003,0.005114833824336529,0.2,0.20931848883628845
,0.02,-4.06300172,,3864256,994,,211,869,,589.48,0.9295036792755127,0.007018797811178956,0.0878662109375,-0.006557267741300166,0.010005507,0.28977860435843467,9420,0.0003,0.009965751320123672,0.2,0.21040531992912292
,0.02,-4.01707961,,3868352,998,,212,869,,589.48,0.9696402549743652,0.003579848712979583,0.0951171875,-0.0024421006557531653,0.0098882485,0.27427099645137787,9430,0.0003,-0.006840304937213659,0.2,0.21238955855369568
,0.02,-3.83687031,,3872448,1002,,213,870,,589.48,0.9694918990135193,0.0019876991744240515,0.0931396484375,-0.0007641945980140008,0.011347368,0.2706781178712845,9440,0.0003,0.0036595165729522705,0.2,0.21108588576316833
,0.02,-4.31148186,,3876544,1006,,214,871,,594.03,0.8342108726501465,0.01030744312593015,0.077734375,-0.003037578077055514,0.0073266514,0.272895859181881,9450,0.0003,-0.0023609036579728127,0.2,0.21253879368305206
,0.02,-4.7294106000000005,,3880640,1010,,215,871,,594.03,0.9221042990684509,0.05522048452403396,0.0970947265625,-0.007724240895186085,0.00931305,0.25229790434241295,9460,0.0003,0.003005361184477806,0.2,0.21459174156188965
,0.02,-4.94953243,,3884736,1014,,216,872,,594.03,0.9874412417411804,0.0037533259179326705,0.0833251953125,-0.0019473902881145476,0.006213651,0.22905035316944122,9470,0.0003,-0.004188701044768095,0.2,0.21777081489562988
,0.02,-5.078569099999999,,3888832,1017,,217,873,,594.03,0.9670625329017639,0.015803236631836626,0.07392578125,-0.0009878693934297189,0.0060111773,0.21988795921206475,9480,0.0003,-0.008023533038794994,0.2,0.21683034300804138
,0.03,-4.9471438999999995,,3892928,1022,,218,873,,588.89,0.9433044791221619,0.0029579987211036498,0.0967041015625,-0.0038764105571317486,0.010126076,0.22665810137987136,9490,0.0003,-0.0033699427731335163,0.2,0.2169172763824463
,0.03,-4.8907761800000005,,3897024,1025,,219,874,,588.89,0.6841480731964111,0.0360097887703887,0.079443359375,-0.0009440677124075592,0.0060162237,0.22831397131085396,9500,0.0003,-0.005628316663205624,0.2,0.21640333533287048
25.953581119166742,0.03,-4.6864175999999995,0.0014933786174642235,3901120,1041,0.01609292051590279,220,865,0.0,588.87,0.9412873983383179,0.0021807371402246646,0.1107421875,-0.0047823322878684845,0.011100987,0.23662872090935708,9510,0.0003,0.004758684430271387,0.2,0.21529696881771088
,0.03,-4.76157569,,3905216,1045,,221,866,,588.87,0.737525224685669,0.023625729423656594,0.0742919921875,-0.0028280540063860826,0.007756588,0.24557096883654594,9520,0.0003,0.0034839236177504063,0.2,0.21365492045879364
,0.03,-4.815002160000001,,3909312,1048,,222,867,,588.87,0.928786039352417,0.007542768983694259,0.1083984375,-0.007745065160270315,0.010708168,0.2622948303818703,9530,0.0003,-0.0014166301116347313,0.2,0.21167312562465668
,0.03,-4.67675514,,3913408,1052,,223,867,,588.87,0.9631970524787903,0.005356368529464817,0.09111328125,-0.003496963820361998,0.008099642,0.27245239168405533,9540,0.0003,0.0007050147978588939,0.2,0.2112898826599121
,0.03,-4.7583262600000005,,3917504,1056,,224,868,,588.87,0.975134551525116,0.0018835690665582661,0.0892333984375,0.00047186530428007246,0.0069636274,0.2716224938631058,9550,0.0003,0.0012170729460194707,0.2,0.21210399270057678
,0.03,-4.730115400000001,,3921600,1060,,225,869,,588.87,0.9589282870292664,0.0021026597385571224,0.103125,-0.005229491686623078,0.008694365,0.2592187561094761,9560,0.0003,-0.004720322787761688,0.2,0.21380260586738586
,0.03,-4.59290723,,3925696,1063,,226,870,,588.87,0.8735849857330322,0.006169589804267161,0.0638671875,-0.005572245443181601,0.0076626325,0.23839058727025986,9570,0.0003,-0.0035835059825330973,0.2,0.21627968549728394
,0.03,-4.60122907,,3929792,1068,,227,870,,588.87,0.9739734530448914,0.004660514295028406,0.06259765625,-0.0018872807777370326,0.0056855036,0.22923101782798766,9580,0.0003,-0.0010717071127146482,0.2,0.21558426320552826
,0.03,-4.30689816,,3933888,1072,,228,871,,588.87,0.9750958681106567,0.0026553654148301574,0.07958984375,-0.002170321109588258,0.006771841,0.22664586901664735,9590,0.0003,-0.009070792235434055,0.2,0.21710850298404694
,0.03,-4.10898679,,3937984,1076,,229,871,,587.92,0.8970232605934143,0.0059473590394190975,0.1163330078125,-0.005412077746586874,0.009654038,0.2172633081674576,9600,0.0003,-0.018449749797582626,0.2,0.2169983685016632
,0.04,-3.92268497,,3942080,1080,,230,872,,583.15,0.6600368022918701,0.09463785777334124,0.106689453125,-0.0021665583582944235,0.010253176,0.235242285579443,9610,0.0003,0.03894810378551483,0.2,0.21389053761959076
,0.05,-3.61073261,,3946176,1084,,231,872,,578.38,0.8363085389137268,0.05770852490095422,0.083349609375,-0.002812406275916146,0.0054109422,0.25456750839948655,9620,0.0003,0.007150995545089245,0.2,0.2125665545463562
,0.04,-4.142255540000001,,3950272,1088,,232,872,,583.52,0.8322303891181946,0.05160051299026236,0.083349609375,-0.005302424401452299,0.0061064023,0.25868565440177915,9630,0.0003,0.004047292284667492,0.2,0.21289464831352234
,0.05,-4.00942118,,3954368,1092,,233,873,,578.18,0.9254688024520874,0.00988133108621696,0.093212890625,-0.0024573588831117376,0.008114602,0.2742698945105076,9640,0.0003,-0.003538892138749361,0.2,0.20986296236515045
,0.05,-4.091540730000001,,3958464,1096,,234,873,,579.7,0.7853478193283081,0.04254365730885183,0.0873779296875,-0.003373528959491523,0.008629238,0.3014327399432659,9650,0.0003,0.015713434666395187,0.2,0.207020103931427
,0.05,-4.703602630000001,,3962560,1100,,235,874,,579.7,0.9644832015037537,0.02437710094382055,0.08193359375,-0.0030668029095977543,0.0083457725,0.31792291477322576,9660,0.0003,0.008740467950701714,0.2,0.2064288854598999
,0.06,-4.91891429,,3966656,1104,,236,874,,574.62,0.9252528548240662,0.011902654184086713,0.0578857421875,-0.0008052294491790235,0.006096562,0.31346479058265686,9670,0.0003,-0.006397062446922064,0.2,0.20765122771263123
,0.08,-4.8052422,,3970752,1108,,237,875,,566.0,0.978173553943634,0.025487338814127725,0.0801513671875,-0.00301298539416166,0.01059439,0.3004636369645596,9680,0.0003,-0.004860410466790199,0.2,0.20939475297927856
,0.08,-4.844225670000001,,3974848,1112,,238,875,,566.0,0.9354178309440613,0.024500417002127507,0.095263671875,-0.0041803725718636995,0.008190179,0.29463158920407295,9690,0.0003,-0.0002331477589905262,0.2,0.20859268307685852
,0.11,-4.40029656,,3978944,1116,,239,876,,552.78,0.9486890435218811,0.02939628473832272,0.085498046875,-0.0055995908798649905,0.006057485,0.30052770748734475,9700,0.0003,-0.0021338211372494698,0.2,0.2084023803472519
,0.11,-4.54655152,,3983040,1120,,240,877,,552.78,0.7495571970939636,0.22599064176902176,0.0864990234375,-0.005428628144727554,0.007488967,0.30818581879138945,9710,0.0003,0.0023940647952258587,0.2,0.20656436681747437
,0.12,-4.6235072200000005,,3987136,1125,,241,877,,550.11,0.8661895394325256,0.0434040919324616,0.0986328125,-0.006424460210837424,0.008558709,0.3212484173476696,9720,0.0003,0.02080654725432396,0.2,0.20622795820236206
,0.11,-5.501730750000002,,3991232,1129,,242,877,,552.01,0.661942183971405,0.18851102966582403,0.1171142578125,-0.006024816790886689,0.010593265,0.3162727698683739,9730,0.0003,0.06229853630065918,0.2,0.20725557208061218
,0.11,-5.86055297,,3995328,1133,,243,878,,552.01,0.9304982423782349,0.01430762457457604,0.08125,-0.0028399610833730548,0.0066711796,0.30285496041178706,9740,0.0003,-0.0027933577075600624,0.2,0.20878887176513672
,0.09,-6.23489561,,3999424,1137,,244,878,,561.55,0.9470189213752747,0.01500740969349863,0.0813720703125,-0.0032495470630237834,0.006145603,0.30456368550658225,9750,0.0003,0.006720175966620445,0.2,0.20654001832008362
25.040389264834538,0.1,-5.9822239999999995,0.27248255134093147,4003520,1154,4.260904732977945,245,869,0.0,556.44,0.9374170303344727,0.013630526888300664,0.1053466796875,-0.00517767267592717,0.007851129,0.3197650097310543,9760,0.0003,-0.007452057674527168,0.2,0.20586524903774261
,0.11,-6.37716258,,4007616,1157,,246,870,,551.15,0.8908278942108154,0.043559451839246324,0.077734375,-0.005136293280520477,0.008131084,0.322578202188015,9770,0.0003,-0.002221223898231983,0.2,0.20602378249168396
,0.1,-6.694675650000001,,4011712,1161,,247,871,,556.49,0.9306529760360718,0.05502266896946821,0.0958251953125,-0.003894581952044973,0.007594255,0.3286753721535206,9780,0.0003,0.029346805065870285,0.2,0.2042911946773529
,0.09,-7.32283071,,4015808,1165,,248,871,,560.01,0.9446024298667908,0.027011489536380395,0.082373046875,-0.004624467696703505,0.008983908,0.33112346604466436,9790,0.0003,-0.0039369575679302216,0.2,0.20539160072803497
,0.09,-7.229165779999999,,4019904,1168,,249,872,,560.01,0.9679102301597595,0.020352083872421645,0.0825439453125,-0.004600889480207116,0.009720133,0.3215596541762352,9800,0.0003,0.0014765886589884758,0.2,0.20681726932525635
,0.08,-7.14353207,,4024000,1172,,250,873,,569.04,0.9401878714561462,0.015204419256770052,0.0913818359375,-0.0019879205603501758,0.008510527,0.30742615535855294,9810,0.0003,-0.0031174016185104847,0.2,0.20807670056819916
,0.07,-7.69354891,,4028096,1176,,251,874,,573.56,0.8771318793296814,0.0659817154170014,0.108203125,-0.002752016940212343,0.012423204,0.2981223076581955,9820,0.0003,0.010445533320307732,0.2,0.20861175656318665
,0.06,-8.29379425,,4032192,1180,,252,874,,577.31,0.9610081911087036,0.009019613785494585,0.0832275390625,-0.002960156423068838,0.006889852,0.28849215507507325,9830,0.0003,-0.007231174036860466,0.2,0.2105630338191986
,0.06,-8.173541819999999,,4036288,1184,,253,875,,577.31,0.92648845911026,0.019684978589066305,0.0907470703125,-0.0034817166248103603,0.008567406,0.2767790749669075,9840,0.0003,0.014145191758871078,0.2,0.21099406480789185
,0.04,-8.627205159999999,,4040384,1188,,254,875,,586.78,0.959435760974884,0.008112254479783587,0.117333984375,-0.003897249264991842,0.014147321,0.25741292983293534,9850,0.0003,-0.0031260685063898563,0.2,0.21441131830215454
,0.03,-8.52861044,,4044480,1192,,255,876,,589.45,0.8460426926612854,0.022860036420752294,0.0665283203125,-0.006713555040187202,0.007527209,0.24067574590444565,9860,0.0003,-0.009740620851516724,0.2,0.2148076295852661
,0.04,-7.886793519999999,,4048576,1196,,256,876,,584.62,0.9217924475669861,0.012392774205363822,0.0688720703125,-0.0038037620790419167,0.00761545,0.23989513590931894,9870,0.0003,0.01734033413231373,0.2,0.21435420215129852
,0.04,-8.058498469999998,,4052672,1200,,257,877,,584.62,0.6574734449386597,0.12351161316328216,0.1139404296875,-0.006702069644961739,0.0118768895,0.2535811275243759,9880,0.0003,0.002836482599377632,0.2,0.21177461743354797
,0.04,-8.013794129999999,,4056768,1204,,258,877,,584.62,0.954485297203064,0.019212827018054667,0.074462890625,-0.0034126961771107746,0.008794216,0.2625390499830246,9890,0.0003,0.015907855704426765,0.2,0.21275684237480164
,0.03,-7.88110862,,4060864,1208,,259,877,,589.73,0.9620687365531921,0.006231959273281973,0.0915283203125,-0.0013112744607497006,0.0076903026,0.25795489698648455,9900,0.0003,-0.0018681167857721448,0.2,0.21286217868328094
,0.03,-7.9635944400000005,,4064960,1212,,260,878,,589.73,0.9878990650177002,0.0031232103450747673,0.091748046875,-0.005435499132727273,0.007625439,0.2594197250902653,9910,0.0003,-0.001608645194210112,0.2,0.212229385972023
,0.03,-7.395830660000001,,4069056,1215,,261,879,,589.88,0.9755823612213135,0.007555968427186599,0.0841552734375,-0.006089319990132935,0.010790074,0.26661188825964927,9920,0.0003,0.00806440319865942,0.2,0.21143648028373718
,0.06,-6.288967180000001,,4073152,1219,,262,879,,575.24,0.925725519657135,0.03852133830805542,0.0673583984375,7.782682660035789e-05,0.0043598916,0.2821830973029137,9930,0.0003,0.009854394011199474,0.2,0.20852360129356384
,0.06,-5.8780332,,4077248,1223,,263,880,,575.24,0.9329372644424438,0.06712781931855716,0.058837890625,-0.0012283103344088886,0.007343865,0.29216439127922056,9940,0.0003,0.03317595645785332,0.2,0.2097797989845276
,0.05,-5.75159408,,4081344,1227,,264,880,,575.39,0.973504900932312,0.0028778586729458766,0.0692626953125,-0.0017982651945203543,0.0068482882,0.28916014209389684,9950,0.0003,-0.007833139970898628,0.2,0.20908686518669128
,0.07,-5.310516560000001,,4085440,1231,,265,881,,565.44,0.9675661325454712,0.0068250412659836,0.10029296875,-0.007151487992086913,0.0079711145,0.28195860534906386,9960,0.0003,0.003917462192475796,0.2,0.21127402782440186
,0.07,-4.944143759999999,,4089536,1235,,266,881,,565.44,0.9122605919837952,0.052216395296272824,0.0720458984375,-0.005921340486383997,0.006667377,0.27877569422125814,9970,0.0003,0.0209587924182415,0.2,0.20967547595500946
,0.09,-4.2837942600000005,,4093632,1239,,267,882,,555.43,0.9636971950531006,0.015841120257391594,0.081640625,-0.003942380403896095,0.007411102,0.2906694427132607,9980,0.0003,-0.0020615444518625736,0.2,0.20911771059036255
,0.1,-4.4369125,,4097728,1243,,268,882,,550.12,0.9040907025337219,0.08560756081715226,0.09736328125,-0.005921698507154361,0.008746042,0.30426156595349313,9990,0.0003,0.042179983109235764,0.2,0.20638379454612732
25.051819606291456,0.09,-4.627241059999999,0.06120601287028956,4101824,1258,0.7509505830233979,269,875,0.0,554.95,0.9087009429931641,0.02067622223839862,0.1011474609375,-0.0034689026375417597,0.008907666,0.3281163774430752,10000,0.0003,-0.0008814414031803608,0.2,0.2045249342918396
,0.1,-4.29011132,,4105920,1262,,270,875,,550.53,0.9013798236846924,0.010079776761267567,0.12080078125,-0.006230937500367873,0.012462458,0.33446680977940557,10010,0.0003,-0.005541054531931877,0.2,0.20502614974975586
,0.1,-3.4797518700000007,,4110016,1266,,271,876,,550.53,0.7478218078613281,0.06320827015588293,0.09970703125,-0.0019810268189758063,0.0073523847,0.3423355512320995,10020,0.0003,0.01996433176100254,0.2,0.20274820923805237
,0.11,-3.5785206899999995,,4114112,1269,,272,877,,547.28,0.9446438550949097,0.0037330302660848248,0.1087158203125,-0.0026730793237220497,0.008913521,0.3400254659354687,10030,0.0003,-0.002653775503858924,0.2,0.20579129457473755
,0.13,-2.9604562999999997,,4118208,1273,,273,878,,537.24,0.6205257177352905,0.06530100903619314,0.0947509765625,-0.0036272880592150615,0.008195432,0.3260788060724735,10040,0.0003,0.021499650552868843,0.2,0.20497986674308777
,0.12,-2.9434749300000003,,4122304,1276,,274,878,,542.38,0.8938869833946228,0.0651701846451033,0.0746826171875,-0.00295905027014669,0.007974397,0.34328301176428794,10050,0.0003,0.056680746376514435,0.2,0.2027760148048401
,0.11,-3.13952155,,4126400,1280,,275,879,,546.59,0.7867285013198853,0.060298843277269046,0.0772705078125,-0.0011423151474446059,0.004446905,0.349465100467205,10060,0.0003,-0.0041804239153862,0.2,0.20376640558242798
,0.1,-3.61252455,,4130496,1284,,276,879,,552.0,0.8131110668182373,0.06414189878851176,0.0654296875,-0.001828671021212358,0.0054801255,0.3421600177884102,10070,0.0003,0.03423245996236801,0.2,0.20367157459259033
,0.1,-3.6822056200000004,,4134592,1288,,277,880,,552.0,0.8536908030509949,0.02511535748199094,0.1008544921875,-0.005775549414101988,0.008772764,0.3365235961973667,10080,0.0003,0.00952943041920662,0.2,0.2054612934589386
,0.08,-4.34321706,,4138688,1292,,278,880,,561.95,0.96033775806427,0.007195192414656049,0.093408203125,-0.0014781904021219816,0.00684819,0.33077764362096784,10090,0.0003,-0.006420738063752651,0.2,0.20468629896640778
,0.09,-3.9696964099999996,,4142784,1296,,279,881,,556.51,0.9329668283462524,0.015734983352012934,0.060546875,-0.0017808302072808146,0.005176236,0.3353197701275349,10100,0.0003,-0.004280774854123592,0.2,0.20440953969955444
,0.1,-3.9945977,,4146880,1300,,280,881,,551.76,0.558890163898468,0.04414015069523884,0.0677001953125,0.0005675068896380253,0.0070106816,0.33697615936398506,10110,0.0003,0.0003929130034521222,0.2,0.20438480377197266
,0.08,-4.053492609999999,,4150976,1304,,281,882,,561.9,0.9510890245437622,0.01499037911198684,0.1023193359375,-0.003968566936964635,0.006754383,0.3465267665684223,10120,0.0003,-0.0066158827394247055,0.2,0.20273952186107635
,0.08,-3.9380464699999997,,4155072,1308,,282,882,,561.9,0.8981801271438599,0.06306607412552694,0.0912109375,-0.004007692789309658,0.0075647435,0.3587970420718193,10130,0.0003,0.046866390854120255,0.2,0.20164784789085388
,0.09,-3.7646014300000004,,4159168,1312,,283,882,,557.73,0.9640894532203674,0.006218609310599277,0.0671630859375,-0.00100297504250193,0.00696221,0.36376119405031204,10140,0.0003,-0.009158188477158546,0.2,0.20183269679546356
,0.08,-3.9443828599999993,,4163264,1317,,284,883,,562.15,0.8597729802131653,0.08158570684609004,0.0789306640625,-0.002013925004575867,0.00515473,0.37631206437945364,10150,0.0003,0.014609132893383503,0.2,0.19906571507453918
,0.08,-4.57182204,,4167360,1321,,285,883,,562.15,0.9798253774642944,0.009383392584277317,0.074853515625,-0.005058337216905784,0.0074388115,0.3966408858075738,10160,0.0003,-0.013208284974098206,0.2,0.19814036786556244
,0.07,-5.066613229999999,,4171456,1325,,286,883,,565.4,0.9920271635055542,0.004145000515563879,0.0759033203125,-0.0013458082699798978,0.007840647,0.3995792230591178,10170,0.0003,-0.002020852407440543,0.2,0.19831623136997223
,0.05,-5.4567777,,4175552,1329,,287,884,,575.44,0.9534492492675781,0.029804889316437766,0.0708740234375,-0.00348120930721052,0.0061895344,0.38815406858921053,10180,0.0003,0.0017250338569283485,0.2,0.2003231644630432
,0.05,-5.55653092,,4179648,1332,,288,885,,575.44,0.9032073020935059,0.01524627937542391,0.0543212890625,-0.0013950034626759589,0.0063171247,0.37510351091623306,10190,0.0003,0.020331356674432755,0.2,0.20075267553329468
,0.04,-5.8589853,,4183744,1336,,289,885,,580.46,0.9275757670402527,0.0074997980453190395,0.06572265625,-0.0036789158213650806,0.007109844,0.3582936555147171,10200,0.0003,-0.0010602673282846808,0.2,0.20396825671195984
,0.05,-5.499533670000002,,4187840,1340,,290,885,,575.1,0.9073473215103149,0.012472298584179952,0.081396484375,-0.004812743722868618,0.007685314,0.34585758298635483,10210,0.0003,0.013626392930746078,0.2,0.20334413647651672
,0.05,-5.657929580000001,,4191936,1344,,291,886,,575.1,0.9064295291900635,0.03167867293450399,0.1151123046875,-0.0013760870133410208,0.008014321,0.3562057115137577,10220,0.0003,0.0009467287454754114,0.2,0.20155653357505798
,0.06,-5.28532803,,4196032,1348,,292,886,,572.45,0.891466498374939,0.025738162812194786,0.0657958984375,-0.002440990183094982,0.006235113,0.3549855798482895,10230,0.0003,0.009912235662341118,0.2,0.20394039154052734
26.251525250943693,0.05,-5.516220770000001,0.13605660386043333,4200128,1365,2.6492891165579167,293,878,0.0,577.89,0.864874541759491,0.11765321328421123,0.08525390625,-0.0015357699616288301,0.008049889,0.34747139886021616,10240,0.0003,0.007517034187912941,0.2,0.20281441509723663
,0.05,-5.69690908,,4204224,1369,,294,879,,577.28,0.9498005509376526,0.019229248285409995,0.0781005859375,-0.0030157006665831433,0.00853863,0.35679963156580924,10250,0.0003,0.005229090340435505,0.2,0.202298104763031
,0.04,-6.83760498,,4208320,1373,,295,879,,582.46,0.9059537649154663,0.05777802140364656,0.078173828125,-0.003501966956537217,0.0068688216,0.3668539471924305,10260,0.0003,-0.01188458688557148,0.2,0.20029345154762268
,0.04,-6.75380442,,4212416,1376,,296,880,,582.46,0.9532684683799744,0.022808561597776132,0.0935302734375,-0.0029690539377043024,0.009113481,0.3694463983178139,10270,0.0003,-0.01026853546500206,0.2,0.20199428498744965
,0.03,-6.850630429999999,,4216512,1381,,297,880,,586.63,0.9391542077064514,0.014246686312253587,0.083837890625,-0.003567441216728184,0.008460066,0.3539493456482887,10280,0.0003,-0.00594046525657177,0.2,0.20347201824188232
,0.04,-6.939759119999999,,4220608,1385,,298,881,,581.26,0.9737338423728943,0.004177224722297979,0.09296875,-0.006430806251592003,0.0090329,0.3558037720620632,10290,0.0003,-0.009057029150426388,0.2,0.20156821608543396
,0.04,-6.286318930000001,,4224704,1389,,299,881,,581.26,0.8524590730667114,0.055448885695659554,0.0872802734375,-0.004510737399687059,0.007968685,0.38016949221491814,10300,0.0003,-0.005109401419758797,0.2,0.1989770233631134
,0.05,-5.931062510000001,,4228800,1393,,300,881,,576.8,0.9152945876121521,0.04452107611577958,0.0990478515625,-0.003880084319098387,0.008948304,0.39039805680513384,10310,0.0003,0.026195263490080833,0.2,0.19921687245368958
,0.05,-6.10896327,,4232896,1398,,301,881,,576.8,0.9112974405288696,0.028910059938789347,0.076513671875,-0.002002637944679009,0.008271588,0.38397566303610803,10320,0.0003,0.0029987299349159002,0.2,0.20047783851623535
,0.05,-6.48848162,,4236992,1402,,302,882,,576.8,0.9576973915100098,0.02539530755893793,0.091943359375,-0.002941577763704117,0.00880436,0.37187717109918594,10330,0.0003,0.01275666244328022,0.2,0.20133474469184875
,0.05,-6.70619801,,4241088,1406,,303,882,,576.8,0.9548038244247437,0.03949617443722673,0.106201171875,-0.00697656642732909,0.0094069885,0.3674518898129463,10340,0.0003,-0.006262141279876232,0.2,0.20138052105903625
,0.04,-6.93073855,,4245184,1411,,304,882,,582.16,0.9744110703468323,0.02640762703376822,0.1120361328125,-0.004024362508789636,0.009785984,0.36501103118062017,10350,0.0003,0.00277071725577116,0.2,0.20168036222457886
,0.04,-7.04227511,,4249280,1415,,305,882,,582.16,0.9652696251869202,0.011667499605391641,0.1135986328125,-0.0044879395485622805,0.007931795,0.3666319541633129,10360,0.0003,0.008455435745418072,0.2,0.20135413110256195
,0.04,-7.55953995,,4253376,1420,,306,882,,582.16,0.9689732789993286,0.019272950530285014,0.09423828125,-0.006871584766486194,0.009145537,0.36493396386504173,10370,0.0003,-0.015166561119258404,0.2,0.20188221335411072
,0.03,-8.155870069999997,,4257472,1424,,307,882,,584.81,0.9060425758361816,0.034588118322426455,0.083837890625,-0.0012861757830251008,0.007597332,0.36668936610221864,10380,0.0003,0.00026204343885183334,0.2,0.2010912448167801
,0.02,-8.21019496,,4261568,1428,,308,883,,590.17,0.9429770112037659,0.006085435559361941,0.09951171875,-0.002034945254854392,0.007163572,0.36858363524079324,10390,0.0003,-0.001726752845570445,0.2,0.20142042636871338
,0.02,-7.20494393,,4265664,1433,,309,883,,590.17,0.9736213088035583,0.007241940616222564,0.095849609375,-0.0033939519635168836,0.00904899,0.35701473653316496,10400,0.0003,0.004483887925744057,0.2,0.20346248149871826
,0.02,-7.14827392,,4269760,1437,,310,883,,590.17,0.9366417527198792,0.012314347417850513,0.076171875,-0.004905490082455799,0.008000494,0.33956130743026736,10410,0.0003,0.004151954315602779,0.2,0.20489370822906494
,0.03,-7.142420199999999,,4273856,1442,,311,883,,585.94,0.9387556314468384,0.014313873444916681,0.09853515625,-0.007443221850553528,0.009783911,0.33052212446928025,10420,0.0003,-0.006267232820391655,0.2,0.20538070797920227
,0.02,-7.18465616,,4277952,1446,,312,883,,591.31,0.9410029053688049,0.0452878468495328,0.0817626953125,-0.0014484521976555697,0.0071776193,0.32410816848278046,10430,0.0003,0.004926018416881561,0.2,0.20652055740356445
,0.02,-7.67407082,,4282048,1451,,313,883,,591.31,0.8808673024177551,0.012361466127913445,0.076904296875,-0.0014479098696028813,0.0055235727,0.32235154062509536,10440,0.0003,-0.005886198952794075,0.2,0.20608051121234894
,0.02,-7.7002976699999985,,4286144,1455,,314,883,,590.67,0.9710452556610107,0.008908226044877666,0.083154296875,-0.005498135616653599,0.009140152,0.32545009031891825,10450,0.0003,-0.010664867237210274,0.2,0.2061672806739807
,0.02,-7.917135420000001,,4290240,1460,,315,883,,590.67,0.960352897644043,0.024540478264680133,0.128125,-0.008002305265108589,0.009444099,0.33248502761125565,10460,0.0003,-0.017113057896494865,0.2,0.20446862280368805
,0.02,-7.7498282099999996,,4294336,1464,,316,883,,590.67,0.9391087889671326,0.018370215888717213,0.0884521484375,-0.00341084463725565,0.008665398,0.3311065651476383,10470,0.0003,-0.0029828331898897886,0.2,0.20660218596458435
,0.02,-7.959637650000001,,4298432,1468,,317,883,,590.67,0.9815057516098022,0.006917766858896357,0.0953125,-0.0059612359444145115,0.007926681,0.3157962501049042,10480,0.0003,-0.001160785323008895,0.2,0.20758716762065887
25.928340361000576,0.02,-7.666958849999999,0.026531419879282817,4302528,1485,0.5842639799649177,318,876,0.0,590.67,0.9846827387809753,0.007333939746604301,0.088818359375,-0.0029841675946954637,0.007359627,0.3151280455291271,10490,0.0003,0.0009449091739952564,0.2,0.2069793939590454
,0.02,-7.660727780000001,,4306624,1489,,319,877,,590.67,0.9362627863883972,0.010359811375383287,0.091357421875,-0.003459605196985649,0.009085719,0.31190887540578843,10500,0.0003,0.005838342942297459,0.2,0.20805057883262634
,0.03,-6.971101139999999,,4310720,1493,,320,877,,587.44,0.9605311751365662,0.008291705894953339,0.1057373046875,-0.0047484556722338315,0.0075567146,0.3088169477880001,10510,0.0003,0.008587205782532692,0.2,0.20722545683383942
,0.03,-6.5327263800000015,,4314816,1498,,321,877,,587.44,0.801740288734436,0.07664103023998906,0.0931396484375,-0.0015624197767465375,0.008813135,0.32746555358171464,10520,0.0003,0.020190754905343056,0.2,0.20435111224651337
,0.03,-6.582926780000003,,4318912,1504,,322,876,,587.44,0.9774428606033325,0.005003151416894979,0.0882568359375,-0.007399964545038528,0.0068528787,0.33358817771077154,10530,0.0003,-0.013682667165994644,0.2,0.20614078640937805
,0.04,-6.459621650000002,,4323008,1509,,323,876,,584.25,0.9819291830062866,0.006776740685745608,0.0759033203125,-0.0018808239663485437,0.0065729627,0.3258409194648266,10540,0.0003,-0.0016341045266017318,0.2,0.2060963213443756
,0.05,-6.485597929999999,,4327104,1513,,324,876,,580.06,0.9475364685058594,0.08094512308016419,0.0828857421875,-0.001958311844646232,0.007413609,0.3344225466251373,10550,0.0003,0.05704072117805481,0.2,0.20402947068214417
,0.04,-6.42080185,,4331200,1518,,325,876,,584.29,0.9769189953804016,0.0078321388878976,0.08427734375,-0.0014468270121142269,0.0075821644,0.33985327929258347,10560,0.0003,-0.0005173624958842993,0.2,0.20486539602279663
,0.04,-6.50170977,,4335296,1522,,326,876,,584.29,0.9227070212364197,0.023126509922440162,0.0803466796875,-0.0037503584593650886,0.00503812,0.33265979066491125,10570,0.0003,0.003128235461190343,0.2,0.20521283149719238
,0.04,-6.431835240000001,,4339392,1527,,327,876,,584.29,0.9449636936187744,0.014255824823339935,0.0732666015625,-0.0035405464630457574,0.0070880656,0.3256137505173683,10580,0.0003,-0.0043881917372345924,0.2,0.20615758001804352
,0.03,-7.0573729300000005,,4343488,1532,,328,876,,589.39,0.9755100607872009,0.0031133691110881044,0.09765625,-0.00335904524763464,0.008347295,0.32720480263233187,10590,0.0003,-0.0030832106713205576,0.2,0.20479419827461243
,0.03,-6.67218679,,4347584,1536,,329,876,,589.39,0.9707427620887756,0.005649244933738373,0.07490234375,-0.0034378978743916377,0.0073022507,0.33175380900502205,10600,0.0003,-0.0017239577136933804,0.2,0.20530256628990173
,0.04,-6.577379189999999,,4351680,1541,,330,876,,585.02,0.9675710201263428,0.007446593255008338,0.1223388671875,-0.005379576173436362,0.0113157,0.3319708861410618,10610,0.0003,-0.012075424194335938,0.2,0.20495060086250305
,0.04,-6.6367558,,4355776,1545,,331,877,,585.02,0.8209710717201233,0.1625075661460869,0.091943359375,-0.003752423854894005,0.0075339144,0.33583478033542635,10620,0.0003,0.0050123305991292,0.2,0.2044215202331543
,0.05,-6.22738598,,4359872,1549,,332,877,,582.23,0.9637978672981262,0.007018493795840186,0.071435546875,-0.0003131218192720553,0.0070628477,0.33700925558805467,10630,0.0003,-0.0014608653727918863,0.2,0.20444966852664948
,0.06,-5.930978280000001,,4363968,1554,,333,877,,578.68,0.3428729176521301,0.10596604066959117,0.0922607421875,-0.0011344431186444126,0.0070097046,0.35481682494282724,10640,0.0003,0.0075899763032794,0.2,0.20080119371414185
,0.06,-5.7145486000000005,,4368064,1558,,334,878,,577.75,0.4275820255279541,0.06896525247939281,0.1017333984375,-0.0022858829761389643,0.0102085285,0.3996824886649847,10650,0.0003,0.017640670761466026,0.2,0.19572550058364868
,0.07,-5.78664651,,4372160,1562,,335,878,,572.56,0.8473604321479797,0.08043463923968375,0.087158203125,-0.0017840620508650317,0.004749369,0.429863784648478,10660,0.0003,0.029303623363375664,0.2,0.19501298666000366
,0.07,-5.75914181,,4376256,1566,,336,878,,572.56,0.8642025589942932,0.04468877234030515,0.09296875,-0.0003128501761239022,0.009502418,0.42745178397744893,10670,0.0003,0.005184534005820751,0.2,0.19622081518173218
,0.06,-6.19987569,,4380352,1570,,337,879,,575.3,0.9340527653694153,0.015746510768076406,0.0815185546875,-0.003688908040930983,0.009029109,0.4200816426426172,10680,0.0003,0.009282715618610382,0.2,0.19648413360118866
,0.08,-5.897323169999998,,4384448,1574,,338,879,,566.61,0.8932369947433472,0.027257511171046644,0.096435546875,0.00042206804500892757,0.010659454,0.4118482140824199,10690,0.0003,0.0021709767170250416,0.2,0.19783055782318115
,0.08,-5.9781781899999995,,4388544,1578,,339,879,,566.61,0.9150922298431396,0.06251891750143841,0.11923828125,-0.0018491704337066039,0.0078117764,0.40049863178282974,10700,0.0003,0.02473250776529312,0.2,0.1984732747077942
,0.09,-5.912193000000002,,4392640,1582,,340,880,,561.44,0.7533948421478271,0.03688247408135794,0.0963134765625,-0.004152076503669377,0.0068990476,0.3889830596745014,10710,0.0003,-0.0179477296769619,0.2,0.20003095269203186
,0.09,-5.859080660000001,,4396736,1586,,341,880,,561.44,0.8661575317382812,0.05237557826621923,0.0895263671875,-0.004291487735463307,0.0066787335,0.3858200192451477,10720,0.0003,0.005033301655203104,0.2,0.19962984323501587
26.16409148935533,0.09,-5.94151068,0.03263165593245421,4400832,1602,1.1310724190972008,342,874,0.0,561.44,0.9641717076301575,0.0107433645913261,0.1090576171875,-0.0046295677486341445,0.009326122,0.3842092275619507,10730,0.0003,0.003525194711983204,0.2,0.20051920413970947
,0.09,-5.97937519,,4404928,1606,,343,874,,561.44,0.9736444354057312,0.0045337177252804395,0.1047119140625,-0.003889558557420969,0.0101384185,0.3775987274944782,10740,0.0003,0.004497390240430832,0.2,0.20082655549049377
,0.09,-6.0186307800000005,,4409024,1610,,344,875,,560.92,0.9216902256011963,0.0072320776358537845,0.081787109375,-0.0024429305442026815,0.00555822,0.36272359639406204,10750,0.0003,-0.00952925719320774,0.2,0.20328879356384277
,0.09,-6.180446610000001,,4413120,1614,,345,875,,560.92,0.8654985427856445,0.0674728553975001,0.0966796875,-0.0023368938323983456,0.0054536485,0.35152318701148033,10760,0.0003,-0.016060106456279755,0.2,0.20316249132156372
,0.08,-6.42481301,,4417216,1618,,346,875,,563.71,0.9420651793479919,0.01163207754980249,0.095361328125,-0.003169303250615485,0.0076335315,0.35333788171410563,10770,0.0003,0.002793168881908059,0.2,0.2030484676361084
,0.07,-6.695023229999999,,4421312,1622,,347,876,,567.26,0.9846024513244629,0.0074991541390772905,0.101513671875,-0.003847950328781735,0.011136471,0.3490696057677269,10780,0.0003,0.00021302711684256792,0.2,0.2039073407649994
,0.06,-7.078744339999999,,4425408,1625,,348,876,,571.42,0.9630855917930603,0.0061376834441034585,0.0824951171875,-0.003230945745599456,0.0058227666,0.3461226560175419,10790,0.0003,-0.010790990665555,0.2,0.2036425769329071
,0.05,-7.24260772,,4429504,1629,,349,877,,576.61,0.9713205695152283,0.006880110337442602,0.08115234375,-0.004115237913356396,0.008439455,0.3460902594029903,10800,0.0003,0.014910222962498665,0.2,0.20407474040985107
,0.05,-7.299731989999999,,4433600,1633,,350,877,,576.61,0.9880666732788086,0.0020218018587911503,0.0666015625,-0.0018233050563139842,0.00665716,0.3509032815694809,10810,0.0003,-0.0006308580050244927,0.2,0.20295679569244385
,0.04,-7.308379630000001,,4437696,1638,,351,877,,581.25,0.8700007200241089,0.02445738223614171,0.0773681640625,-0.0028492305187683086,0.006461876,0.3469563715159893,10820,0.0003,0.004155730828642845,0.2,0.20457465946674347
,0.03,-7.684397860000001,,4441792,1641,,352,878,,584.85,0.9615857005119324,0.004683100076363189,0.0788330078125,-0.0015689448511693627,0.008132651,0.33835101798176764,10830,0.0003,0.0059194741770625114,0.2,0.20489126443862915
,0.02,-7.91443255,,4445888,1645,,353,878,,589.94,0.9433399438858032,0.006053887234520517,0.0687744140625,0.004565688890579622,0.0054516974,0.34422777965664864,10840,0.0003,-0.001143113011494279,0.2,0.20363232493400574
,0.02,-7.796397659999999,,4449984,1649,,354,878,,589.94,0.8961634039878845,0.005901326848470489,0.1072265625,-0.0021321285086742135,0.00990432,0.34448172226548196,10850,0.0003,-0.005705980118364096,0.2,0.20483221113681793
,0.01,-7.756431439999999,,4454080,1653,,355,879,,595.11,0.9416964054107666,0.004030562276602723,0.065283203125,-0.001105237493175082,0.006517702,0.35117865055799485,10860,0.0003,0.006193375680595636,0.2,0.20248249173164368
,0.01,-7.269935979999999,,4458176,1657,,356,879,,595.11,0.9788315296173096,0.001821364224633726,0.073095703125,-0.007363723273738287,0.008418823,0.3537812151014805,10870,0.0003,-0.011065974831581116,0.2,0.2041804939508438
,0.01,-7.348738430000001,,4462272,1661,,357,880,,595.11,0.9416493773460388,0.015913078459561802,0.08662109375,-0.0013174229272408411,0.0060620285,0.3481017827987671,10880,0.0003,-0.0014837905764579773,0.2,0.20349803566932678
,0.0,-7.694169520000002,,4466368,1665,,358,880,,600.0,0.9419092535972595,0.004928231722442433,0.068603515625,-0.00010070416465168819,0.0068060635,0.36205784156918525,10890,0.0003,-0.00029036030173301697,0.2,0.20180454850196838
,0.0,-7.509996269999999,,4470464,1669,,359,880,,600.0,0.9621527791023254,0.006244133016298292,0.10478515625,-0.004912287695333362,0.0131748,0.38097378984093666,10900,0.0003,0.008493607863783836,0.2,0.20002809166908264
,0.0,-7.643661570000001,,4474560,1672,,360,881,,600.0,0.9596147537231445,0.004056155600119382,0.06767578125,0.0012828514227294363,0.0061506294,0.3955288425087929,10910,0.0003,-0.0008480871911160648,0.2,0.19797511398792267
,0.0,-7.529965659999999,,4478656,1677,,361,881,,600.0,0.9761342406272888,0.004909594934542838,0.082763671875,-0.005098053644178435,0.005820944,0.4141231024637818,10920,0.0003,-0.0043644062243402,0.2,0.1964392066001892
,0.0,-7.50951955,,4482752,1681,,362,882,,600.0,0.9861805438995361,0.001703337660364923,0.0907958984375,-0.0018850279440812301,0.0059351134,0.4330639723688364,10930,0.0003,-0.0021452291402965784,0.2,0.1950605809688568
,0.0,-7.234163890000001,,4486848,1685,,363,882,,600.0,0.9328364729881287,0.005701755735935876,0.0590087890625,-0.003297893758281134,0.006535013,0.44104945193976164,10940,0.0003,-0.01354700606316328,0.2,0.19431036710739136
,0.0,-7.388179249999999,,4490944,1689,,364,882,,600.0,0.9814634919166565,0.004637780111806933,0.0965576171875,-0.0006366220652125776,0.0066967923,0.44849520921707153,10950,0.0003,-0.006003814749419689,0.2,0.1940833479166031
,0.0,-7.52825918,,4495040,1693,,365,882,,600.0,0.9910988807678223,0.005395988274904085,0.1119873046875,-0.0074366972534335215,0.010377186,0.4378151843324304,10960,0.0003,-0.009709246456623077,0.2,0.19594255089759827
,0.0,-7.54274544,,4499136,1697,,366,883,,600.0,0.9816784262657166,0.0042369050883280576,0.0626953125,-0.0027077992170234213,0.006924788,0.43497263696044686,10970,0.0003,-0.007718767039477825,0.2,0.1949872076511383
26.09600273388798,0.0,-7.47585696,0.017444147193891958,4503232,1712,0.5042832620593026,367,877,0.0,600.0,0.9440073370933533,0.008551841364533175,0.0941162109375,-0.0002654004281794187,0.0072311927,0.4467703804373741,10980,0.0003,-0.00018157379236072302,0.2,0.19305643439292908
,0.0,-7.41901965,,4507328,1716,,368,878,,600.0,0.9794621467590332,0.0027076526730525075,0.0762939453125,-0.00060073462955188,0.0066062473,0.4597388567402959,10990,0.0003,0.002416700590401888,0.2,0.19235354661941528
,0.0,-7.5304923200000005,,4511424,1719,,369,878,,600.0,0.9732952117919922,0.0044318539432424585,0.0953857421875,-0.006347533380903769,0.013296758,0.4465622637420893,11000,0.0003,0.01518400851637125,0.2,0.1956854611635208
,0.0,-7.25195702,,4515520,1723,,370,879,,600.0,0.9778141379356384,0.0016808723279609695,0.115087890625,0.0002044499953626655,0.0074084373,0.4247849084436893,11010,0.0003,0.006586018018424511,0.2,0.19667381048202515
,0.0,-7.150807680000001,,4519616,1727,,371,879,,600.0,0.9748049974441528,0.0035578659935708856,0.0940673828125,-0.00624496645614272,0.007886305,0.41886827517300845,11020,0.0003,-0.015089225955307484,0.2,0.1963287889957428
,0.0,-7.24862896,,4523712,1730,,372,880,,600.0,0.9843934178352356,0.003367007108317921,0.0871337890625,-0.004358577179664281,0.0077297334,0.42475981209427116,11030,0.0003,-0.0019484504591673613,0.2,0.1959724724292755
,0.0,-7.19377638,,4527808,1734,,373,880,,600.0,0.9784602522850037,0.006797311045374954,0.0744140625,-0.0047073833760805425,0.006767892,0.42919765282422306,11040,0.0003,0.00751075055450201,0.2,0.19582609832286835
,0.0,-7.469756660000001,,4531904,1738,,374,881,,600.0,0.9936230778694153,0.001817006669807597,0.1193359375,-0.005281572182138916,0.010532272,0.4381579849869013,11050,0.0003,-0.012912205420434475,0.2,0.19403375685214996
,0.0,-6.852365269999999,,4536000,1742,,375,881,,600.0,0.9830544590950012,0.0022234777214180214,0.092822265625,0.0003447084891377017,0.0061591845,0.4450343564152718,11060,0.0003,-0.0005244166241027415,0.2,0.1946752369403839
,0.01,-6.79743532,,4540096,1746,,376,882,,595.14,0.9676350355148315,0.006856488551420625,0.1030029296875,-0.002646689201355912,0.008592432,0.44550638645887375,11070,0.0003,-0.012236114591360092,0.2,0.1939908117055893
,0.01,-7.233874050000001,,4544192,1749,,377,882,,595.14,0.7576448321342468,0.03205949370312737,0.0945068359375,-0.0024694897001609206,0.0072279805,0.4598252411931753,11080,0.0003,-0.0016227406449615955,0.2,0.1916743814945221
,0.01,-6.993502269999999,,4548288,1753,,378,882,,595.14,0.9681171774864197,0.004422627278836444,0.110595703125,-0.001990626595215872,0.00846356,0.4669950822368264,11090,0.0003,0.0003543442580848932,0.2,0.1932414025068283
,0.01,-6.43066805,,4552384,1757,,379,883,,595.14,0.981848955154419,0.0015464317424630281,0.089599609375,-0.003140506875934079,0.006667493,0.4440281642600894,11100,0.0003,0.0029113655909895897,0.2,0.19571052491664886
,0.02,-6.31693919,,4556480,1761,,380,883,,589.93,0.9177291989326477,0.00705409147485625,0.1000244140625,-0.0037666136304324027,0.0080178,0.4350508706644177,11110,0.0003,0.007749298121780157,0.2,0.19467321038246155
,0.02,-6.114813000000001,,4560576,1765,,381,883,,589.93,0.9247844219207764,0.005658659931941657,0.0739990234375,-0.0022089341677201447,0.007663764,0.44824464693665506,11120,0.0003,-0.009401347488164902,0.2,0.19349713623523712
,0.02,-6.510073640000001,,4564672,1769,,382,884,,589.93,0.9645548462867737,0.004993932647630572,0.083544921875,-0.005087384434591513,0.010244263,0.4505841189995408,11130,0.0003,0.005148518364876509,0.2,0.19495531916618347
,0.02,-6.187729700000001,,4568768,1773,,383,884,,589.93,0.9733949899673462,0.003233061193532194,0.0704345703125,-0.0008314264661748894,0.0043205405,0.4364290300756693,11140,0.0003,0.0011566007742658257,0.2,0.1957908272743225
,0.02,-6.53500375,,4572864,1777,,384,884,,589.93,0.9815066456794739,0.0023907517779662157,0.109619140625,-0.006319938602973707,0.008074218,0.4282253198325634,11150,0.0003,-0.01389321405440569,0.2,0.19710388779640198
,0.02,-6.545788100000002,,4576960,1781,,385,885,,589.93,0.9782407283782959,0.001912915095272183,0.07529296875,-0.0005461338980239816,0.006641562,0.41876483205705883,11160,0.0003,-0.003688953584060073,0.2,0.1972680389881134
,0.02,-6.27537159,,4581056,1785,,386,885,,589.93,0.9741971492767334,0.0020371211427118396,0.0873779296875,-0.0007842712409910745,0.008579464,0.4228556191548705,11170,0.0003,0.0004868931428063661,0.2,0.19661515951156616
,0.03,-5.915422010000001,,4585152,1789,,387,885,,584.71,0.9740710258483887,0.0020733995919727023,0.1281005859375,-0.004190906889562029,0.011032201,0.43233355805277823,11180,0.0003,-0.01032455638051033,0.2,0.19604036211967468
,0.03,-5.47065382,,4589248,1793,,388,886,,584.71,0.8747416734695435,0.015394202631068766,0.06748046875,-0.001362202765449183,0.008926282,0.4438526248559356,11190,0.0003,-5.003419937565923e-05,0.2,0.1941746175289154
,0.03,-5.450829380000001,,4593344,1797,,389,886,,584.71,0.9608780145645142,0.004263115454887156,0.1517333984375,-0.008025248482590541,0.012780743,0.466158976405859,11200,0.0003,0.0015736055793240666,0.2,0.19215479493141174
,0.03,-5.39497709,,4597440,1801,,390,886,,584.71,0.9823309183120728,0.0018760574650514173,0.1132568359375,-0.0005779011873528362,0.009072524,0.48527330849319694,11210,0.0003,0.0016590417362749577,0.2,0.19063213467597961
24.433775377658485,0.02,-5.63415513,0.06176096116321765,4601536,1817,0.5479687348537632,391,881,0.0,589.57,0.9748468399047852,0.0024540903768865974,0.10869140625,-0.0036578067956725135,0.007824482,0.49293845016509297,11220,0.0003,-0.0026573988143354654,0.2,0.19122597575187683
,0.02,-5.2996756099999995,,4605632,1820,,392,881,,589.57,0.9747030138969421,0.001892847952331067,0.05361328125,0.002078138283104636,0.008158893,0.49264523163437846,11230,0.0003,-0.003715128405019641,0.2,0.1908433735370636
,0.02,-5.405636029999999,,4609728,1824,,393,882,,589.57,0.964945375919342,0.002252746341036982,0.1212158203125,-0.005335102924436797,0.013171164,0.48907963279634714,11240,0.0003,0.0008259322494268417,0.2,0.19204404950141907
,0.01,-5.578493860000001,,4613824,1827,,394,882,,594.78,0.8995462656021118,0.00872275413312309,0.099169921875,-0.006643219598481664,0.009863718,0.47610403671860696,11250,0.0003,0.025453992187976837,0.2,0.19284039735794067
,0.01,-5.55793274,,4617920,1831,,395,883,,594.78,0.9774222373962402,0.0024671972840224045,0.0891845703125,-0.004863672801002394,0.006709169,0.465947113186121,11260,0.0003,0.0032660099677741528,0.2,0.19343078136444092
,0.01,-5.60159677,,4622016,1835,,396,883,,594.78,0.9723214507102966,0.0028090930043617847,0.0708251953125,-0.004793880443321541,0.0052772313,0.4505899241194129,11270,0.0003,-0.011969774030148983,0.2,0.19617117941379547
,0.02,-5.08269672,,4626112,1838,,397,884,,589.4,0.994447648525238,0.0016430260433480726,0.080712890625,-0.004363931507396046,0.0072956663,0.43684699572622776,11280,0.0003,-0.011574611067771912,0.2,0.19598257541656494
,0.02,-5.1211008300000005,,4630208,1842,,398,884,,589.4,0.9376989603042603,0.014710648356413003,0.0966796875,-0.0023330652111326344,0.0075575355,0.4654513832181692,11290,0.0003,0.008164975792169571,0.2,0.19161921739578247
,0.02,-4.94737923,,4634304,1846,,399,885,,589.4,0.9972214698791504,0.0007928298402475776,0.13232421875,-0.00551560506428359,0.009537248,0.49264787044376135,11300,0.0003,-0.016283268108963966,0.2,0.1903110295534134
,0.02,-4.875610330000001,,4638400,1850,,400,885,,589.4,0.8773218989372253,0.010648686171043665,0.064306640625,-0.0027388093643821777,0.006932476,0.5091981718316674,11310,0.0003,0.026058372110128403,0.2,0.18886412680149078
,0.01,-4.963574189999999,,4642496,1854,,401,885,,594.62,0.9905428886413574,0.00043981149692626784,0.1385986328125,-0.003920626151375473,0.009056419,0.5198636028915644,11320,0.0003,0.01439772080630064,0.2,0.18796440958976746
,0.02,-5.15428016,,4646592,1858,,402,886,,590.82,0.9699183106422424,0.006146677595097572,0.0763427734375,-0.002100285612687003,0.007672875,0.5404996510595084,11330,0.0003,-0.013261368498206139,0.2,0.18550021946430206
,0.02,-4.910946769999999,,4650688,1862,,403,886,,590.82,0.8534421920776367,0.030750524207542186,0.0818603515625,-0.0005970778482151217,0.007862456,0.5706511605530977,11340,0.0003,0.030360884964466095,0.2,0.18203380703926086
,0.02,-4.99480618,,4654784,1865,,404,886,,590.82,0.9426321983337402,0.01095318621264596,0.1070556640625,-0.00356813857506495,0.006952024,0.5925005111843348,11350,0.0003,0.010935334488749504,0.2,0.1816871017217636
,0.02,-4.9242681699999995,,4658880,1869,,405,887,,590.82,0.9881243109703064,0.003970133959228406,0.1232421875,-0.0029805856473103633,0.007929403,0.5899208407849074,11360,0.0003,-0.015143394470214844,0.2,0.18228915333747864
,0.02,-4.93371182,,4662976,1873,,406,887,,590.82,0.9731784462928772,0.008895044334349223,0.107080078125,-0.005005494135548361,0.010577928,0.5885386116802692,11370,0.0003,0.004272159654647112,0.2,0.18208584189414978
,0.02,-5.21189149,,4667072,1877,,407,887,,590.82,0.9860772490501404,0.003188062577828532,0.0842041015625,-0.0055486313591245565,0.006057462,0.589425603672862,11380,0.0003,-0.006196071393787861,0.2,0.18192538619041443
,0.02,-5.12715236,,4671168,1881,,408,888,,590.82,0.9932777881622314,0.0014778244410081243,0.09697265625,-0.0012253988214069977,0.0066551515,0.602669533342123,11390,0.0003,-0.001730399439111352,0.2,0.1803274154663086
,0.02,-5.4123367,,4675264,1885,,409,888,,590.82,0.990695595741272,0.003426478905385011,0.1342529296875,-0.0031163466279394924,0.0072831223,0.6108691748231649,11400,0.0003,-0.0060894181951880455,0.2,0.1803871989250183
,0.02,-5.825791989999999,,4679360,1889,,410,888,,590.82,0.9750932455062866,0.0033473353443696395,0.0861572265625,-0.0014371538622071967,0.0065037035,0.6002335328608751,11410,0.0003,0.006293384358286858,0.2,0.18242275714874268
,0.03,-5.857063470000001,,4683456,1893,,411,889,,585.43,0.9807313680648804,0.0050464686974009965,0.1001708984375,-0.0020978659347747454,0.008818008,0.575503783673048,11420,0.0003,-0.0002712721470743418,0.2,0.1846821904182434
,0.03,-5.928066169999999,,4687552,1897,,412,889,,585.42,0.9448546171188354,0.011255291670386214,0.0962158203125,-0.006494288325848174,0.008378943,0.5722831599414349,11430,0.0003,0.008101948536932468,0.2,0.18349599838256836
,0.03,-5.881269659999999,,4691648,1901,,413,889,,585.42,0.9823530316352844,0.004761641777804471,0.0802734375,-0.0034720191193628124,0.007779831,0.578834043070674,11440,0.0003,-0.0007567781722173095,0.2,0.18348681926727295
,0.03,-6.020248249999998,,4695744,1905,,414,890,,585.42,0.9866645932197571,0.0019983509790108657,0.113916015625,-0.00519513826657203,0.008880833,0.5886052545160055,11450,0.0003,0.0030677190516144037,0.2,0.1820482313632965
,0.03,-6.49924746,,4699840,1909,,415,890,,585.42,0.969100296497345,0.008620437426725403,0.0921142578125,-0.005355456718825735,0.008794278,0.5886014826595783,11460,0.0003,-0.008314987644553185,0.2,0.18328915536403656
25.65257548790557,0.03,-6.4612909400000005,0.08079881977091238,4703936,1924,1.3891790217342155,416,885,0.0,585.42,0.9820763468742371,0.005012663740853895,0.0831298828125,-0.0009278711891965941,0.0063819834,0.5777242571115494,11470,0.0003,0.005278800614178181,0.2,0.1839486062526703
,0.02,-6.53864749,,4708032,1928,,417,885,,589.22,0.990717351436615,0.0014391564121979173,0.1114501953125,-0.004538971689180471,0.009871677,0.5625984344631434,11480,0.0003,-0.0008018903317861259,0.2,0.1865803450345993
,0.02,-6.926490879999999,,4712128,1932,,418,886,,589.22,0.9798249006271362,0.0045583905044622956,0.0779052734375,-0.0024374681932386013,0.008516101,0.5457744460552931,11490,0.0003,-0.012360015884041786,0.2,0.1866055727005005
,0.02,-7.009859379999999,,4716224,1935,,419,886,,589.22,0.9618111848831177,0.010129117377800867,0.095263671875,-0.0034634179988643154,0.007642245,0.5398350071161986,11500,0.0003,0.01627577841281891,0.2,0.18690474331378937
,0.02,-6.856159990000001,,4720320,1939,,420,886,,589.22,0.9757050275802612,0.007281093725032406,0.10380859375,-0.0025826343495282344,0.010450149,0.5414932031184435,11510,0.0003,0.004059756174683571,0.2,0.18631577491760254
,0.02,-6.646782379999999,,4724416,1943,,421,887,,589.22,0.9069345593452454,0.009878912174099242,0.083251953125,-0.002947170761763118,0.0076759784,0.5415179535746575,11520,0.0003,-0.010524882934987545,0.2,0.18620119988918304
,0.02,-6.537134129999999,,4728512,1947,,422,887,,589.22,0.9201066493988037,0.001969352013657044,0.09833984375,0.00020588167681125923,0.008444147,0.5427781295031309,11530,0.0003,-0.009345092810690403,0.2,0.18538644909858704
,0.02,-6.52872613,,4732608,1951,,423,887,,589.22,0.9922035932540894,0.0005385631294302584,0.099365234375,-0.00345992522634333,0.007935233,0.5496975533664227,11540,0.0003,-0.006983031518757343,0.2,0.1852477490901947
,0.02,-6.51237361,,4736704,1955,,424,888,,589.22,0.89849454164505,0.017509960635652532,0.0822021484375,-0.002975057687581284,0.008899305,0.547202379629016,11550,0.0003,0.00021102279424667358,0.2,0.1858600229024887
,0.01,-6.05704835,,4740800,1958,,425,888,,594.61,0.942367434501648,0.006835440250870306,0.081787109375,-0.0033711797863361427,0.00651607,0.5355358835309744,11560,0.0003,-0.011161545291543007,0.2,0.18731743097305298
,0.01,-5.975985360000001,,4744896,1962,,426,889,,594.72,0.9794005155563354,0.001634124443262408,0.0975830078125,-0.0008072146069025621,0.008103701,0.5394962422549725,11570,0.0003,0.0035797981545329094,0.2,0.18568426370620728
,0.01,-5.7944507199999995,,4748992,1966,,427,889,,594.72,0.654082715511322,0.021146005304399296,0.06943359375,-0.0023012946432572788,0.0076362668,0.5675833694636822,11580,0.0003,-0.0036656511947512627,0.2,0.18283453583717346
,0.01,-5.664798500000001,,4753088,1970,,428,889,,594.72,0.9333041906356812,0.006368134916556301,0.0830810546875,-0.00479269415664021,0.0063675973,0.5767009388655424,11590,0.0003,0.0002467823214828968,0.2,0.1842677891254425
,0.01,-5.473480220000002,,4757184,1974,,429,889,,594.72,0.9810843467712402,0.0008994430545499199,0.0690185546875,-0.0010837024805368856,0.006112681,0.5719189044088125,11600,0.0003,0.0018082864116877317,0.2,0.18335513770580292
,0.01,-5.16094194,,4761280,1978,,430,890,,594.72,0.9520569443702698,0.005197100647274055,0.096826171875,-0.0035014913766644893,0.009159015,0.5770119834691286,11610,0.0003,-0.01765287108719349,0.2,0.18348798155784607
,0.01,-5.13865436,,4765376,1982,,431,890,,594.72,0.9934787750244141,0.0014226740257072378,0.098095703125,-0.0038149786181747914,0.007906303,0.5653413370251655,11620,0.0003,-0.005127532407641411,0.2,0.18521779775619507
,0.01,-4.83538337,,4769472,1986,,432,890,,594.72,0.9593425989151001,0.004225278918966069,0.0904296875,-0.002915477764327079,0.0072529046,0.5530869461596012,11630,0.0003,0.0012333302292972803,0.2,0.185564324259758
,0.01,-4.727181309999999,,4773568,1990,,433,891,,594.72,0.9092820286750793,0.010412708460353314,0.06689453125,-0.002373762502975296,0.006532127,0.5443533610552549,11640,0.0003,0.0006669918657280505,0.2,0.1866064816713333
,0.01,-4.76208591,,4777664,1994,,434,891,,594.72,0.9874854683876038,0.0021084479987621306,0.08681640625,-0.0034351249632891268,0.007340825,0.5407059784978628,11650,0.0003,-0.009385976009070873,0.2,0.1864757239818573
,0.01,-4.7780078900000005,,4781760,1998,,435,891,,594.72,0.9739668369293213,0.0017846224080130923,0.0765869140625,-0.003731233392318245,0.007102468,0.5355398055166006,11660,0.0003,0.0031450309325009584,0.2,0.18759387731552124
,0.01,-4.72644098,,4785856,2001,,436,892,,594.72,0.9792215824127197,0.004526039305346785,0.1004150390625,-0.0020206946326652543,0.008914475,0.5312752861529588,11670,0.0003,0.008607267402112484,0.2,0.1871614009141922
,0.01,-4.5900345,,4789952,2005,,437,892,,594.72,0.9878876805305481,0.001623547678173054,0.0949462890625,-0.0014121958396572155,0.00838405,0.5405148737132549,11680,0.0003,-0.004183309618383646,0.2,0.18530486524105072
,0.01,-4.32727918,,4794048,2009,,438,892,,594.72,0.9682137370109558,0.007554581228760071,0.1121826171875,-0.006077271325921174,0.007403515,0.5550043653696776,11690,0.0003,-0.010506102815270424,0.2,0.18418386578559875
,0.01,-4.19031245,,4798144,2013,,439,893,,594.72,0.9815319776535034,0.0014161143349156191,0.082861328125,-0.0032013805699534713,0.007942764,0.5698003157973289,11700,0.0003,0.006679793354123831,0.2,0.1826142817735672
25.199563422191183,0.0,-4.36892432,0.062395694002456384,4802240,2028,0.6845298448262271,440,888,0.0,600.0,0.949618935585022,0.00242089387957094,0.09990234375,-0.0027031492587411775,0.011098573,0.5767074316740036,11710,0.0003,0.0041258917190134525,0.2,0.18292242288589478
,0.01,-4.23406262,,4806336,2032,,441,888,,594.67,0.9830606579780579,0.0018510429672460305,0.0986083984375,-0.0034779668178089194,0.00806717,0.5830543924123048,11720,0.0003,-0.014135433360934258,0.2,0.181227445602417
,0.01,-4.299943369999999,,4810432,2035,,442,889,,594.67,0.8499657511711121,0.02628803443221841,0.1024169921875,-0.002907223892543698,0.008060241,0.6033929575234651,11730,0.0003,0.002379016485065222,0.2,0.1796257346868515
,0.01,-4.6882221699999995,,4814528,2039,,443,889,,594.67,0.9006046056747437,0.004204718331675394,0.080419921875,-0.0031735906333778983,0.006930962,0.6029922790825367,11740,0.0003,-0.0012416176032274961,0.2,0.18063408136367798
,0.01,-4.816184379999999,,4818624,2043,,444,889,,594.67,0.9897581934928894,0.001742486928924336,0.1034423828125,-0.004858310824783984,0.0075165182,0.5973660089075565,11750,0.0003,-0.012374904938042164,0.2,0.18084684014320374
,0.01,-4.8587871300000005,,4822720,2047,,445,890,,594.67,0.8934333920478821,0.018720969715650425,0.0849853515625,-0.006635645467031282,0.0076839407,0.5978896830230951,11760,0.0003,-0.016169818118214607,0.2,0.18063096702098846
,0.01,-4.997182400000001,,4826816,2051,,446,890,,594.67,0.8838919401168823,0.011122766149492236,0.1025390625,-0.0013908161919971463,0.0070847366,0.6046373553574085,11770,0.0003,-0.010062623769044876,0.2,0.17947068810462952
,0.02,-4.89382683,,4830912,2055,,447,890,,589.32,0.9066657423973083,0.010196925462514628,0.146923828125,-0.00725280193873914,0.009913014,0.6090998414903879,11780,0.0003,-0.005945543758571148,0.2,0.1801033765077591
,0.02,-4.98852538,,4835008,2059,,448,890,,589.32,0.7692111134529114,0.04828046357142739,0.0908447265625,-0.0026142803581024054,0.007764115,0.6065265107899904,11790,0.0003,-0.004452819470316172,0.2,0.18003955483436584
,0.02,-5.05651046,,4839104,2063,,449,891,,589.32,0.9556281566619873,0.008115882506899652,0.091162109375,-0.0016916000313358381,0.008970523,0.5962647188454866,11800,0.0003,-0.009813757613301277,0.2,0.1817636489868164
,0.02,-4.950831830000001,,4843200,2067,,450,891,,589.32,0.9617542028427124,0.001708410664832627,0.10810546875,-0.0030399153045436835,0.008764282,0.5803928300738335,11810,0.0003,-0.010823399759829044,0.2,0.18293873965740204
,0.02,-5.23167886,,4847296,2071,,451,891,,589.32,0.9766435027122498,0.00999845738260774,0.123193359375,-0.0058540541707770895,0.010711167,0.5705069553107023,11820,0.0003,0.01376172062009573,0.2,0.18395714461803436
,0.02,-5.022308990000001,,4851392,2075,,452,891,,589.32,0.9882776141166687,0.001521414835951873,0.074169921875,-0.0012914701554109342,0.0055973222,0.5619555618613958,11830,0.0003,0.01116222608834505,0.2,0.18424975872039795
,0.02,-5.012214810000001,,4855488,2079,,453,892,,589.32,0.9707126617431641,0.0018761288278255962,0.09130859375,-0.0029761199912172742,0.006671262,0.5713529054075479,11840,0.0003,-0.0037712801713496447,0.2,0.18273892998695374
,0.02,-5.21013004,,4859584,2083,,454,892,,589.32,0.9586777687072754,0.0037101179481396685,0.080517578125,-0.0008901876673917287,0.007447387,0.5763903521001339,11850,0.0003,0.01646832376718521,0.2,0.18316471576690674
,0.02,-5.325997070000002,,4863680,2088,,455,892,,589.32,0.9722214937210083,0.005285506631116732,0.0906982421875,-0.00215968449410866,0.007571616,0.5662367932498455,11860,0.0003,0.00032576051307842135,0.2,0.18438291549682617
,0.01,-5.484440269999999,,4867776,2091,,456,892,,594.65,0.9789669513702393,0.0016180879838429973,0.0765380859375,-0.0020276695417123848,0.0054926034,0.5628241568803787,11870,0.0003,-0.004698840901255608,0.2,0.18399874866008759
,0.01,-5.323315429999999,,4871872,2095,,457,893,,594.65,0.9950283169746399,0.0007002464050856361,0.0955078125,-0.004470849718200043,0.0061642276,0.560377661511302,11880,0.0003,-0.012914312072098255,0.2,0.18457143008708954
,0.02,-5.03435876,,4875968,2099,,458,893,,589.55,0.9811072945594788,0.00322217210305098,0.078564453125,-0.0004789885904756375,0.007258435,0.5620676100254058,11890,0.0003,-0.004909639712423086,0.2,0.18409161269664764
,0.02,-4.83308536,,4880064,2103,,459,893,,589.55,0.8940515518188477,0.011361726148970774,0.086083984375,-0.003565913268539589,0.0070090666,0.5831255976110696,11900,0.0003,-0.003813487244769931,0.2,0.18128898739814758
,0.02,-4.8622057000000005,,4884160,2107,,460,894,,589.55,0.995829164981842,0.000750252110810834,0.1107666015625,-0.0019625056243967264,0.011304582,0.6071003399789333,11910,0.0003,0.003095384221524,0.2,0.18008354306221008
,0.01,-4.7413567,,4888256,2111,,461,894,,594.9,0.9868186116218567,0.0005957079204563342,0.077685546875,-0.001541325874859467,0.0070261834,0.6026667632162571,11920,0.0003,-0.0034927567467093468,0.2,0.18218016624450684
,0.01,-4.787996150000001,,4892352,2115,,462,894,,594.9,0.9796767830848694,0.0016973980613329332,0.11123046875,-0.004544716658710968,0.009353198,0.5944761540740728,11930,0.0003,0.0011070214677602053,0.2,0.18163228034973145
,0.01,-4.51450379,,4896448,2119,,463,894,,594.9,0.9645650386810303,0.0035162761345418404,0.105517578125,-0.0004490558334509842,0.007077198,0.5831431932747364,11940,0.0003,0.008387814275920391,0.2,0.18405762314796448
25.984218769426203,0.01,-4.40104158,0.001207635487593865,4900544,2134,0.01514463463257811,464,890,0.0,594.9,0.9811558127403259,0.0012019397981930524,0.1165771484375,-0.0032764130082796328,0.007417846,0.5740040153264999,11950,0.0003,0.007757895160466433,0.2,0.1833725869655609
,0.01,-4.197548919999999,,4904640,2138,,465,890,,594.9,0.9589343070983887,0.0038852782161484358,0.0798828125,-0.0011377736067515799,0.0072230664,0.5826694961637259,11960,0.0003,-0.002201583469286561,0.2,0.18282775580883026
,0.01,-4.205930889999999,,4908736,2142,,466,891,,594.9,0.9854841828346252,0.00032511717495253833,0.1036865234375,-0.003966561649576761,0.01090952,0.5845334220677614,11970,0.0003,-0.0054181586019694805,0.2,0.1831245720386505
,0.01,-4.50686011,,4912832,2145,,467,891,,594.9,0.9548081159591675,0.0052822843485046175,0.0811767578125,-0.005471966412733309,0.009109974,0.5781501963734627,11980,0.0003,0.0007061577634885907,0.2,0.18361212313175201
,0.01,-4.69213444,,4916928,2149,,468,891,,594.9,0.970296323299408,0.007478099814034067,0.095068359375,-0.002162749838316813,0.009115422,0.5747379478067159,11990,0.0003,-0.004349547438323498,0.2,0.18402749300003052
,0.01,-4.679668840000001,,4921024,2153,,469,892,,594.9,0.9942657947540283,0.0012680926176471985,0.1233642578125,-0.0038587413742789066,0.010479122,0.5736465595662594,12000,0.0003,0.00047093984903767705,0.2,0.1840154379606247
,0.01,-4.54364396,,4925120,2156,,470,892,,594.9,0.9898133873939514,0.001480821786026354,0.1000732421875,-0.00020908385267830453,0.0076234927,0.5653277169913054,12010,0.0003,-0.009796036407351494,0.2,0.18553605675697327
,0.01,-4.76620242,,4929216,2160,,471,892,,594.9,0.9731759428977966,0.004889173515402944,0.096826171875,-0.003525541696581058,0.007558226,0.5633446060121059,12020,0.0003,-0.0014971466735005379,0.2,0.185164213180542
,0.01,-5.00323762,,4933312,2164,,472,893,,594.9,0.9419203996658325,0.007557246497890446,0.105224609375,-0.0058027018254506405,0.009561753,0.5666783701628446,12030,0.0003,-0.010966121219098568,0.2,0.18467901647090912
,0.0,-5.42406111,,4937408,2168,,473,893,,600.0,0.9714176654815674,0.004760515694215428,0.1010009765625,-0.007619135167624335,0.0077188676,0.5782173536717892,12040,0.0003,-0.0048751686699688435,0.2,0.18326348066329956
,0.0,-5.18303161,,4941504,2172,,474,893,,600.0,0.990189790725708,0.0021476546662597684,0.095703125,-0.0013029111622017808,0.007816119,0.5784188240766526,12050,0.0003,-0.005089612677693367,0.2,0.18400749564170837
,0.0,-5.228753800000001,,4945600,2176,,475,893,,600.0,0.9154398441314697,0.0019502762625961622,0.0849609375,-0.004765872179996222,0.00655956,0.5668675124645233,12060,0.0003,-0.008068556897342205,0.2,0.18487560749053955
,0.0,-5.5942365500000015,,4949696,2180,,476,893,,600.0,0.8057403564453125,0.004431805289277691,0.08095703125,-0.001955538016045466,0.007216215,0.5528517764061689,12070,0.0003,-0.010967505164444447,0.2,0.18649418652057648
,0.0,-5.517517429999999,,4953792,2185,,477,894,,600.0,0.9765266180038452,0.0024843589490046725,0.0712158203125,0.0008138535427860916,0.004979106,0.5539958212524653,12080,0.0003,0.00428485544398427,0.2,0.1845405101776123
,0.01,-5.779106600000001,,4957888,2189,,478,894,,594.74,0.9869480729103088,0.006113502304287977,0.0911376953125,0.0012591041944688187,0.0070466003,0.5690408289432526,12090,0.0003,0.0005886498256586492,0.2,0.18380038440227509
,0.01,-6.363309470000001,,4961984,2192,,479,894,,594.74,0.8476760387420654,0.02738589344371576,0.0877197265625,-0.0023128653199819384,0.0063991817,0.5908508505672216,12100,0.0003,0.003986331634223461,0.2,0.1807052195072174
,0.01,-6.329011250000001,,4966080,2196,,480,894,,594.74,0.9898089170455933,0.001263838906197634,0.081298828125,-0.004931387653050479,0.008884266,0.5923202585428953,12110,0.0003,-0.0011919493554159999,0.2,0.18381720781326294
,0.01,-6.13152953,,4970176,2200,,481,895,,594.74,0.9721967577934265,0.0005180874269171909,0.080615234375,-0.0007472670244169421,0.0061394377,0.5679839845746756,12120,0.0003,-0.006546970922499895,0.2,0.18447187542915344
,0.01,-5.901384180000001,,4974272,2204,,482,895,,594.74,0.9023527503013611,0.002111887529827072,0.0871337890625,-0.0017200032889377326,0.006749456,0.5579241968691349,12130,0.0003,0.003090142272412777,0.2,0.1855265200138092
,0.01,-5.88216467,,4978368,2208,,483,895,,594.74,0.9687138795852661,0.0009071937633052584,0.087646484375,-0.0007091009014402516,0.0071586194,0.5523388385772705,12140,0.0003,0.013755379244685173,0.2,0.18582683801651
,0.01,-5.776611600000001,,4982464,2212,,484,896,,594.74,0.9474247694015503,0.0020367380560855964,0.092138671875,-0.0017787003191187978,0.009208005,0.5487467002123594,12150,0.0003,0.002489999169483781,0.2,0.18653050065040588
,0.01,-5.70609353,,4986560,2216,,485,896,,594.74,0.9773992896080017,0.0007855676996769035,0.0938232421875,-0.0011490919278003275,0.0071519837,0.538080021366477,12160,0.0003,0.008710505440831184,0.2,0.187775656580925
,0.01,-5.45731951,,4990656,2220,,486,896,,594.74,0.9785541296005249,0.002150385798449861,0.083154296875,-0.0007721305657469202,0.0057022395,0.5374517820775508,12170,0.0003,0.007572100963443518,0.2,0.18658697605133057
,0.01,-5.303170360000001,,4994752,2224,,487,896,,594.74,0.9913678169250488,0.00026378827401458694,0.1142578125,-0.0009335648021078669,0.0116091715,0.5427920147776604,12180,0.0003,-0.0010322877205908298,0.2,0.187093123793602
,0.01,-5.20978663,,4998848,2228,,488,896,,594.74,0.9203262329101562,0.009090587157697883,0.0851318359375,-0.003937498248706106,0.008418332,0.5361822959035635,12190,0.0003,0.0009951163083314896,0.2,0.18682923913002014
25.98236819673406,0.01,-5.297560580000002,0.02630460459555641,5002944,2244,0.5160458898433984,489,892,0.0,594.74,0.9915790557861328,0.0012052591542669687,0.097021484375,-0.0012862502742791548,0.010511506,0.5333757013082504,12200,0.0003,0.0033551868982613087,0.2,0.18756866455078125
,0.01,-5.373614819999999,,5007040,2247,,490,892,,594.74,0.9784667491912842,0.0034368112046649912,0.07216796875,-0.0014548084640409798,0.0076084463,0.5394258745014667,12210,0.0003,-0.004920363426208496,0.2,0.18584007024765015
,0.02,-5.16043789,,5011136,2251,,491,893,,589.45,0.9823798537254333,0.0009657692408836738,0.0985107421875,0.0015087896535987966,0.0048829494,0.5465559650212526,12220,0.0003,-0.002549263648688793,0.2,0.1863105297088623
,0.02,-5.0539160700000005,,5015232,2255,,492,893,,589.45,0.8372360467910767,0.023010902943497058,0.0635986328125,-0.0005412377635366283,0.0054458585,0.5549523860216141,12230,0.0003,0.006266958080232143,0.2,0.18458175659179688
,0.01,-5.23684124,,5019328,2259,,493,893,,594.71,0.8447384834289551,0.022031224176316755,0.0811767578125,-0.0013061752368230372,0.0069833384,0.5552587140351534,12240,0.0003,0.023074736818671227,0.2,0.1863013207912445
,0.01,-5.25587134,,5023424,2262,,494,894,,594.71,0.9340781569480896,0.022002503246767446,0.083837890625,-0.0022307206352707,0.007211442,0.5440602093935013,12250,0.0003,-0.0014709073584526777,0.2,0.18628963828086853
,0.02,-5.27858382,,5027520,2266,,495,894,,589.39,0.9638084173202515,0.002879773957465659,0.0820068359375,-0.00011267774971202016,0.007390974,0.5438671212643384,12260,0.0003,-0.0025394167751073837,0.2,0.18624219298362732
,0.02,-5.37774375,,5031616,2270,,496,894,,589.39,0.8119930028915405,0.026509811248979533,0.12119140625,-0.001911253329308238,0.007808091,0.5457684591412544,12270,0.0003,0.007883979007601738,0.2,0.18581479787826538
,0.02,-5.43074061,,5035712,2274,,497,895,,589.39,0.9298116564750671,0.008519196214183466,0.093212890625,-0.0054943995724897835,0.012399511,0.537257331609726,12280,0.0003,-0.0040594288147985935,0.2,0.18778254091739655
,0.02,-5.5317865500000005,,5039808,2278,,498,895,,589.39,0.8384591341018677,0.013456121664785315,0.097412109375,-0.009504834393737838,0.022576248,0.5234138265252113,12290,0.0003,-0.02651534229516983,0.2,0.18799453973770142
,0.02,-5.62988421,,5043904,2282,,499,895,,589.39,0.927839994430542,0.00547415145119885,0.106494140625,-0.0005244161453447305,0.009387254,0.5259810041636228,12300,0.0003,-0.008578512817621231,0.2,0.18773183226585388
,0.02,-5.567551560000001,,5048000,2286,,500,895,,589.39,0.9624408483505249,0.0010560026903476682,0.1006103515625,-0.0019134231479256414,0.007877697,0.5150270566344262,12310,0.0003,0.0020750239491462708,0.2,0.19026696681976318
,0.02,-5.60261983,,5052096,2290,,501,896,,589.39,0.9437534809112549,0.009531189566769172,0.081201171875,-0.0029760455916402863,0.007762865,0.4918972125276923,12320,0.0003,-0.004454505629837513,0.2,0.19206750392913818
,0.03,-5.680178850000001,,5056192,2293,,502,896,,584.15,0.9494249820709229,0.007745908907963894,0.0855712890625,-0.001599859913403634,0.0072334083,0.48813763074576855,12330,0.0003,6.946595385670662e-05,0.2,0.19072723388671875
,0.03,-6.047599550000001,,5060288,2297,,503,896,,584.15,0.9454113245010376,0.016291869206906995,0.1017822265625,-0.004602432169485837,0.0075790863,0.5063796186819672,12340,0.0003,0.021150998771190643,0.2,0.18888124823570251
,0.03,-6.147722309999999,,5064384,2301,,504,896,,584.15,0.9879114627838135,0.006825507740722969,0.0776123046875,-0.005911739305520314,0.007937158,0.5209874007850885,12350,0.0003,-0.011744482442736626,0.2,0.1879321187734604
,0.02,-6.46269961,,5068480,2305,,505,897,,589.44,0.9874235987663269,0.004593482663403847,0.0687255859375,-0.0029069670737953855,0.0069517475,0.5184822227805853,12360,0.0003,-0.007905172184109688,0.2,0.18972156941890717
,0.03,-6.01170835,,5072576,2309,,506,897,,584.22,0.9563872814178467,0.004230881190960645,0.0661865234375,-0.0023716058989521117,0.007661637,0.5128523468971252,12370,0.0003,-0.019709458574652672,0.2,0.1883070021867752
,0.03,-6.044919030000001,,5076672,2313,,507,897,,584.22,0.9433122873306274,0.013295905409904663,0.0861083984375,-0.0029793261259328575,0.009316362,0.5254918422549963,12380,0.0003,-0.006795297376811504,0.2,0.18752509355545044
,0.03,-5.477321089999999,,5080768,2317,,508,897,,584.22,0.9925477504730225,0.0004392472716062912,0.0814697265625,0.000409557088278234,0.0061557447,0.5320838201791048,12390,0.0003,-0.004370450042188168,0.2,0.18663586676120758
,0.02,-5.74029327,,5084864,2321,,509,898,,589.54,0.9660360813140869,0.001407834050951351,0.0966552734375,-0.005485123567632399,0.008641737,0.5360675867646932,12400,0.0003,0.007140160072594881,0.2,0.18687871098518372
,0.02,-5.95707768,,5088960,2325,,510,898,,589.54,0.9210765361785889,0.010545979600283317,0.0927490234375,-0.003924092261513579,0.0070201606,0.5329888463020325,12410,0.0003,0.00034322356805205345,0.2,0.18737313151359558
,0.02,-5.73405605,,5093056,2329,,511,898,,589.54,0.9637740850448608,0.005413450951891718,0.071923828125,0.0013725489086937159,0.006778134,0.5221684373915195,12420,0.0003,-0.0006096966098994017,0.2,0.18947049975395203
,0.02,-5.834501979999999,,5097152,2332,,512,898,,589.54,0.985153079032898,0.0014853433016469354,0.111474609375,-0.004928638055571355,0.008412759,0.5197936542332172,12430,0.0003,0.0029369869735091925,0.2,0.18824882805347443
26.09533282940968,0.02,-5.582356509999999,0.03884711928387646,5101248,2349,0.942684800470768,513,894,0.0,589.54,0.9857190847396851,0.0010961003794363934,0.10498046875,-0.0017243184585822747,0.0076604015,0.5368174590170384,12440,0.0003,0.0077551850117743015,0.2,0.1866638958454132
,0.02,-5.482314720000001,,5105344,2352,,514,894,,589.54,0.9933840036392212,0.00014619257412959997,0.1180908203125,-0.0028619124292163177,0.007819203,0.5599588256329298,12450,0.0003,-0.015047498047351837,0.2,0.18436503410339355
,0.03,-5.73565759,,5109440,2356,,515,895,,584.41,0.9252721667289734,0.007575921126408503,0.0772216796875,-0.0008139155965181999,0.006152291,0.5673513252288103,12460,0.0003,-0.009390725754201412,0.2,0.1852940022945404
,0.03,-5.68172884,,5113536,2360,,516,895,,584.41,0.7543175220489502,0.08741634584293934,0.0939208984375,-0.0034645484178327025,0.009509915,0.5582246955484151,12470,0.0003,0.0070192161947488785,0.2,0.18534356355667114
,0.02,-5.673668759999998,,5117632,2363,,517,895,,589.65,0.9387829899787903,0.0189683479249652,0.11513671875,-0.006753694855433423,0.010703524,0.5586701583117246,12480,0.0003,-0.019169436767697334,0.2,0.18505418300628662
,0.02,-5.361901999999999,,5121728,2367,,518,896,,589.65,0.9946152567863464,0.0007551042705927103,0.1134033203125,-0.0004538495602901094,0.009540532,0.5608167335391044,12490,0.0003,0.005744414869695902,0.2,0.1846742033958435
,0.02,-4.86337817,,5125824,2371,,519,896,,589.65,0.9752603769302368,0.0007460738883310114,0.082958984375,-0.00017477504734415562,0.0055913352,0.570866035670042,12500,0.0003,0.004910568706691265,0.2,0.18253231048583984
,0.02,-4.686218,,5129920,2374,,520,896,,589.65,0.9330744743347168,0.0017177646715936135,0.0761474609375,0.0007456725259544327,0.0056228195,0.5925468627363444,12510,0.0003,0.001986573450267315,0.2,0.1806749701499939
,0.01,-4.6991586,,5134016,2378,,521,897,,594.87,0.9685266613960266,0.0007534437819231244,0.085546875,-0.0020147480274317784,0.0051112995,0.6121854946017266,12520,0.0003,-0.00583532964810729,0.2,0.17881736159324646
,0.01,-4.58578222,,5138112,2382,,522,897,,594.87,0.986679196357727,0.0008527601798050455,0.11533203125,-0.00311359339102637,0.010660695,0.6273725971579551,12530,0.0003,-0.00675868010148406,0.2,0.1778273731470108
,0.01,-4.55817878,,5142208,2386,,523,897,,594.87,0.8943813443183899,0.006161474801410804,0.1075439453125,-0.005256436869967729,0.01343262,0.6322912856936455,12540,0.0003,-0.002912732306867838,0.2,0.1778281331062317
,0.01,-4.67924402,,5146304,2390,,524,897,,594.87,0.9317867755889893,0.01841147494124016,0.0929931640625,-0.006066387302416843,0.009500954,0.6284018326550722,12550,0.0003,-0.0010885046795010567,0.2,0.17774201929569244
,0.01,-4.496148430000001,,5150400,2394,,525,898,,594.87,0.9726709127426147,0.002424895385047421,0.0989501953125,-0.0038203420481295325,0.008519147,0.6314989387989044,12560,0.0003,-0.011348106898367405,0.2,0.177528977394104
,0.01,-4.402783240000001,,5154496,2398,,526,898,,594.87,0.9125291109085083,0.009932692480651895,0.0897216796875,-0.005267568229464814,0.009882704,0.6352816946804524,12570,0.0003,-0.00799165666103363,0.2,0.1768314689397812
,0.01,-4.343657950000001,,5158592,2402,,527,898,,594.87,0.9752859473228455,0.0011989090440692961,0.080712890625,-5.740058695664629e-05,0.00756813,0.6529824513942003,12580,0.0003,-0.016881804913282394,0.2,0.17514267563819885
,0.01,-4.368666360000001,,5162688,2406,,528,898,,594.87,0.947954535484314,0.006923285200173268,0.0939208984375,-0.0037246775529638397,0.008660524,0.6675348859280348,12590,0.0003,-0.004839709028601646,0.2,0.17434561252593994
,0.01,-4.3717941,,5166784,2409,,529,899,,594.87,0.9837530255317688,0.0026341628643422156,0.076708984375,0.0015413552857353352,0.006551341,0.6710089232772589,12600,0.0003,-0.005616975016891956,0.2,0.1741904616355896
,0.0,-4.495524919999999,,5170880,2413,,530,899,,600.0,0.9650729298591614,0.002641196390140976,0.0924072265625,-0.0033483987688669005,0.0071907425,0.681239328160882,12610,0.0003,0.00872113835066557,0.2,0.17239582538604736
,0.01,-4.46471932,,5174976,2417,,531,899,,598.26,0.986379861831665,0.0029470706906977286,0.0943359375,-0.0033379495682311243,0.009635145,0.6919182136654853,12620,0.0003,-0.00041744596092030406,0.2,0.1724276840686798
,0.01,-4.43467903,,5179072,2421,,532,899,,598.26,0.8086692094802856,0.031009549047303152,0.129638671875,-0.0016040647387853824,0.010641813,0.6867722056806087,12630,0.0003,0.000508216442540288,0.2,0.17282983660697937
,0.01,-4.57937341,,5183168,2425,,533,900,,598.26,0.9755725264549255,0.006145568698411807,0.1012451171875,-0.0026353175257099793,0.009859474,0.6768836848437786,12640,0.0003,-0.005432930309325457,0.2,0.1743454933166504
,0.01,-4.61355627,,5187264,2429,,534,900,,598.26,0.9836788177490234,0.0023677728702750757,0.10078125,-0.005447997522423975,0.009432033,0.6773704022169114,12650,0.0003,-0.0021399161778390408,0.2,0.17289957404136658
,0.02,-4.442764479999999,,5191360,2433,,535,900,,593.33,0.9884586334228516,0.00045980314125699807,0.067919921875,0.00017575998354004695,0.0065991855,0.6947472803294659,12660,0.0003,0.006837351247668266,0.2,0.17102962732315063
,0.04,-4.292432870000001,,5195456,2437,,536,900,,583.77,0.6947539448738098,0.02710644132530433,0.06611328125,-0.0020051221625180917,0.006670667,0.7284658789634705,12670,0.0003,0.012933792546391487,0.2,0.16739490628242493
,0.04,-4.41058533,,5199552,2441,,537,900,,583.77,0.9548039436340332,0.03706430582969915,0.088134765625,-0.0045651740838366095,0.0072531025,0.7474897269159555,12680,0.0003,0.011266810819506645,0.2,0.16791757941246033
26.029417361034994,0.04,-4.18387305,0.022628699879357134,5203648,2456,0.4184275276221531,538,896,0.0,583.77,0.9847081899642944,0.0006740622633515158,0.129296875,-0.0007685579286771827,0.0055715116,0.7519267197698355,12690,0.0003,-0.0007196954684332013,0.2,0.16661806404590607
,0.04,-4.04359449,,5207744,2460,,539,897,,583.77,0.9794015288352966,0.0006541581843521272,0.0968505859375,-0.0015358148069935852,0.006620732,0.7612217150628566,12700,0.0003,0.0035505034029483795,0.2,0.1662783920764923
,0.04,-4.05732516,,5211840,2463,,540,897,,583.77,0.9003093242645264,0.0013086226883388008,0.0980224609375,-0.0024865877319825815,0.008292526,0.7739181187003851,12710,0.0003,0.0005712401471100748,0.2,0.1644921898841858
,0.04,-4.05333161,,5215936,2467,,541,898,,583.77,0.9748828411102295,0.0008245036571679521,0.0977294921875,0.0014289539478340885,0.006420525,0.7823781587183476,12720,0.0003,-0.0016661135014146566,0.2,0.16519573330879211
,0.04,-3.9118219200000004,,5220032,2471,,542,898,,583.77,0.9623712301254272,0.0023099670363080803,0.0820556640625,-0.0016513139960807166,0.006951539,0.7711108475923538,12730,0.0003,0.004142151679843664,0.2,0.1662573218345642
,0.04,-3.5622086200000007,,5224128,2474,,543,898,,583.77,0.9579549431800842,0.0010876956895117472,0.067919921875,0.0008008327866264153,0.0044719893,0.7611618295311928,12740,0.0003,-0.0030589320231229067,0.2,0.16676831245422363
,0.04,-3.5085311499999996,,5228224,2478,,544,899,,583.77,0.9582463502883911,0.0010720242114985012,0.1096923828125,-0.0026808411072124726,0.0065681143,0.7617633502930403,12750,0.0003,-0.006085082422941923,0.2,0.16655856370925903
,0.04,-3.1427946500000004,,5232320,2482,,545,899,,583.77,0.9644522070884705,0.0024579572454968,0.0817626953125,-7.811605028109624e-05,0.0074333316,0.7627613462507725,12760,0.0003,0.00917437020689249,0.2,0.1670430600643158
,0.03,-3.09598925,,5236416,2486,,546,899,,585.51,0.9763504266738892,0.000503699824821524,0.097216796875,-0.0020105754127143884,0.009241238,0.7560546316206456,12770,0.0003,0.004615656565874815,0.2,0.1682104766368866
,0.03,-2.7987516799999996,,5240512,2489,,547,899,,585.51,0.9818856120109558,0.0005218892280936416,0.0975830078125,-0.0009620854514651,0.009232008,0.7570883646607399,12780,0.0003,0.0012813379289582372,0.2,0.16709059476852417
,0.03,-2.71216506,,5244608,2493,,548,900,,585.51,0.9507811069488525,0.0004089954805749585,0.0940673828125,-0.001927687013085233,0.008250553,0.7688955545425415,12790,0.0003,-0.012196400202810764,0.2,0.1655866801738739
,0.03,-2.84009152,,5248704,2497,,549,900,,585.39,0.9032443761825562,0.007495132332405774,0.0692138671875,-0.002628041841671802,0.006599088,0.7679135549813509,12800,0.0003,-0.003594093956053257,0.2,0.1668280065059662
,0.03,-3.0766540400000006,,5252800,2501,,550,900,,585.39,0.9599655270576477,0.009886438652756624,0.0678955078125,-0.001568981324089691,0.0059533403,0.7575160082429647,12810,0.0003,0.013990664854645729,0.2,0.16709813475608826
,0.01,-3.17790503,,5256896,2505,,551,900,,594.95,0.9830928444862366,0.0012278605926439924,0.0769287109375,-0.0011783050678786822,0.0068704826,0.7733799889683723,12820,0.0003,-0.0005279550096020103,0.2,0.16520443558692932
,0.02,-3.15059247,,5260992,2508,,552,901,,591.5,0.9219880104064941,0.008836513923597522,0.117529296875,-0.0037519002726185136,0.012267852,0.788293020054698,12830,0.0003,0.020418625324964523,0.2,0.16425293684005737
,0.02,-3.14348743,,5265088,2512,,553,901,,591.5,0.8844156861305237,0.016302407968032638,0.1087890625,-0.0029380006424617024,0.008248905,0.798145043477416,12840,0.0003,-0.014770086854696274,0.2,0.1630793809890747
,0.02,-3.19364085,,5269184,2516,,554,901,,591.5,0.9784214496612549,0.0007074473488501099,0.0955078125,0.0004104828854906373,0.011955438,0.8088518809527159,12850,0.0003,0.007480705622583628,0.2,0.16268640756607056
,0.02,-3.27787686,,5273280,2520,,555,901,,591.5,0.9253661632537842,0.004739601813525951,0.0903564453125,0.0028950540741789154,0.0290724,0.8065728113055229,12860,0.0003,-0.015799246728420258,0.2,0.16304689645767212
,0.03,-3.3189309299999996,,5277376,2524,,556,902,,586.52,0.9850273132324219,0.001764277422626037,0.0936767578125,0.001114104947191663,0.006465978,0.8144090980291366,12870,0.0003,0.009556609205901623,0.2,0.16235828399658203
,0.03,-3.4532601,,5281472,2527,,557,902,,586.52,0.9554799199104309,0.008043518527119885,0.074072265625,-0.0018037639776594006,0.006409281,0.8216736108064652,12880,0.0003,0.0002880714600905776,0.2,0.16149649024009705
,0.03,-3.4421754499999997,,5285568,2531,,558,902,,586.52,0.9708042740821838,0.005631404708765331,0.1013916015625,-0.004132872589980252,0.008893553,0.8303535606712102,12890,0.0003,0.0032158009707927704,0.2,0.1610991656780243
,0.03,-3.6014494500000005,,5289664,2535,,559,902,,586.52,0.9690477848052979,0.0011093714415437717,0.08896484375,-0.0006680850288830698,0.008030148,0.8327797967940569,12900,0.0003,0.0013406473444774747,0.2,0.16153228282928467
,0.03,-3.8306160599999997,,5293760,2539,,560,903,,586.52,0.9180446863174438,0.019985176686168414,0.1053466796875,-0.004442809188913088,0.016217075,0.8223919961601496,12910,0.0003,-0.02241150476038456,0.2,0.16238555312156677
,0.03,-3.9399264099999995,,5297856,2543,,561,903,,586.52,0.9103397727012634,0.017074696023701107,0.1114990234375,-0.003026508557377383,0.007201803,0.809820432960987,12920,0.0003,-0.009598040021955967,0.2,0.16373801231384277
25.917247817736992,0.04,-3.94434857,0.015241113914096627,5301952,2559,0.2243671313294139,562,899,0.0,586.27,0.9755488634109497,0.0034512975176767212,0.1263427734375,-0.0021816802662215197,0.01042649,0.7905812181532383,12930,0.0003,-0.0036944872699677944,0.2,0.165408194065094
,0.03,-4.00055209,,5306048,2562,,563,899,,591.32,0.8399476408958435,0.03941424203803763,0.0989501953125,-0.0036086057414649987,0.0076009715,0.7869494128972292,12940,0.0003,0.020155485719442368,0.2,0.1645214855670929
,0.03,-4.19264934,,5310144,2566,,564,900,,591.32,0.8767639398574829,0.00608876603328099,0.1098876953125,-0.005478568430407904,0.008516654,0.7912103407084942,12950,0.0003,-0.0039474982768297195,0.2,0.16528688371181488
,0.04,-3.8061493800000004,,5314240,2569,,565,900,,586.33,0.9807884097099304,0.0005882467688934412,0.08798828125,-0.002214855300553609,0.0076858234,0.7826699487864971,12960,0.0003,-0.004982404410839081,0.2,0.16578470170497894
,0.04,-3.7000300000000004,,5318336,2573,,566,900,,586.33,0.9297982454299927,0.004787169128394453,0.0954833984375,-0.0013512836696463637,0.007441795,0.798141323775053,12970,0.0003,-0.0009313979535363615,0.2,0.1631469428539276
,0.04,-3.86285618,,5322432,2577,,567,901,,584.62,0.9354099631309509,0.006565045016031945,0.099267578125,-0.0040459378113155255,0.008673934,0.8206407647579909,12980,0.0003,-0.00993650034070015,0.2,0.16274422407150269
,0.05,-3.9546262799999994,,5326528,2580,,568,901,,579.65,0.9208235740661621,0.014773148058156948,0.10126953125,-0.00296161285659764,0.0065927394,0.8408514406532049,12990,0.0003,-0.005810338072478771,0.2,0.1597757786512375
,0.05,-3.9998797600000002,,5330624,2584,,569,901,,579.65,0.911320149898529,0.02659211101490655,0.11455078125,-0.007198668929049745,0.008653285,0.8736944369971752,13000,0.0003,-0.0048802439123392105,0.2,0.1577281951904297
,0.05,-3.9952583100000005,,5334720,2588,,570,902,,580.42,0.9791626334190369,0.0017644471547100693,0.0947998046875,0.0007380669710983056,0.0068469374,0.8858098071068525,13010,0.0003,-7.635258953087032e-05,0.2,0.15749198198318481
,0.05,-3.7591544599999995,,5338816,2592,,571,902,,580.42,0.4140823483467102,0.13048702356754802,0.0755126953125,-0.00116149531386327,0.006829905,0.8974614631384611,13020,0.0003,0.047884538769721985,0.2,0.15578798949718475
,0.05,-3.8481582800000003,,5342912,2596,,572,902,,580.42,0.8645116090774536,0.005439653205030481,0.0978515625,0.0004810899627045728,0.008453028,0.9074663411825895,13030,0.0003,0.0017642034217715263,0.2,0.15651026368141174
,0.05,-3.9483673400000003,,5347008,2600,,573,902,,580.42,0.9432981014251709,0.009743810750660487,0.123291015625,-0.003699679925921373,0.0077557545,0.8924801006913186,13040,0.0003,-0.011844180524349213,0.2,0.15800166130065918
,0.05,-3.92946057,,5351104,2604,,574,902,,580.42,0.980908989906311,0.0035790337598882614,0.111767578125,-0.004194329732854385,0.0087811295,0.8741111658513546,13050,0.0003,-0.009153321385383606,0.2,0.1593647450208664
,0.05,-3.7559216799999997,,5355200,2608,,575,903,,580.42,0.9817458391189575,0.003559658244921593,0.0976806640625,-0.003331861470360309,0.0076523935,0.8756604615598917,13060,0.0003,-0.0005988141056150198,0.2,0.15807810425758362
,0.04,-4.029110929999999,,5359296,2612,,576,903,,580.67,0.855859637260437,0.017260470523615366,0.1097412109375,-0.0049474931642180305,0.011773834,0.8800769355148077,13070,0.0003,-0.009935684502124786,0.2,0.15846946835517883
,0.04,-3.98844095,,5363392,2615,,577,903,,580.67,0.9778997302055359,0.002610193295913632,0.1175537109375,-0.0007563212362583727,0.0076619713,0.869633111730218,13080,0.0003,0.05241601541638374,0.2,0.15962238609790802
,0.04,-3.9021263999999998,,5367488,2619,,578,903,,580.67,0.9872265458106995,0.000811482072367653,0.1044189453125,-0.0031494864422711545,0.0076592416,0.8766651265323162,13090,0.0003,-0.0016781487502157688,0.2,0.1573256552219391
,0.03,-4.025185810000001,,5371584,2623,,579,903,,585.66,0.9784053564071655,0.0044946391291887265,0.104248046875,-0.003742658103874419,0.00864115,0.8970261860638857,13100,0.0003,-0.011490040458738804,0.2,0.1570928990840912
,0.03,-4.29649759,,5375680,2627,,580,904,,585.66,0.9509790539741516,0.0056318745293538084,0.0893798828125,-0.003658611120772548,0.007149662,0.9004770155996085,13110,0.0003,-0.010459945537149906,0.2,0.1567562371492386
,0.04,-3.90398024,,5379776,2631,,581,904,,580.62,0.9826353788375854,0.0033633444085353404,0.090771484375,-0.0018990323995240032,0.006938261,0.8994010053575039,13120,0.0003,0.0003025837359018624,0.2,0.15707866847515106
,0.04,-3.72061086,,5383872,2635,,582,904,,580.62,0.857782244682312,0.04954992996354122,0.10908203125,-0.004423356729967054,0.010593245,0.9053840856999159,13130,0.0003,-0.001998326275497675,0.2,0.15574616193771362
,0.05,-3.4615958399999998,,5387968,2639,,583,904,,577.62,0.9283425211906433,0.007625164928322192,0.1033447265625,-0.004073365942167584,0.0101723615,0.9189246349036694,13140,0.0003,-0.00815617199987173,0.2,0.1551835536956787
,0.04,-3.72738391,,5392064,2642,,584,905,,581.83,0.8310530185699463,0.052741482098645064,0.109375,-0.0023147689673351122,0.008069416,0.9280065130442381,13150,0.0003,0.00483871903270483,0.2,0.15491756796836853
,0.05,-3.9197956699999996,,5396160,2646,,585,905,,577.34,0.9244421720504761,0.03660996193648316,0.117236328125,-0.0015493423605221323,0.010050676,0.936485729366541,13160,0.0003,0.00919092632830143,0.2,0.15440964698791504
25.22662012825098,0.06,-3.77886509,0.04385586547838456,5400256,2662,0.5687666632984685,586,901,0.0,572.12,0.5869305729866028,0.14993819860974328,0.101123046875,-0.0033615864929743113,0.011813741,0.9431947827339172,13170,0.0003,0.11115507036447525,0.2,0.1541738510131836
,0.07,-3.4951522099999988,,5404352,2666,,587,901,,566.96,0.9167719483375549,0.03022619016992394,0.084765625,-0.0006684702922939323,0.0073863883,0.9317854236811399,13180,0.0003,0.02164791338145733,0.2,0.15677261352539062
,0.07,-3.5239115699999997,,5408448,2670,,588,901,,566.96,0.9493565559387207,0.027341976248135325,0.092919921875,-0.0035160394574631935,0.009724461,0.920015674456954,13190,0.0003,0.0013348013162612915,0.2,0.15671725571155548
,0.09,-3.41828577,,5412544,2673,,589,902,,556.24,0.9311299920082092,0.007692024667630903,0.0888427734375,-0.00039036327943904326,0.007310048,0.921582468599081,13200,0.0003,0.018966984003782272,0.2,0.15704038739204407
,0.09,-3.3747661,,5416640,2677,,590,902,,556.24,0.894190788269043,0.07113257150631398,0.093408203125,-0.0032149608836334665,0.009183722,0.9246118649840355,13210,0.0003,0.017633650451898575,0.2,0.1572040617465973
,0.09,-3.44962869,,5420736,2681,,591,902,,556.24,0.8908733129501343,0.0051009367838560134,0.108837890625,0.0004628203518223017,0.010014281,0.9313633315265178,13220,0.0003,0.0026283746119588614,0.2,0.1560094952583313
,0.1,-3.37143665,,5424832,2684,,592,903,,551.69,0.9359036684036255,0.006551783702161629,0.111328125,-0.004881670354370727,0.009524638,0.934974879026413,13230,0.0003,0.018860284239053726,0.2,0.15689721703529358
,0.1,-3.2649875899999996,,5428928,2688,,593,903,,551.69,0.6138060688972473,0.10074087892426178,0.081005859375,-0.002219910218991572,0.0075183744,0.9424776691943407,13240,0.0003,0.04565992206335068,0.2,0.15495774149894714
,0.1,-3.2605294700000003,,5433024,2693,,594,903,,551.69,0.8481057286262512,0.018076172152359505,0.095654296875,-0.004240373987704516,0.00786874,0.9550268962979317,13250,0.0003,-0.00013936753384768963,0.2,0.15539762377738953
,0.09,-3.4791143700000005,,5437120,2697,,595,903,,556.51,0.9386693239212036,0.005161894534830935,0.0953125,-0.0006674770644167438,0.007937567,0.9473931360989809,13260,0.0003,-0.004769487772136927,0.2,0.15576092898845673
,0.07,-3.70111964,,5441216,2700,,596,903,,564.48,0.8020714521408081,0.0352378449490061,0.0875244140625,-0.0020662528986576945,0.0046846233,0.95439178571105,13270,0.0003,0.016519691795110703,0.2,0.15492257475852966
,0.07,-3.7451728400000004,,5445312,2704,,597,904,,564.48,0.935163676738739,0.01791230547896703,0.0811279296875,-0.007088705163914711,0.006694869,0.9633956260979175,13280,0.0003,-0.012797648087143898,0.2,0.154310941696167
,0.08,-3.65520711,,5449408,2708,,598,904,,558.98,0.9785742163658142,0.0050060758680047,0.098681640625,-0.002208851126488298,0.006284535,0.9527963224798441,13290,0.0003,-0.00020678172586485744,0.2,0.1562962830066681
,0.07,-3.8001200900000005,,5453504,2712,,599,904,,563.47,0.8721756339073181,0.03599735648385831,0.096044921875,-0.0004330553143518046,0.00897976,0.9353576753288507,13300,0.0003,0.003938092850148678,0.2,0.15714244544506073
,0.06,-4.24560827,,5457600,2716,,600,904,,568.69,0.8171284794807434,0.029273346744594163,0.082177734375,-0.0022242476072278803,0.007773966,0.920790284499526,13310,0.0003,0.005211443640291691,0.2,0.1589902937412262
,0.06,-4.1456915500000004,,5461696,2720,,601,904,,568.69,0.9468545317649841,0.008238975264976033,0.11015625,0.00031379335123347116,0.008220675,0.9164639811962842,13320,0.0003,0.0021987766958773136,0.2,0.1572979837656021
,0.07,-3.79564107,,5465792,2724,,602,905,,562.87,0.9641423225402832,0.008992999588372186,0.0866455078125,-0.0016280929514323362,0.006887536,0.9375377390533686,13330,0.0003,-0.0022575808688998222,0.2,0.15598075091838837
,0.06,-3.8550826100000006,,5469888,2728,,603,905,,568.33,0.7805624604225159,0.12053403039462865,0.1022216796875,-0.002910404233261943,0.0086532,0.9363119829446077,13340,0.0003,0.03245582431554794,0.2,0.1577688604593277
,0.06,-3.83668161,,5473984,2732,,604,905,,568.33,0.9458842873573303,0.013224843917851104,0.0961669921875,-0.0018534204973548185,0.011442058,0.916300592944026,13350,0.0003,0.00423500407487154,0.2,0.15893833339214325
,0.06,-3.8767338400000004,,5478080,2736,,605,905,,568.33,0.9795462489128113,0.0030806069538812154,0.095166015625,-0.004262223061232362,0.007151467,0.9029262486845255,13360,0.0003,-0.016545383259654045,0.2,0.15953552722930908
,0.05,-4.26849725,,5482176,2740,,606,905,,572.88,0.9345777034759521,0.015496645194798476,0.0922119140625,5.314224472385831e-05,0.00578269,0.9055819224566222,13370,0.0003,0.008138489909470081,0.2,0.1580338478088379
,0.05,-4.38796833,,5486272,2744,,607,906,,572.88,0.9699136018753052,0.004702350332809147,0.09482421875,-0.0004585349204717204,0.0077109947,0.910446660593152,13380,0.0003,0.017396949231624603,0.2,0.15882320702075958
,0.05,-4.5831779699999995,,5490368,2747,,608,906,,572.88,0.9588872194290161,0.00617316082934849,0.097119140625,-0.003246236291306559,0.0068060765,0.9014640584588051,13390,0.0003,-0.0001230307389050722,0.2,0.1595860868692398
,0.04,-4.8489118300000005,,5494464,2751,,609,906,,578.26,0.9464141726493835,0.0059926800073299095,0.100634765625,-0.002474468926084228,0.0077722217,0.899152022972703,13400,0.0003,-0.00873611867427826,0.2,0.15941275656223297
,0.05,-4.5797063,,5498560,2755,,610,906,,574.07,0.9768514633178711,0.005248552776902215,0.10791015625,-0.0028802883651223967,0.009522385,0.9075797151774168,13410,0.0003,-0.005724181886762381,0.2,0.1578768640756607
25.211365888998273,0.06,-4.45076452,0.054370327652881564,5502656,2771,0.5932845400068344,611,903,0.0,568.68,0.8851744532585144,0.016673822939628734,0.0751953125,0.0002778864902211353,0.0071795895,0.9228801779448986,13420,0.0003,0.00557855935767293,0.2,0.15706412494182587
,0.05,-4.408228749999999,,5506752,2774,,612,903,,574.18,0.8925349712371826,0.037780674267560245,0.086572265625,-0.0013838906859746202,0.00819918,0.9280005063861608,13430,0.0003,0.008332604542374611,0.2,0.1570422500371933
,0.07,-3.8809277599999996,,5510848,2778,,613,903,,563.38,0.9666963815689087,0.01644314421864692,0.0881103515625,-0.0023063780077791306,0.008336865,0.9320144437253475,13440,0.0003,-0.016737813130021095,0.2,0.1564452201128006
,0.07,-3.669109850000001,,5514944,2782,,614,903,,563.38,0.9016010761260986,0.04562799335399177,0.0939697265625,-0.0012918089400045575,0.008612188,0.9204491008073091,13450,0.0003,0.0037028715014457703,0.2,0.1579776406288147
,0.07,-4.188510009999999,,5519040,2785,,615,904,,563.38,0.867468535900116,0.03451246701588388,0.0986083984375,-0.008281483151949941,0.008528311,0.9050352428108454,13460,0.0003,-0.0003137616440653801,0.2,0.159082293510437
,0.07,-4.13241078,,5523136,2789,,616,904,,565.67,0.9804899096488953,0.01172952301276382,0.10625,-0.005213439070212189,0.0069891466,0.8861181516200304,13470,0.0003,0.011538401246070862,0.2,0.161213219165802
,0.07,-4.407263840000001,,5527232,2793,,617,904,,565.67,0.8183287382125854,0.13205970713170245,0.1049560546875,-0.0037781615617859645,0.010081023,0.8813834823668003,13480,0.0003,0.06107686460018158,0.2,0.15944628417491913
,0.06,-4.61576641,,5531328,2797,,618,904,,570.93,0.9483112096786499,0.02918284673942253,0.09248046875,-0.00477394405315863,0.006837274,0.8979979231953621,13490,0.0003,0.005189442075788975,0.2,0.15881115198135376
,0.06,-4.641781040000001,,5535424,2801,,619,904,,570.93,0.952066957950592,0.018364295198989567,0.067138671875,-0.0026718446271843275,0.0058458447,0.8921117458492518,13500,0.0003,0.009458678774535656,0.2,0.16013024747371674
,0.06,-4.393661129999999,,5539520,2805,,620,905,,570.93,0.8846472501754761,0.009788602485423325,0.07578125,-0.0005653401807649061,0.006963546,0.8834714218974113,13510,0.0003,-0.0016611559549346566,0.2,0.16017384827136993
,0.06,-4.43683596,,5543616,2809,,621,905,,570.93,0.9320813417434692,0.005256476757858763,0.0986328125,-0.0054473155905725434,0.008285709,0.8714997656643391,13520,0.0003,-0.013596178963780403,0.2,0.16161519289016724
,0.06,-4.37456755,,5547712,2813,,622,905,,570.93,0.9857892394065857,0.0027481147011712893,0.0983154296875,-0.0030482556918286718,0.008241935,0.8595845591276884,13530,0.0003,-0.010574549436569214,0.2,0.16186444461345673
,0.06,-4.186464089999999,,5551808,2817,,623,905,,570.93,0.9855747222900391,0.004006566947646206,0.117822265625,-0.007481639218167402,0.011149544,0.8519727438688278,13540,0.0003,-0.0042074089869856834,0.2,0.16260051727294922
,0.05,-4.53049596,,5555904,2821,,624,905,,575.12,0.9501846432685852,0.00846082150383154,0.0851806640625,-0.0033099483378464358,0.006398739,0.8492731172591448,13550,0.0003,0.002705729566514492,0.2,0.16195395588874817
,0.04,-4.609996410000001,,5560000,2825,,625,906,,580.51,0.9698648452758789,0.007364611848606728,0.0947509765625,-0.00255981671216432,0.00830583,0.8416874591261149,13560,0.0003,-0.008587507531046867,0.2,0.1641693115234375
,0.04,-4.6582784,,5564096,2829,,626,906,,580.51,0.9856896996498108,0.0008663497625093442,0.104736328125,-0.002970461962104309,0.008421028,0.8339324068278074,13570,0.0003,-0.00896501261740923,0.2,0.16389267146587372
,0.03,-4.868613870000001,,5568192,2833,,627,906,,585.94,0.9699931144714355,0.00724307946220506,0.13212890625,-0.005914532288443297,0.01309301,0.844453826919198,13580,0.0003,-0.0035357014276087284,0.2,0.1633806824684143
,0.02,-5.03582083,,5572288,2837,,628,906,,591.31,0.9407427310943604,0.008972979277314153,0.09365234375,-0.002235783571086358,0.0066931136,0.8417566768825054,13590,0.0003,-0.0012779815588146448,0.2,0.16423314809799194
,0.02,-4.515506900000001,,5576384,2840,,629,906,,591.31,0.9163734912872314,0.008254857171414188,0.0991455078125,-0.002649508515605703,0.0073415805,0.8348880119621753,13600,0.0003,0.006911593023687601,0.2,0.16441890597343445
,0.0,-4.830584089999999,,5580480,2844,,630,907,,600.0,0.9722369909286499,0.0028552979300002336,0.0837890625,-0.0018258648706250824,0.010362328,0.8231629636138678,13610,0.0003,-0.001154781668446958,0.2,0.16556335985660553
,0.0,-4.53659955,,5584576,2848,,631,907,,600.0,0.9713543653488159,0.001534074948176567,0.1179443359375,-0.006938036787323654,0.010519543,0.8187023580074311,13620,0.0003,-0.014489803463220596,0.2,0.16480374336242676
,0.02,-4.21171248,,5588672,2852,,632,907,,590.54,0.965670645236969,0.003606698121438967,0.0848388671875,-0.0033200615383975674,0.005839793,0.825681435316801,13630,0.0003,-0.007985400035977364,0.2,0.1642635017633438
,0.02,-4.342161000000001,,5592768,2856,,633,907,,590.54,0.6933690309524536,0.17218510960228742,0.08046875,-0.0004567075506201945,0.009146834,0.831712557375431,13640,0.0003,0.06935590505599976,0.2,0.16352728009223938
,0.02,-4.1048216,,5596864,2860,,634,907,,590.54,0.9340828061103821,0.007643241920959554,0.078662109375,-0.004056481752195395,0.007695544,0.8330153502523899,13650,0.0003,0.0033159544691443443,0.2,0.16354677081108093
25.980936245836077,0.02,-4.14240126,4.983550829722674e-08,5600960,2876,5.056764625594233e-06,635,904,0.0,590.54,0.9922423362731934,0.000822803419214324,0.1138427734375,-0.0025602533925848546,0.010302159,0.8328206401318312,13660,0.0003,-0.009829443879425526,0.2,0.16329258680343628
,0.02,-3.8927218,,5605056,2879,,636,904,,590.54,0.9560312628746033,0.0025695300246297847,0.0884033203125,-0.001648582790949149,0.006933906,0.8281848844140768,13670,0.0003,0.004407168366014957,0.2,0.1649644672870636
,0.03,-3.84756163,,5609152,2883,,637,904,,589.19,0.9275587797164917,0.012187374968925723,0.1132568359375,-0.004076903443638003,0.009358376,0.8154228437691927,13680,0.0003,0.0064911022782325745,0.2,0.16575613617897034
,0.03,-3.7920797299999998,,5613248,2887,,638,905,,589.19,0.8737540245056152,0.09016329718870111,0.0696044921875,-0.0019225550058763474,0.006743985,0.811766005679965,13690,0.0003,-0.006181871518492699,0.2,0.1657978892326355
,0.03,-3.7619645200000003,,5617344,2890,,639,905,,589.19,0.9888108372688293,0.0010551618901445182,0.09248046875,-0.0010508303181268274,0.006854377,0.8252218138426543,13700,0.0003,0.015534746460616589,0.2,0.16362178325653076
,0.03,-3.60893816,,5621440,2894,,640,905,,589.19,0.9876132607460022,0.0005526718313376477,0.1094970703125,0.0006779636300052516,0.00689672,0.8395644068717957,13710,0.0003,-0.00245181517675519,0.2,0.1639406979084015
,0.03,-3.5213621,,5625536,2898,,641,905,,589.19,0.9650616645812988,0.0007594259730467456,0.07646484375,-0.00020380890127853491,0.0055376627,0.8385446883738041,13720,0.0003,0.0036549288779497147,0.2,0.16321392357349396
,0.03,-3.52017287,,5629632,2902,,642,906,,589.19,0.9745291471481323,0.0012664099714129406,0.105126953125,-0.0011631161498371512,0.010592328,0.8457473758608103,13730,0.0003,0.002012519631534815,0.2,0.16263918578624725
,0.03,-3.7423461499999995,,5633728,2906,,643,906,,589.19,0.9819846749305725,0.004690325484989444,0.1219482421875,-0.001523428931250237,0.009553957,0.8548500511795283,13740,0.0003,-0.01587824523448944,0.2,0.1614609658718109
,0.03,-3.96002056,,5637824,2909,,644,906,,589.19,0.9816230535507202,0.004603955244238023,0.1021240234375,-0.0007716303414781577,0.00944962,0.8662657145410776,13750,0.0003,-0.0025053415447473526,0.2,0.1602664291858673
,0.04,-4.0229541200000005,,5641920,2913,,645,906,,583.66,0.9226125478744507,0.0057612112832430284,0.0718017578125,0.003426932203001343,0.0058852416,0.8744185447692872,13760,0.0003,0.00485270144417882,0.2,0.1600472331047058
,0.02,-4.508056130000001,,5646016,2917,,646,906,,593.12,0.7607594132423401,0.04746420339215547,0.10185546875,9.343237616121769e-05,0.0057555176,0.8773873303085565,13770,0.0003,0.004315515048801899,0.2,0.15914742648601532
,0.02,-4.333223090000001,,5650112,2921,,647,907,,593.12,0.967725396156311,0.0025960486604162726,0.0834716796875,-0.0029794887494063007,0.0068005333,0.8671440321952104,13780,0.0003,-0.008429206907749176,0.2,0.1617022603750229
,0.02,-4.41547758,,5654208,2925,,648,907,,593.12,0.9724342823028564,0.0039014848156512017,0.085205078125,-0.002462743653450161,0.0074437223,0.8456208813935518,13790,0.0003,0.004715386778116226,0.2,0.1625012755393982
,0.02,-4.40145783,,5658304,2929,,649,907,,593.12,0.9301325678825378,0.00747535611881176,0.1382568359375,-0.0022046611265977845,0.010622736,0.8468598790466786,13800,0.0003,8.985365275293589e-05,0.2,0.16141104698181152
,0.03,-4.2876234,,5662400,2932,,650,907,,587.6,0.9905022382736206,0.0005053230187058944,0.0759033203125,0.0005085119693831075,0.0070326673,0.8499376364052296,13810,0.0003,-0.0020129818003624678,0.2,0.16221563518047333
,0.02,-4.335371950000001,,5666496,2936,,651,907,,588.95,0.9163933396339417,0.011397187902912265,0.0845458984375,-0.003664558566379128,0.009131575,0.8453094605356455,13820,0.0003,-0.0011116031091660261,0.2,0.16181112825870514
,0.02,-4.51416588,,5670592,2940,,652,908,,588.95,0.9746877551078796,0.005778853413357865,0.1156494140625,-0.004032156072207726,0.013976602,0.8513746231794357,13830,0.0003,0.00961158238351345,0.2,0.16122353076934814
,0.02,-4.70540931,,5674688,2944,,653,908,,588.95,0.9525430202484131,0.010833172147977166,0.1322021484375,-0.005032885145919863,0.009909369,0.8621729049831629,13840,0.0003,-0.008243594318628311,0.2,0.159499391913414
,0.02,-5.03035432,,5678784,2948,,654,908,,588.95,0.9715147018432617,0.0054675158873578765,0.0875244140625,-0.0021374714488047175,0.0071938164,0.8672230411320925,13850,0.0003,-0.006304309703409672,0.2,0.15980981290340424
,0.03,-5.11169192,,5682880,2951,,655,908,,585.97,0.9732276201248169,0.008486835744406562,0.1109375,-0.0050330557383858835,0.012184508,0.8734372954815626,13860,0.0003,-0.006797582842409611,0.2,0.1584228128194809
,0.03,-5.1259615599999995,,5686976,2956,,656,908,,585.97,0.9706358313560486,0.020266237093892414,0.086181640625,-0.005545425867603626,0.008075672,0.8745777443051338,13870,0.0003,-0.004144173115491867,0.2,0.15988102555274963
,0.03,-5.4992896700000005,,5691072,2959,,657,909,,585.97,0.972704291343689,0.008427781755744945,0.1118408203125,-0.0021067529480205847,0.010868501,0.8651879914104939,13880,0.0003,-0.007426326163113117,0.2,0.15982240438461304
,0.03,-5.694498329999999,,5695168,2964,,658,909,,585.97,0.93611741065979,0.009317035420099273,0.0998291015625,-0.004363867768552155,0.0075186603,0.8670788824558258,13890,0.0003,0.00956304557621479,0.2,0.15928053855895996
,0.02,-5.746066909999999,,5699264,2968,,659,909,,591.5,0.9737539291381836,0.005262394256351399,0.089697265625,-0.0005872775931493379,0.006408125,0.8795013472437858,13900,0.0003,-0.0009273675386793911,0.2,0.15836262702941895
25.665724962072737,0.03,-5.397085400000001,0.018217542337876022,5703360,2983,0.3289294924945863,660,906,0.0,586.04,0.9741252064704895,0.0036797250733798135,0.0957763671875,-0.0026794270546815825,0.0074260077,0.8861525230109691,13910,0.0003,-0.011785338632762432,0.2,0.15812577307224274
,0.03,-5.5087350399999995,,5707456,2987,,661,906,,586.04,0.868253767490387,0.048083929944550616,0.1124755859375,-0.005342167692288058,0.010116037,0.8827210918068886,13920,0.0003,0.003485117107629776,0.2,0.15854984521865845
,0.04,-5.43660033,,5711552,2990,,662,906,,581.15,0.9527567625045776,0.00914651406201301,0.0967041015625,0.002812468337651808,0.008486116,0.8811637707054615,13930,0.0003,0.01414360012859106,0.2,0.15848112106323242
,0.04,-5.389201439999999,,5715648,2994,,663,906,,581.15,0.6869964599609375,0.039041430203360504,0.0878662109375,-0.0013807082177663688,0.009536205,0.9041561808437109,13940,0.0003,0.01136196218430996,0.2,0.15520697832107544
,0.03,-5.632542570000001,,5719744,2998,,664,907,,586.67,0.8946862816810608,0.026154574469546787,0.093359375,-0.002637591904931469,0.009659388,0.9186883814632892,13950,0.0003,0.017847847193479538,0.2,0.15600371360778809
,0.03,-5.692846970000001,,5723840,3002,,665,907,,586.67,0.9583564400672913,0.005852099201001692,0.1136962890625,-0.007090061951021198,0.008976476,0.9158224403858185,13960,0.0003,-0.012018803507089615,0.2,0.1555357277393341
,0.03,-5.55922491,,5727936,3006,,666,907,,586.67,0.9120737910270691,0.010589235311636002,0.090771484375,-0.0020541190562653354,0.00856664,0.9278535630553961,13970,0.0003,-0.013150686398148537,0.2,0.15441933274269104
,0.03,-5.517559049999999,,5732032,3013,,667,906,,586.67,0.9595482349395752,0.011425578267517267,0.102587890625,-0.005062692264618818,0.009005693,0.9264437578618526,13980,0.0003,-0.009246612899005413,0.2,0.15540394186973572
,0.03,-5.331785749999999,,5736128,3019,,668,906,,586.67,0.9910786747932434,0.0012374437364996993,0.09091796875,-0.0003976756299380213,0.008139003,0.9193037249147892,13990,0.0003,0.013353608548641205,0.2,0.15556560456752777
,0.03,-5.18801201,,5740224,3024,,669,905,,585.66,0.9419870972633362,0.008922481660556513,0.088134765625,-0.0027493883098941296,0.009723531,0.921728978678584,14000,0.0003,0.007164992392063141,0.2,0.15530656278133392
,0.03,-5.18865846,,5744320,3030,,670,905,,585.66,0.5551155209541321,0.05737379757047165,0.0833251953125,-0.00042253207648172974,0.006522137,0.9277299404144287,14010,0.0003,0.013778962194919586,0.2,0.15422776341438293
,0.03,-4.84168109,,5748416,3035,,671,905,,585.66,0.7737076282501221,0.03532109283842146,0.1033935546875,-0.005655988119542599,0.00941166,0.9168630618602037,14020,0.0003,-0.0032233837991952896,0.2,0.15653029084205627
,0.04,-4.649418669999999,,5752512,3040,,672,905,,580.27,0.9663272500038147,0.009085708144266392,0.1017822265625,-0.003461701165360864,0.007389801,0.8916724167764187,14030,0.0003,-0.005513831973075867,0.2,0.15790283679962158
,0.04,-4.77623485,,5756608,3046,,673,904,,580.27,0.8744136095046997,0.024365609609230888,0.1072998046875,-0.0037192412048170807,0.010126172,0.9037681698799134,14040,0.0003,-0.007865574210882187,0.2,0.15496081113815308
,0.04,-4.9179321,,5760704,3054,,674,903,,580.27,0.9939271807670593,0.0021463104265421864,0.1057861328125,-0.0019340572893270292,0.0078977095,0.9198282860219479,14050,0.0003,-0.010258613154292107,0.2,0.15567120909690857
,0.03,-4.60914082,,5764800,3063,,675,902,,585.73,0.9565483927726746,0.0035789359195405267,0.081103515625,-0.0022390255588106813,0.00799617,0.9062033358961343,14060,0.0003,0.0023894314654171467,0.2,0.15657955408096313
,0.03,-4.637781380000001,,5768896,3069,,676,901,,585.73,0.934979259967804,0.014506776284542866,0.06875,-0.004935963795287534,0.0073785638,0.9081540364772082,14070,0.0003,0.0023628859780728817,0.2,0.15525522828102112
,0.02,-4.7387152200000004,,5772992,3076,,677,901,,590.62,0.9881532788276672,0.0026056051034174742,0.1064697265625,-0.0029183507038396785,0.008561298,0.9255881398916245,14080,0.0003,-0.004000537097454071,0.2,0.15374118089675903
,0.02,-4.97009306,,5777088,3081,,678,901,,590.62,0.9676849842071533,0.009217598645045655,0.097998046875,-0.0052797036987612955,0.009437889,0.9293976042419672,14090,0.0003,0.013348343782126904,0.2,0.1543627828359604
,0.02,-4.763165160000001,,5781184,3086,,679,901,,590.62,0.9939252138137817,0.0012906081701657968,0.105859375,-0.001624337350949645,0.0074914545,0.9199137780815363,14100,0.0003,0.000927936052903533,0.2,0.15488746762275696
,0.02,-4.862295909999999,,5785280,3090,,680,901,,590.62,0.942726731300354,0.005990913813730003,0.100634765625,-0.0036471997140324675,0.006874549,0.917979783937335,14110,0.0003,-0.003081150818616152,0.2,0.15507535636425018
,0.02,-4.78835314,,5789376,3095,,681,901,,590.62,0.9932284355163574,0.001391769877409388,0.1018310546875,-0.004459729028167203,0.0065932097,0.9230546295642853,14120,0.0003,0.01702561229467392,0.2,0.15401047468185425
,0.02,-4.92183471,,5793472,3100,,682,901,,590.62,0.9312295913696289,0.009516119198815431,0.109130859375,-0.0057849148754030464,0.0094220545,0.9281030245125294,14130,0.0003,-0.003431356977671385,0.2,0.15394985675811768
,0.02,-4.91906723,,5797568,3104,,683,901,,590.62,0.958369791507721,0.0031477798176638315,0.087646484375,-0.0004048637973028235,0.010092365,0.931847982853651,14140,0.0003,0.0453406497836113,0.2,0.1538604348897934
25.785771713897574,0.01,-5.01146868,0.012313778535917218,5801664,3121,0.21174450060245018,684,897,0.0,594.61,0.9581522941589355,0.0025267865567002445,0.1070556640625,-0.003144022474589292,0.009894643,0.9201519783586264,14150,0.0003,-0.004033864475786686,0.2,0.15552709996700287
,0.01,-5.11348192,,5805760,3126,,685,897,,594.61,0.9673800468444824,0.006119719517300837,0.0804931640625,-0.0037161660453421063,0.0076335636,0.9100186347961425,14160,0.0003,-0.01128478068858385,0.2,0.15542826056480408
,0.01,-4.76152028,,5809856,3131,,686,897,,594.61,0.9841541051864624,0.003019243495873525,0.0913330078125,-5.453859484987334e-05,0.008247446,0.9143986817449331,14170,0.0003,0.0003780892875511199,0.2,0.1549185812473297
,0.0,-4.9658231299999995,,5813952,3136,,687,897,,600.0,0.976542592048645,0.0016582379874307662,0.106298828125,-0.005870284850243479,0.010041844,0.934484814107418,14180,0.0003,0.03815975412726402,0.2,0.15249508619308472
,0.0,-4.565760760000001,,5818048,3140,,688,897,,600.0,0.9771676659584045,0.003980665068047529,0.096240234375,-0.00814046401210362,0.008056849,0.9456417314708233,14190,0.0003,-0.012027233839035034,0.2,0.15321135520935059
,0.0,-4.56608403,,5822144,3145,,689,897,,600.0,0.9722063541412354,0.0041409751618630255,0.0893798828125,-0.00026056630013044925,0.007339727,0.9331941910088062,14200,0.0003,0.00020116654923185706,0.2,0.15421438217163086
,0.0,-4.61902133,,5826240,3149,,690,897,,600.0,0.9804381728172302,0.0031889641686575487,0.1216064453125,0.00012286624260013924,0.008630792,0.9299744676798583,14210,0.0003,0.003595414338633418,0.2,0.15411558747291565
,0.0,-4.605320229999999,,5830336,3154,,691,897,,600.0,0.9518880248069763,0.0037226485925202723,0.095361328125,-0.0033948838976357366,0.009357134,0.9270510684698821,14220,0.0003,-0.00906255841255188,0.2,0.15474078059196472
,0.0,-4.43148196,,5834432,3159,,692,897,,600.0,0.9629383683204651,0.0027658427265123465,0.0998046875,-0.0025121942948317156,0.0101611195,0.9190783962607384,14230,0.0003,-0.004950624890625477,0.2,0.1553407907485962
,0.0,-4.35331441,,5838528,3164,,693,897,,600.0,0.9689627885818481,0.002562649972423969,0.0805908203125,-0.0022247418455663137,0.00657457,0.9093153897672892,14240,0.0003,0.013429435901343822,0.2,0.15582019090652466
,0.0,-4.409155419999999,,5842624,3168,,694,897,,600.0,0.9802228808403015,0.00127853561352822,0.0984375,-0.0024643097291118464,0.008492945,0.899992860481143,14250,0.0003,-0.004606114234775305,0.2,0.15688520669937134
,0.0,-4.2257592299999995,,5846720,3173,,695,897,,600.0,0.9406168460845947,0.007598265216802247,0.161474609375,-0.011609765511821024,0.013528988,0.8832421470433474,14260,0.0003,-0.007918906398117542,0.2,0.15811863541603088
,0.0,-4.38081908,,5850816,3178,,696,896,,600.0,0.9595040082931519,0.006846374979795655,0.1006103515625,-0.005490221228683367,0.008566909,0.872437946125865,14270,0.0003,0.007306783925741911,0.2,0.1587163805961609
,0.0,-4.43815368,,5854912,3183,,697,896,,600.0,0.9249833822250366,0.008026281783531885,0.106494140625,-0.0004120844096178189,0.00846702,0.8575471449643374,14280,0.0003,-0.0015530542004853487,0.2,0.15983060002326965
,0.0,-4.50761543,,5859008,3188,,698,896,,600.0,0.9758051037788391,0.0016608322446700185,0.085888671875,-0.002056438893487211,0.0071999407,0.8451544504612685,14290,0.0003,-0.0033679797779768705,0.2,0.16050145030021667
,0.01,-4.264090939999999,,5863104,3193,,699,896,,594.92,0.9217877984046936,0.005437979238195112,0.1054931640625,-0.0046756631636526436,0.008824034,0.8481644790619611,14300,0.0003,0.0015188358956947923,0.2,0.1594947725534439
,0.01,-4.16295398,,5867200,3198,,700,896,,594.92,0.34508025646209717,0.09758823105366901,0.094140625,-0.001902534722466953,0.0074500344,0.8580183155834675,14310,0.0003,0.0029551489278674126,0.2,0.15894871950149536
,0.01,-4.334731710000001,,5871296,3202,,701,896,,594.92,0.9252176880836487,0.021405553352087735,0.0903564453125,-0.005034266229631612,0.0099987285,0.8549495991319418,14320,0.0003,-0.015109525062143803,0.2,0.15960857272148132
,0.01,-4.39647086,,5875392,3206,,702,896,,594.92,0.9541891813278198,0.009581370402884204,0.104541015625,-0.0008398328165640124,0.009956116,0.8464584413915872,14330,0.0003,0.006412931717932224,0.2,0.1601957082748413
,0.01,-4.369935,,5879488,3210,,703,896,,594.92,0.8763317465782166,0.00910443742213829,0.078564453125,-0.0022899446812516544,0.005999144,0.8313259921967984,14340,0.0003,-0.017819881439208984,0.2,0.1622728705406189
,0.01,-4.3136575299999995,,5883584,3214,,704,897,,594.92,0.811603844165802,0.006092781083862064,0.08876953125,-0.002959852942149155,0.009319656,0.8280547697097063,14350,0.0003,0.01277965772897005,0.2,0.16124610602855682
,0.01,-4.72730871,,5887680,3218,,705,897,,594.92,0.9674230813980103,0.006159501969159464,0.1204345703125,-0.008637026237556711,0.011965144,0.824024697393179,14360,0.0003,0.006456952542066574,0.2,0.16248899698257446
,0.01,-4.928469199999999,,5891776,3222,,706,897,,594.92,0.9852490425109863,0.0016749673584854463,0.1041259765625,-0.001827908115228638,0.008718763,0.8176069043576717,14370,0.0003,-0.004780951887369156,0.2,0.16219788789749146
,0.01,-4.778141809999999,,5895872,3226,,707,897,,594.92,0.979670524597168,0.002432714593669516,0.098876953125,-0.006485188027727418,0.010027185,0.8104748833924532,14380,0.0003,-0.01991497538983822,0.2,0.16351652145385742
,0.02,-4.51591697,,5899968,3230,,708,897,,589.5,0.9218285083770752,0.0030624867446022107,0.1059326171875,-0.004588630692160223,0.008559974,0.8093690231442452,14390,0.0003,-0.00556865893304348,0.2,0.16240498423576355
24.65421448192278,0.02,-4.6243810299999994,0.05186945643353108,5904064,3264,0.16373223024793457,709,889,0.0,589.5,0.45129871368408203,0.04700027218350442,0.1201904296875,-0.003215103362163063,0.008058543,0.8262177169322967,14400,0.0003,-0.015449175611138344,0.2,0.16086405515670776
,0.02,-4.72012039,,5908160,3271,,710,889,,589.5,0.9282840490341187,0.010135125904344022,0.0828857421875,-0.0048561582269030625,0.0069212588,0.8324596423655748,14410,0.0003,-0.003099683439359069,0.2,0.16213341057300568
,0.02,-4.6425431800000005,,5912256,3275,,711,889,,589.5,0.9622927904129028,0.0034073551712936025,0.0970703125,-0.0010074158766656184,0.007732588,0.8193584803491831,14420,0.0003,-0.0009663321543484926,0.2,0.16246777772903442
,0.02,-4.602143760000001,,5916352,3280,,712,889,,589.5,0.9786902070045471,0.0010420977654575837,0.073193359375,-0.00046569422993343325,0.0061553437,0.8211804307997227,14430,0.0003,0.006862899288535118,0.2,0.1616826057434082
,0.02,-4.8885710200000005,,5920448,3285,,713,888,,589.62,0.9232380986213684,0.018373884905304293,0.1118408203125,-0.004555777323548682,0.009164857,0.8252346508204937,14440,0.0003,0.015742290765047073,0.2,0.1619308590888977
,0.02,-5.014424820000001,,5924544,3289,,714,888,,589.62,0.6951512098312378,0.13684533515479416,0.0924072265625,-0.0019335485107148998,0.007655494,0.8356217466294765,14450,0.0003,0.09514668583869934,0.2,0.1598946899175644
,0.02,-4.66973588,,5928640,3294,,715,888,,589.62,0.9597610831260681,0.009957791764463764,0.1001953125,-0.002479109086561948,0.0068497267,0.8440545938909054,14460,0.0003,-0.0030255308374762535,0.2,0.16087768971920013
,0.02,-4.4037602399999995,,5932736,3299,,716,888,,589.62,0.918755829334259,0.003404776634124573,0.0616455078125,-0.0012872565304860473,0.0056385444,0.8366286583244801,14470,0.0003,-0.004819384776055813,0.2,0.16104304790496826
,0.02,-4.571843479999999,,5936832,3303,,717,888,,589.62,0.968782901763916,0.004223309698863887,0.0909912109375,-0.0027195968432351947,0.0075148717,0.8325612183660269,14480,0.0003,-0.016398202627897263,0.2,0.16160419583320618
,0.02,-4.54133609,,5940928,3308,,718,888,,589.62,0.9789227247238159,0.0018525725128711202,0.07265625,-0.002486187704198528,0.005240259,0.8151626698672771,14490,0.0003,-0.007530717644840479,0.2,0.16392377018928528
,0.02,-4.215572750000001,,5945024,3313,,719,888,,589.62,0.9700018167495728,0.002423918377462542,0.1254638671875,-0.0030286499473731964,0.009715898,0.802761671319604,14500,0.0003,-0.004306628368794918,0.2,0.1638069599866867
,0.02,-4.197272879999999,,5949120,3317,,720,888,,589.62,0.959835946559906,0.0010703163457947084,0.1068115234375,-0.003700433133781189,0.0075343205,0.801584406197071,14510,0.0003,-0.00010235840454697609,0.2,0.16438661515712738
,0.02,-4.21881711,,5953216,3322,,721,888,,589.62,0.9425262212753296,0.0028535387351439566,0.1170654296875,-0.009113781151245347,0.010766139,0.7860045671463013,14520,0.0003,-0.022205675020813942,0.2,0.16620659828186035
,0.01,-4.547072699999999,,5957312,3327,,722,888,,595.04,0.9209524393081665,0.00886407454527216,0.08955078125,-0.005542083276668564,0.009040114,0.7562510337680578,14530,0.0003,-0.00026529189199209213,0.2,0.16944831609725952
,0.01,-4.71071102,,5961408,3331,,723,888,,595.04,0.9781649112701416,0.005470181985583622,0.11318359375,-0.004120424194843509,0.008126607,0.7360414676368237,14540,0.0003,-0.017304416745901108,0.2,0.16958461701869965
,0.01,-4.6538674,,5965504,3336,,724,888,,595.04,0.9619970321655273,0.009286485132906818,0.075634765625,-0.0061245485660037955,0.0061631296,0.7448153134435416,14550,0.0003,-0.004514054395258427,0.2,0.1678944230079651
,0.01,-4.50094481,,5969600,3341,,725,888,,595.04,0.9618397951126099,0.011343262696755119,0.089501953125,-0.004072002881730441,0.008687764,0.7644831486046314,14560,0.0003,-0.01822388544678688,0.2,0.1671016365289688
,0.01,-4.724661080000001,,5973696,3346,,726,888,,595.04,0.9808058738708496,0.00368381458465592,0.0750732421875,-0.005692420694686007,0.008535249,0.7742538325488567,14570,0.0003,-0.009164780378341675,0.2,0.1666654348373413
,0.0,-4.794857539999999,,5977792,3351,,727,888,,600.0,0.9074124693870544,0.005717872732930118,0.0855712890625,0.0009191156146698632,0.007216395,0.76178094483912,14580,0.0003,-0.0048143635503947735,0.2,0.1690102070569992
,0.0,-4.7624808000000005,,5981888,3356,,728,888,,600.0,0.9760592579841614,0.0026203405552223556,0.0976806640625,-0.003359722121967934,0.008098135,0.7414986342191696,14590,0.0003,-0.009107048623263836,0.2,0.1697891354560852
,0.0,-4.6879742,,5985984,3360,,729,888,,600.0,0.9734746217727661,0.0027737259239074773,0.111083984375,-0.004975642624776811,0.009233847,0.7329975202679634,14600,0.0003,-0.0027237527538090944,0.2,0.170297309756279
,0.0,-4.85742907,,5990080,3366,,730,888,,600.0,0.7939996123313904,0.02130770496733021,0.1052490234375,-0.0023514585380326027,0.009710481,0.7296501573175191,14610,0.0003,0.021728897467255592,0.2,0.17085960507392883
,0.0,-5.13955976,,5994176,3370,,731,888,,600.0,0.9494243860244751,0.004319393761397805,0.082666015625,-0.0008792121705482713,0.008017331,0.7158931117504835,14620,0.0003,-0.009011906571686268,0.2,0.1724095195531845
,0.0,-5.00126341,,5998272,3375,,732,888,,600.0,0.897712767124176,0.004143653225764865,0.0842041015625,-0.0036215296291629783,0.008314525,0.7041547384113074,14630,0.0003,0.004042343236505985,0.2,0.17322169244289398
25.984366105008885,0.0,-5.272311710000001,6.676119963675345e-05,6002368,3392,0.0074407069489182374,733,885,0.0,600.0,0.9694209098815918,0.005691688640945358,0.0927978515625,-0.004114217640017159,0.008940142,0.6954876638948917,14640,0.0003,-0.012989915907382965,0.2,0.17349666357040405
,0.0,-5.564353300000001,,6006464,3397,,734,885,,600.0,0.9472576379776001,0.012321380399225746,0.077978515625,-0.00444710875817691,0.0072924886,0.6900160487741231,14650,0.0003,-0.008103582076728344,0.2,0.1739267259836197
,0.01,-5.564381679999999,,6010560,3401,,735,885,,597.48,0.9671401977539062,0.006412813220231328,0.086572265625,-0.0004976336393156088,0.00716972,0.6874633830040693,14660,0.0003,0.006290275603532791,0.2,0.17367339134216309
,0.01,-5.59734995,,6014656,3406,,736,885,,597.48,0.5502455234527588,0.060367769192089325,0.086474609375,-0.0019440055140876212,0.008470787,0.6977943047881127,14670,0.0003,0.010526720434427261,0.2,0.17274899780750275
,0.01,-5.43144937,,6018752,3410,,737,885,,597.48,0.9750207662582397,0.0014637103658969863,0.1013671875,-0.0008772178429353516,0.009230466,0.7049093794077634,14680,0.0003,-0.0013763197930529714,0.2,0.1726536750793457
,0.01,-5.279802549999999,,6022848,3415,,738,884,,597.48,0.9844570159912109,0.0007598646483529592,0.1053955078125,-0.004464517027372494,0.009986759,0.7181002281606197,14690,0.0003,-0.004455213900655508,0.2,0.17084240913391113
,0.01,-5.23585208,,6026944,3420,,739,884,,597.48,0.9399966597557068,0.0055851167599030305,0.0594482421875,-0.00378799313766649,0.0056766947,0.7179156914353371,14700,0.0003,0.014135206118226051,0.2,0.17241990566253662
,0.01,-5.4320945599999995,,6031040,3425,,740,884,,597.48,0.904800534248352,0.008995538071030752,0.0992431640625,0.0025506239660899157,0.009844659,0.7069976914674043,14710,0.0003,0.003368195379152894,0.2,0.1725585162639618
,0.01,-5.20084252,,6035136,3430,,741,884,,597.48,0.9426066875457764,0.003506930334697245,0.0697265625,-0.00028313432849245144,0.007560249,0.6946327563375234,14720,0.0003,0.002743491902947426,0.2,0.1739473044872284
,0.01,-5.267415520000001,,6039232,3434,,742,884,,597.48,0.9399479031562805,0.009394445067300694,0.1040283203125,-0.0027598543732892723,0.009346564,0.6886652305722236,14730,0.0003,-0.002783224917948246,0.2,0.17367547750473022
,0.01,-5.1323258,,6043328,3439,,743,884,,597.48,0.9701714515686035,0.0018930549893411807,0.065771484375,-0.0029437006029183975,0.0076320795,0.695222544670105,14740,0.0003,-0.0013161846436560154,0.2,0.17323002219200134
,0.01,-5.174701730000001,,6047424,3444,,744,884,,597.48,0.9530722498893738,0.009246657576295548,0.0914794921875,-0.0010491782828466966,0.0065545896,0.6982889331877231,14750,0.0003,0.005608157720416784,0.2,0.17357517778873444
,0.01,-5.00233837,,6051520,3449,,745,884,,597.48,0.9649778008460999,0.002853410846364568,0.0838134765625,-0.003284666166291572,0.010808689,0.7043128866702318,14760,0.0003,-0.014334210194647312,0.2,0.17238150537014008
,0.01,-4.88497098,,6055616,3453,,746,884,,597.48,0.982577383518219,0.0016561566786549519,0.1175537109375,-0.004360340258426731,0.010784639,0.7113762076944112,14770,0.0003,-0.007717580068856478,0.2,0.1727180778980255
,0.01,-4.66069778,,6059712,3458,,747,884,,597.48,0.9520345330238342,0.00503488488466246,0.058642578125,-0.0014869052218273282,0.005565176,0.7118857569992543,14780,0.0003,0.013414815068244934,0.2,0.17252236604690552
,0.01,-4.35678552,,6063808,3463,,748,884,,597.48,0.9273112416267395,0.0030131223236821826,0.09775390625,-0.004957584087969735,0.009770048,0.707604992762208,14790,0.0003,0.010049566626548767,0.2,0.17319676280021667
,0.01,-4.12585979,,6067904,3468,,749,884,,597.48,0.9355283379554749,0.008014779662335058,0.09609375,-0.007297236059093848,0.0082435785,0.7009316422045231,14800,0.0003,-0.009228675626218319,0.2,0.17303064465522766
,0.0,-4.03696652,,6072000,3473,,750,884,,600.0,0.9298503398895264,0.0029078830679281965,0.0596923828125,-9.283117688028142e-05,0.0050434517,0.6998635936528445,14810,0.0003,0.007969223894178867,0.2,0.173263818025589
,0.0,-3.8824987300000005,,6076096,3478,,751,884,,600.0,0.917714536190033,0.0017404167581844376,0.0982421875,-0.0019215779728256166,0.009109291,0.7029208853840828,14820,0.0003,-0.0081867054104805,0.2,0.1719803512096405
,0.0,-3.86689561,,6080192,3483,,752,884,,600.0,0.9562090039253235,0.0014461983475484886,0.110693359375,-0.0020822745565965304,0.011210976,0.7112200874835253,14830,0.0003,-0.00013592018513008952,0.2,0.17212647199630737
,0.0,-3.957619019999999,,6084288,3488,,753,884,,600.0,0.9452100992202759,0.0009661584848799975,0.1484619140625,-0.005148761542659486,0.009818004,0.7096317697316408,14840,0.0003,-0.0017360456986352801,0.2,0.17160068452358246
,0.0,-3.7560208700000004,,6088384,3493,,754,884,,600.0,0.9562656283378601,0.003539191375602968,0.0937744140625,-0.0077673171792412175,0.011506718,0.707675202190876,14850,0.0003,-0.014947494491934776,0.2,0.1725510060787201
,0.0,-3.8639562100000004,,6092480,3498,,755,884,,600.0,0.9838084578514099,0.004896928989182925,0.0821044921875,-0.003372962263529189,0.006491537,0.7055266242474317,14860,0.0003,0.012197897769510746,0.2,0.17203083634376526
,0.0,-3.9513609900000004,,6096576,3504,,756,883,,600.0,0.8233639001846313,0.022738719887274782,0.102099609375,-0.005968840720015578,0.007184796,0.6971627064049244,14870,0.0003,0.016043251380324364,0.2,0.17407958209514618
23.866883166859687,0.0,-3.94370298,0.146499485505579,6100672,3521,1.0068737215959824,757,880,0.0,600.0,0.957185685634613,0.002833761795227474,0.106884765625,-0.0036566695365763736,0.00959675,0.6905325815081597,14880,0.0003,0.0017693912377581,0.2,0.1735176295042038
,0.0,-3.86830451,,6104768,3526,,758,880,,600.0,0.9445102214813232,0.003039692493985058,0.0887451171875,-0.0019330755501869134,0.0083845295,0.6957978624850512,14890,0.0003,0.012173829600214958,0.2,0.17348572611808777
,0.0,-3.9147604300000007,,6108864,3530,,759,880,,600.0,0.9219072461128235,0.002477562643616693,0.0765380859375,-0.005591586038644891,0.007248911,0.6876793272793293,14900,0.0003,-0.01462553907185793,0.2,0.1750285029411316
,0.02,-3.685442540000001,,6112960,3535,,760,880,,591.88,0.8117697238922119,0.005372257269846159,0.1009521484375,-0.005054424902482424,0.0067125373,0.670655594393611,14910,0.0003,-0.014880901202559471,0.2,0.1761472523212433
,0.03,-3.49039268,,6117056,3539,,761,880,,586.79,0.42269766330718994,0.27586005518678575,0.088671875,-0.0005486269648827147,0.007796055,0.6605972278863191,14920,0.0003,0.055638305842876434,0.2,0.17698520421981812
,0.03,-3.5992788699999996,,6121152,3544,,762,880,,586.79,0.7407568693161011,0.03153852362083853,0.090234375,-0.0015573054639389738,0.0075136176,0.6630565918982029,14930,0.0003,0.0038052224554121494,0.2,0.17579954862594604
,0.03,-3.59164251,,6125248,3549,,763,880,,586.79,0.9437354207038879,0.004140024671505671,0.084765625,-0.003822759467584547,0.0070779296,0.6762614537030458,14940,0.0003,-0.01376444660127163,0.2,0.17486009001731873
,0.03,-3.39776814,,6129344,3554,,764,880,,586.79,0.9453185200691223,0.0009044154196999443,0.09375,-0.0013242822722531855,0.0075693373,0.6804691612720489,14950,0.0003,0.007999574765563011,0.2,0.1744394600391388
,0.03,-3.37678676,,6133440,3558,,765,880,,586.79,0.9553976655006409,0.0011613061322350404,0.096044921875,-0.0051098493160679935,0.0076330914,0.6803291782736778,14960,0.0003,-0.003390115685760975,0.2,0.17504726350307465
,0.03,-3.6414519100000007,,6137536,3563,,766,880,,586.79,0.7836005687713623,0.013384299907193054,0.0666015625,-2.2245892614591868e-05,0.004841252,0.6780467893928289,14970,0.0003,-0.0008452609181404114,0.2,0.17519891262054443
,0.03,-3.62356584,,6141632,3568,,767,880,,586.79,0.8274399042129517,0.0037789148078445577,0.05595703125,-0.0009332563036878128,0.008405944,0.6758199375122785,14980,0.0003,0.007707533426582813,0.2,0.17538177967071533
,0.04,-3.42518719,,6145728,3573,,768,880,,581.18,0.964934229850769,0.0011826610794742009,0.0898193359375,-0.002862775890389457,0.006273536,0.6723974835127592,14990,0.0003,-0.016915040090680122,0.2,0.17587721347808838
,0.04,-3.02654442,,6149824,3578,,769,880,,581.18,0.4822911024093628,0.05559399378544185,0.1126708984375,-0.004072447722865036,0.008289494,0.6704899530857802,15000,0.0003,0.0227922722697258,0.2,0.1755926012992859
,0.05,-2.7631117400000007,,6153920,3583,,770,880,,575.54,0.9544299244880676,0.008612260218797019,0.066064453125,-0.002269438383518718,0.0067141457,0.6677954375743866,15010,0.0003,0.009907039813697338,0.2,0.17701217532157898
,0.05,-2.9173866700000004,,6158016,3587,,771,880,,575.54,0.905896008014679,0.04703617040067911,0.0834228515625,-0.0037538941120146773,0.0067882794,0.6498146113008261,15020,0.0003,0.029571693390607834,0.2,0.17861825227737427
,0.05,-2.9876146500000003,,6162112,3592,,772,880,,575.54,0.8963707685470581,0.01053593050546624,0.101123046875,-0.0012670398791669868,0.0098581,0.6415632549673319,15030,0.0003,0.010441143065690994,0.2,0.17903241515159607
,0.05,-3.0440229800000003,,6166208,3597,,773,880,,575.54,0.8669326901435852,0.00870114761928562,0.118017578125,-0.005308856109331827,0.007521173,0.6481651425361633,15040,0.0003,-0.007113073952496052,0.2,0.17794682085514069
,0.04,-2.97214674,,6170304,3601,,774,880,,579.34,0.9585593938827515,0.003522097052336903,0.070068359375,-0.0017177290428662673,0.0071274303,0.6503895618021488,15050,0.0003,-0.0010819989256560802,0.2,0.17859691381454468
,0.03,-2.9608705599999996,,6174400,3606,,775,880,,583.5,0.7732677459716797,0.006346808933449211,0.0786376953125,-0.0037791336202644744,0.0062433593,0.6586613900959492,15060,0.0003,-0.0013457242166623473,0.2,0.17682161927223206
,0.03,-3.2188123900000005,,6178496,3611,,776,880,,583.5,0.7766649127006531,0.05895667817821959,0.096044921875,-0.0024745131187955847,0.009329901,0.6673358213156462,15070,0.0003,-0.0019045285880565643,0.2,0.17754483222961426
,0.03,-3.24037199,,6182592,3615,,777,880,,583.5,0.9399868249893188,0.0024324226200405975,0.074951171875,-0.0016002146439859644,0.0063078245,0.6615438479930162,15080,0.0003,-0.00022168410941958427,0.2,0.17743968963623047
,0.03,-3.3329982400000007,,6186688,3621,,778,880,,583.5,0.9376845359802246,0.005147631028376054,0.070947265625,-0.0022375343105522916,0.006393738,0.6764352668076754,15090,0.0003,-0.0021787069272249937,0.2,0.1751905232667923
,0.03,-3.42829791,,6190784,3626,,779,879,,583.5,0.9643283486366272,0.0038825089319288963,0.0719482421875,-0.004209004093718249,0.006941086,0.6852721903473139,15100,0.0003,-0.01004469208419323,0.2,0.17584176361560822
,0.03,-3.3672687900000007,,6194880,3631,,780,879,,583.5,0.954087495803833,0.003314092484288267,0.091845703125,-0.004566195064398926,0.008027882,0.6921540554612875,15110,0.0003,-0.009778926149010658,0.2,0.17437176406383514
,0.03,-3.23255359,,6198976,3635,,781,879,,583.5,0.9591728448867798,0.001567540366886533,0.08466796875,-0.003984741192834917,0.0074833445,0.6975211944431067,15120,0.0003,-0.01809125393629074,0.2,0.17543652653694153
25.98093609393609,0.03,-3.32560553,4.6888752944669467e-08,6203072,3652,5.108987840026401e-06,782,877,0.0,583.5,0.9878301620483398,0.0013518100869987393,0.1231689453125,-0.003142728486272972,0.008364084,0.7017599232494831,15130,0.0003,-0.005827466957271099,0.2,0.17396527528762817
,0.02,-3.6077700600000004,,6207168,3656,,783,877,,589.11,0.942960798740387,0.0027998712295811854,0.0733154296875,-0.0030828126313281246,0.006879029,0.7135962948203087,15140,0.0003,-0.015133212320506573,0.2,0.17355117201805115
,0.01,-3.5373974100000005,,6211264,3661,,784,877,,594.75,0.9414944648742676,0.0019810975220025282,0.0885986328125,-0.004335449050995521,0.0064671207,0.7165240544825793,15150,0.0003,-0.0009503554902039468,0.2,0.17346516251564026
,0.01,-3.2701056199999994,,6215360,3664,,785,877,,594.75,0.9157679080963135,0.001499815663555637,0.1102783203125,-0.011471017831354402,0.017253958,0.7212523620575666,15160,0.0003,0.0020106618758291006,0.2,0.17202715575695038
,0.01,-3.4464220099999996,,6219456,3668,,786,877,,594.75,0.9868643879890442,0.002270113731356105,0.08837890625,-0.0020049225320690313,0.00696175,0.7378277655690908,15170,0.0003,0.0033366179559379816,0.2,0.17131249606609344
,0.01,-3.397579149999999,,6223552,3672,,787,877,,594.75,0.9855232834815979,0.0005757430242738337,0.0753173828125,-0.002778458180546295,0.007460152,0.7307719834148884,15180,0.0003,0.0011145294411107898,0.2,0.17284177243709564
,0.01,-3.4338288900000005,,6227648,3676,,788,877,,594.75,0.8243721723556519,0.006140456358480151,0.1104248046875,-0.0023189902269223238,0.008302561,0.7284887053072453,15190,0.0003,0.011272389441728592,0.2,0.17193907499313354
,0.0,-3.7835866599999997,,6231744,3680,,789,878,,600.0,0.9562312364578247,0.0047591123438905925,0.0943359375,-0.005945097375661135,0.00876145,0.7286384671926498,15200,0.0003,-0.012812026776373386,0.2,0.1727873980998993
,0.0,-3.8252999399999994,,6235840,3684,,790,878,,600.0,0.9598051309585571,0.0031535381900539504,0.1226806640625,-0.00578163650498027,0.009820662,0.7173908460885287,15210,0.0003,-0.01915944553911686,0.2,0.17355617880821228
,0.0,-3.5516297800000003,,6239936,3688,,791,878,,600.0,0.9897344708442688,0.00044392544295988043,0.102587890625,-0.0036098142096307128,0.008115575,0.7306261073797942,15220,0.0003,-0.002047233749181032,0.2,0.17133010923862457
,0.0,-3.504431940000001,,6244032,3692,,792,878,,600.0,0.9634446501731873,0.0011173903281815,0.071923828125,-0.0016379424690967427,0.004804866,0.7330510966479779,15230,0.0003,-0.012116055935621262,0.2,0.1727999448776245
,0.01,-3.3092869600000006,,6248128,3696,,793,878,,597.57,0.9704007506370544,0.003038223585826927,0.079931640625,-0.0028016693511744963,0.008095488,0.7307283908128739,15240,0.0003,-0.007760463748127222,0.2,0.17240095138549805
,0.01,-3.2329524199999997,,6252224,3699,,794,879,,597.57,0.6092672348022461,0.08296657745086122,0.06416015625,-0.0005960018053883687,0.009370161,0.7354781504720449,15250,0.0003,0.013789858669042587,0.2,0.1719362735748291
,0.01,-3.20573775,,6256320,3703,,795,879,,597.57,0.9584541320800781,0.0020543696657114195,0.0665283203125,-0.0023902565175376368,0.007693563,0.7495819341391325,15260,0.0003,-0.002383164595812559,0.2,0.17092835903167725
,0.01,-3.1331002100000003,,6260416,3707,,796,879,,597.57,0.9272640347480774,0.0023222176741910516,0.0971923828125,-0.003329144149029162,0.0087541295,0.7666473384946585,15270,0.0003,0.0025533102452754974,0.2,0.16977207362651825
,0.02,-2.96214673,,6264512,3711,,797,879,,594.44,0.9826231002807617,0.0006037980745531967,0.086181640625,-0.0010765951083158143,0.0055747847,0.7768228858709335,15280,0.0003,-0.00888663250952959,0.2,0.16895046830177307
,0.02,-2.81974543,,6268608,3715,,798,879,,594.44,0.6710425019264221,0.02081667836737324,0.0728271484375,-0.0008323558809934184,0.006971496,0.780954148620367,15290,0.0003,0.009394057095050812,0.2,0.1691286563873291
,0.03,-2.8776633399999993,,6272704,3719,,799,879,,590.54,0.9557140469551086,0.0019049702996198903,0.08427734375,-0.0049495766616018955,0.008717942,0.786083186417818,15300,0.0003,-0.016476236283779144,0.2,0.16837021708488464
,0.03,-2.68987862,,6276800,3723,,800,879,,590.54,0.9598360061645508,0.03593038194230758,0.0936279296875,-0.002010669414448785,0.0072236937,0.787568636983633,15310,0.0003,0.007801036816090345,0.2,0.16968195140361786
,0.03,-2.76516274,,6280896,3727,,801,880,,590.54,0.8460136651992798,0.010788489146216306,0.0802490234375,-0.003104799846187234,0.0073177433,0.778079378604889,15320,0.0003,-0.011726096272468567,0.2,0.17016419768333435
,0.04,-2.7091229300000004,,6284992,3731,,802,880,,585.33,0.9437413811683655,0.004665568166092271,0.0666015625,-0.004261940730793867,0.008024959,0.7747610487043858,15330,0.0003,0.011617208831012249,0.2,0.17066550254821777
,0.04,-2.62944284,,6289088,3735,,803,880,,585.33,0.6726727485656738,0.04655304837797303,0.1353759765625,-0.004136574670701521,0.009969319,0.7897820200771093,15340,0.0003,-0.0038223876617848873,0.2,0.16814108192920685
,0.04,-2.5300590599999997,,6293184,3739,,804,880,,585.33,0.8729860782623291,0.023675668064970522,0.0750244140625,-0.003108375973533839,0.009411568,0.8123032260686159,15350,0.0003,0.009008632972836494,0.2,0.16669510304927826
,0.04,-2.59318899,,6297280,3743,,805,880,,585.33,0.962153971195221,0.0021267601576255403,0.102490234375,-0.006466229744546581,0.008908626,0.8228771679103375,15360,0.0003,-0.0012435762910172343,0.2,0.16654568910598755
25.98093621382634,0.04,-2.60642584,4.6888752957512405e-08,6301376,3759,5.106028782496177e-06,806,878,0.0,585.33,0.9295200109481812,0.0016915319143663509,0.0828125,-0.0004862568064709194,0.0068638613,0.8233545769006014,15370,0.0003,-0.0007083892123773694,0.2,0.1664101630449295
,0.04,-2.6074277599999998,,6305472,3763,,807,878,,585.33,0.907528817653656,0.00821507810978801,0.0919921875,-0.00197509310382884,0.007004274,0.8252654954791069,15380,0.0003,0.0414356030523777,0.2,0.16619102656841278
,0.03,-2.7937442999999997,,6309568,3766,,808,878,,587.76,0.9029282331466675,0.011439794534817338,0.0761962890625,-0.0028147574135800823,0.005818326,0.8174513667821884,15390,0.0003,-0.017918098717927933,0.2,0.1675034612417221
,0.03,-2.9535007600000007,,6313664,3770,,809,878,,587.76,0.9821416139602661,0.002272097362947534,0.082568359375,-0.003267785687057767,0.008732685,0.7977497074753046,15400,0.0003,0.00872256513684988,0.2,0.1689070612192154
,0.03,-2.977502039999999,,6317760,3774,,810,879,,587.76,0.9257398247718811,0.0014332993800053374,0.10595703125,-0.0008932873271987774,0.012671126,0.7908329483121633,15410,0.0003,-0.0003501556348055601,0.2,0.16911481320858002
,0.03,-3.1026568,,6321856,3777,,811,879,,585.87,0.9521382451057434,0.009861916842055507,0.07841796875,-0.0018889748331275768,0.006836102,0.7746600221842528,15420,0.0003,0.006710099522024393,0.2,0.17193511128425598
,0.03,-3.4384528099999994,,6325952,3781,,812,879,,585.87,0.813361644744873,0.1153308524604654,0.104931640625,-0.006887394265504554,0.008389222,0.7466144949197769,15430,0.0003,0.02295701391994953,0.2,0.17391540110111237
,0.02,-3.7552259600000006,,6330048,3785,,813,879,,589.77,0.9584125876426697,0.007227686854457715,0.0851806640625,-0.002288146544015035,0.009643724,0.7441687542945147,15440,0.0003,-0.012526036240160465,0.2,0.17275303602218628
,0.03,-3.8402124100000004,,6334144,3789,,814,879,,585.37,0.9399046897888184,0.017844029470870736,0.0989013671875,-0.007511847237765323,0.010176083,0.7491102822124958,15450,0.0003,-0.0026127886958420277,0.2,0.17210647463798523
,0.03,-3.72238069,,6338240,3793,,815,879,,585.37,0.7993199825286865,0.10018967023788719,0.0972900390625,-0.0042504120836383665,0.008264931,0.7575457375496626,15460,0.0003,0.012906596064567566,0.2,0.17086735367774963
,0.02,-3.83189115,,6342336,3797,,816,880,,590.58,0.9057602882385254,0.025858200376387686,0.0946044921875,3.0382431577891112e-05,0.011637457,0.751211442425847,15470,0.0003,0.0037843999452888966,0.2,0.17342674732208252
,0.02,-4.00894989,,6346432,3801,,817,880,,590.58,0.7052801847457886,0.02410043451091042,0.078515625,-0.004703831701772287,0.0077524907,0.727159395813942,15480,0.0003,0.00739348353818059,0.2,0.175168976187706
,0.02,-3.8937125799999994,,6350528,3805,,818,880,,590.58,0.9579124450683594,0.004403990838181926,0.0982666015625,-0.0027930010517593475,0.008222336,0.7061309397220612,15490,0.0003,0.009857067838311195,0.2,0.1772264540195465
,0.02,-4.10896864,,6354624,3809,,819,880,,590.58,0.9227359294891357,0.007257264465442859,0.071337890625,-0.004745871113846079,0.0068522836,0.6976446971297264,15500,0.0003,-0.012487983331084251,0.2,0.17699620127677917
,0.03,-4.105355649999999,,6358720,3813,,820,880,,587.55,0.9374721050262451,0.0028512575619970447,0.07197265625,0.000712951748573687,0.008081354,0.6902363765984774,15510,0.0003,-0.008451280184090137,0.2,0.1782628893852234
,0.03,-4.09078736,,6362816,3817,,821,880,,587.55,0.8056647181510925,0.05264428727241466,0.0951904296875,-0.003571561578428373,0.007783247,0.6880047503858805,15520,0.0003,-0.008091791532933712,0.2,0.1764073669910431
,0.04,-3.882671490000001,,6366912,3821,,822,880,,585.52,0.9456543326377869,0.009318568489106838,0.0808349609375,-0.00279402104933979,0.0068987114,0.6923572421073914,15530,0.0003,0.004647872876375914,0.2,0.17784199118614197
,0.04,-3.9178134,,6371008,3826,,823,881,,585.52,0.7519779205322266,0.02683656322697061,0.075537109375,-0.00409473467443604,0.0057775425,0.6897168789058924,15540,0.0003,0.004434756934642792,0.2,0.17675572633743286
,0.04,-4.503195320000001,,6375104,3830,,824,881,,585.52,0.9124054908752441,0.013629432748712134,0.0906005859375,-0.005747686681570485,0.007961204,0.685212267562747,15550,0.0003,0.0053255269303917885,0.2,0.17936068773269653
,0.04,-4.505372469999999,,6379200,3834,,825,881,,585.52,0.9411180019378662,0.007184698183846194,0.08349609375,-0.0034350151050603016,0.0078155,0.66039405092597,15560,0.0003,-0.002526414580643177,0.2,0.18155042827129364
,0.03,-4.27926483,,6383296,3838,,826,881,,590.54,0.9772706031799316,0.001932932323870773,0.1046630859375,-0.003348184506467078,0.009559354,0.6426087047904729,15570,0.0003,-0.01565040647983551,0.2,0.18323087692260742
,0.03,-4.36959809,,6387392,3842,,827,881,,590.54,0.9242414236068726,0.010719830319430912,0.116162109375,-0.0026172739067988004,0.01000556,0.6215443525463342,15580,0.0003,-0.009274815209209919,0.2,0.18513332307338715
,0.03,-4.47792077,,6391488,3847,,828,881,,590.54,0.9753247499465942,0.00884190189972287,0.0938720703125,-0.0042169219203060495,0.01054922,0.6177703157067299,15590,0.0003,-0.004447839222848415,0.2,0.18497273325920105
,0.02,-4.42853557,,6395584,3851,,829,881,,594.94,0.9887344241142273,0.0026025452785688684,0.10673828125,-0.0019095872630714439,0.010889261,0.6212650593370199,15600,0.0003,-0.01290997862815857,0.2,0.18467694520950317
,0.02,-4.604436539999999,,6399680,3855,,830,881,,594.94,0.9859300255775452,0.0019930207250581588,0.1056640625,-0.003647155022190418,0.008891562,0.620057076588273,15610,0.0003,0.007070822175592184,0.2,0.1854182630777359
24.996177712787407,0.02,-4.71562069,0.046092588350717646,6403776,3872,0.24701384350026148,831,878,0.0,594.94,0.9819777011871338,0.0035910032100218816,0.0830078125,-0.0034291154559468852,0.0069330167,0.6217577170580626,15620,0.0003,-0.004470915533602238,0.2,0.18432579934597015
,0.02,-4.6665527099999995,,6407872,3876,,832,879,,594.94,0.9949590563774109,0.00043269589368719605,0.0934814453125,-0.00133449162094621,0.0079476135,0.6239328511059284,15630,0.0003,0.008629280142486095,0.2,0.1850973665714264
,0.02,-4.56195913,,6411968,3880,,833,879,,594.94,0.9528241753578186,0.002363840110592719,0.10166015625,-0.0063967203226638954,0.008491594,0.6092145305126906,15640,0.0003,-0.0027105328626930714,0.2,0.18698322772979736
,0.01,-4.72098926,,6416064,3883,,834,879,,597.97,0.9860279560089111,0.001263890335940232,0.09873046875,-0.003652442619204521,0.010601742,0.601592193543911,15650,0.0003,-0.007147938944399357,0.2,0.1872987002134323
,0.01,-4.617091019999999,,6420160,3887,,835,879,,597.97,0.8801615238189697,0.0011631922749074874,0.0829345703125,-0.0007537558005424217,0.005781498,0.58882244117558,15660,0.0003,-0.015117819420993328,0.2,0.1893804967403412
,0.0,-4.78302572,,6424256,3891,,836,880,,600.0,0.9849050045013428,0.0022197079048055456,0.0873291015625,-0.001979909931105794,0.008045841,0.5769216574728488,15670,0.0003,0.003282274818047881,0.2,0.18908441066741943
,0.01,-4.83271735,,6428352,3894,,837,880,,597.52,0.8926893472671509,0.020487110334215686,0.086083984375,-0.00512273971689865,0.007080215,0.5715582817792892,15680,0.0003,-0.009238744154572487,0.2,0.1909041553735733
,0.02,-4.399918769999999,,6432448,3898,,838,880,,596.97,0.9077896475791931,0.07900780788622797,0.1045654296875,-0.004880917155242059,0.0073822318,0.5720023911446332,15690,0.0003,0.013784719631075859,0.2,0.1901354193687439
,0.02,-4.55806897,,6436544,3902,,839,880,,596.97,0.935108482837677,0.07898585273069329,0.1252197265625,-0.006577829011075664,0.009724994,0.5777899142354727,15700,0.0003,-0.003221563994884491,0.2,0.18933570384979248
,0.02,-4.58293268,,6440640,3906,,840,880,,596.97,0.9400947093963623,0.0018941624639410293,0.0786865234375,-0.0009198667801683768,0.007860277,0.5969372626394034,15710,0.0003,-0.000537982617970556,0.2,0.18644174933433533
,0.03,-4.5367769099999995,,6444736,3910,,841,880,,596.38,0.9612748622894287,0.005863428415614181,0.0992919921875,-0.005849409860093147,0.009105584,0.6233205292373896,15720,0.0003,-0.005378504283726215,0.2,0.18450605869293213
,0.03,-4.565847160000001,,6448832,3914,,842,881,,596.38,0.8849408626556396,0.06923367360432167,0.0778076171875,-0.0026437033200636508,0.00702338,0.6442598182708025,15730,0.0003,0.015948079526424408,0.2,0.18183565139770508
,0.03,-4.679777489999999,,6452928,3918,,843,881,,596.38,0.9085357785224915,0.023615799233084545,0.08173828125,-0.004010353903868236,0.008604877,0.6468910094350576,15740,0.0003,-0.0055043683387339115,0.2,0.18277868628501892
,0.03,-4.7732817899999995,,6457024,3922,,844,881,,596.38,0.9616016745567322,0.0091321487663663,0.0881591796875,-0.0045159106506616805,0.0092452755,0.6353538542985916,15750,0.0003,-0.013677278533577919,0.2,0.18416370451450348
,0.03,-4.55893564,,6461120,3926,,845,881,,596.38,0.9856778979301453,0.0026154319231864063,0.09638671875,-0.004127544823859353,0.010321375,0.6239689122885466,15760,0.0003,-0.01017741672694683,0.2,0.18526029586791992
,0.03,-4.64486286,,6465216,3930,,846,881,,596.38,0.9559369683265686,0.007462546505848877,0.1037109375,-0.005734473263146356,0.00932211,0.6241337034851313,15770,0.0003,-0.008511925116181374,0.2,0.1843353509902954
,0.04,-4.4472106,,6469312,3934,,847,881,,592.58,0.9520573019981384,0.006027459549659398,0.09150390625,-0.00263499772263458,0.0076505053,0.6300653625279665,15780,0.0003,-0.00336567685008049,0.2,0.18427331745624542
,0.05,-4.8011515099999995,,6473408,3938,,848,881,,587.12,0.7769443392753601,0.06463845792168285,0.0877197265625,-0.0039433261175872755,0.0075115934,0.6480671882629394,15790,0.0003,0.013003082945942879,0.2,0.18122868239879608
,0.06,-4.65375545,,6477504,3942,,849,882,,585.3,0.8448393940925598,0.03947417301096721,0.0954345703125,-0.00450342566036852,0.0064600706,0.6674015160650015,15800,0.0003,-0.0001586643047630787,0.2,0.1812177300453186
,0.06,-4.6620489,,6481600,3945,,850,882,,585.3,0.956476092338562,0.03659045503300149,0.0595703125,-0.0015615840631653555,0.006329242,0.6784812897443772,15810,0.0003,0.02116997539997101,0.2,0.1789594143629074
,0.05,-4.686619150000001,,6485696,3949,,851,882,,587.78,0.9852456450462341,0.0024168107527657414,0.0748046875,-0.0030598967568948865,0.0074262703,0.6984656643122434,15820,0.0003,-0.008626187220215797,0.2,0.17736820876598358
,0.04,-4.6476302800000004,,6489792,3954,,852,882,,588.33,0.9406458139419556,0.015530671656597406,0.0803466796875,-0.0032083519909065217,0.0068196896,0.7145162630826235,15830,0.0003,-0.004571510478854179,0.2,0.1756422519683838
,0.04,-4.61762461,,6493888,3957,,853,882,,588.33,0.954519510269165,0.018672573222283974,0.07685546875,-0.004803131027438212,0.0072201015,0.7346518360078335,15840,0.0003,-0.0047027310356497765,0.2,0.17470459640026093
,0.05,-4.361362099999999,,6497984,3961,,854,882,,583.64,0.9482362270355225,0.014936206833954201,0.0927734375,-0.0022704794064338785,0.006443702,0.7458702765405179,15850,0.0003,-0.003400323446840048,0.2,0.17377203702926636
23.380256408149727,0.04,-4.534663510000001,0.09566680847218569,6502080,3977,0.6460180182284285,855,880,0.0,584.23,0.970626950263977,0.00629172844128334,0.08359375,-0.00626358441368211,0.007247166,0.736277749016881,15860,0.0003,-0.0030572398100048304,0.2,0.17542442679405212
,0.05,-4.206547529999999,,6506176,3981,,856,880,,578.74,0.9814497828483582,0.0032718914000724906,0.0899169921875,-0.0049480759698781185,0.007874002,0.73023576810956,15870,0.0003,-0.005642250180244446,0.2,0.17441603541374207
,0.05,-3.7855581000000003,,6510272,3985,,857,880,,578.74,0.902705729007721,0.021792819123947992,0.076611328125,-0.0012358239211607725,0.005296276,0.7437680926173925,15880,0.0003,0.0033068954944610596,0.2,0.1720215529203415
,0.05,-3.71826927,,6514368,3988,,858,881,,578.74,0.9542267918586731,0.0042999948680517265,0.0880126953125,-0.0021232908227830196,0.0076939594,0.7660096898674965,15890,0.0003,-0.01001800037920475,0.2,0.16998928785324097
,0.05,-4.06284217,,6518464,3992,,859,881,,578.74,0.9630467891693115,0.00970214969565859,0.1160400390625,-0.0034752936742734166,0.008834138,0.7712190981954337,15900,0.0003,-0.014589568600058556,0.2,0.17059317231178284
,0.05,-4.194943390000001,,6522560,3996,,860,881,,578.74,0.9873389005661011,0.0037544241618888917,0.0932861328125,-0.003179790145077277,0.0098492745,0.7731026198714972,15910,0.0003,-0.014039549976587296,0.2,0.16956207156181335
,0.04,-4.138843410000001,,6526656,3999,,861,881,,582.54,0.9767566919326782,0.0027772089903010055,0.101708984375,-0.005248445400502533,0.0076678437,0.7872583966702222,15920,0.0003,-0.008864632807672024,0.2,0.16851051151752472
,0.03,-4.03785003,,6530752,4003,,862,881,,588.0,0.9729204773902893,0.0016656402905937285,0.108740234375,-0.0023932425836392214,0.0063726665,0.7769026651978492,15930,0.0003,0.0032610457856208086,0.2,0.17056941986083984
,0.03,-3.8959852399999995,,6534848,4007,,863,882,,588.0,0.7518481612205505,0.014048650682525476,0.0637939453125,-0.001601926132570952,0.0077258125,0.76195446588099,15940,0.0003,0.0778585746884346,0.2,0.17065730690956116
,0.02,-4.11017669,,6538944,4011,,864,882,,589.82,0.9434199929237366,0.015622537248418666,0.0964111328125,-0.004063059335749131,0.008958196,0.7560562349855899,15950,0.0003,-0.0021291887387633324,0.2,0.1725076287984848
,0.02,-4.203351619999999,,6543040,4015,,865,882,,589.82,0.9428925514221191,0.008866142048645997,0.09521484375,-0.0057421962032094594,0.008597052,0.7397370003163815,15960,0.0003,0.0033800662495195866,0.2,0.17303307354450226
,0.02,-4.36183173,,6547136,4018,,866,882,,589.82,0.9729188084602356,0.005994615492090816,0.0886962890625,-0.0036066778731765224,0.008388138,0.7382326770573855,15970,0.0003,-0.0010263475123792887,0.2,0.17307409644126892
,0.02,-4.09506905,,6551232,4022,,867,882,,589.82,0.9579052925109863,0.002979705454708892,0.1188720703125,-0.0021970781104755587,0.00976341,0.744050507992506,15980,0.0003,0.0023219299037009478,0.2,0.17239879071712494
,0.01,-4.32975441,,6555328,4026,,868,882,,594.51,0.9597282409667969,0.005992166011128575,0.085009765625,-0.004500303130043903,0.007968595,0.74812320061028,15990,0.0003,-0.009885959327220917,0.2,0.17147324979305267
,0.01,-4.2406589,,6559424,4030,,869,883,,594.51,0.9830403923988342,0.0008068211852332752,0.10068359375,-0.0017423426907043904,0.0088954605,0.7507877614349127,16000,0.0003,0.00248583871871233,0.2,0.17167070508003235
,0.01,-4.11291074,,6563520,4034,,870,883,,594.51,0.9347485899925232,0.006518570276239188,0.0805908203125,-0.005134044839360285,0.0075342525,0.74773585870862,16010,0.0003,-0.023931991308927536,0.2,0.17148259282112122
,0.0,-4.436808320000001,,6567616,4038,,871,883,,600.0,0.9852544665336609,0.0025906642718837246,0.1090576171875,-0.005465328201535158,0.009097785,0.7414288491010665,16020,0.0003,-0.011291454546153545,0.2,0.17199872434139252
,0.0,-4.537289540000001,,6571712,4042,,872,883,,600.0,0.9811064004898071,0.0019169436594893342,0.127734375,-0.006186752259964123,0.010165727,0.72593366317451,16030,0.0003,-0.023130228742957115,0.2,0.17387452721595764
,0.0,-4.56018497,,6575808,4045,,873,883,,600.0,0.9718561172485352,0.005562435704632662,0.09658203125,-0.005898234876076458,0.008817305,0.7213927157223224,16040,0.0003,-0.013894575648009777,0.2,0.17240941524505615
,0.0,-4.66342751,,6579904,4049,,874,883,,600.0,0.9870101809501648,0.002424793016689364,0.122216796875,-0.0039842324214987455,0.008645955,0.731065996736288,16050,0.0003,-0.010636699385941029,0.2,0.17213983833789825
,0.01,-4.6274807000000004,,6584000,4053,,875,884,,596.3,0.9534472823143005,0.005744068936837721,0.0747314453125,-0.005027582249022089,0.006340312,0.7293290425091982,16060,0.0003,-0.01668561063706875,0.2,0.17204704880714417
,0.01,-4.900424570000001,,6588096,4057,,876,884,,596.3,0.7486938238143921,0.08099055229104124,0.0927001953125,-0.0012518204035586677,0.006408032,0.7407404597848654,16070,0.0003,0.01009838841855526,0.2,0.17035342752933502
,0.01,-5.185662060000001,,6592192,4061,,877,884,,596.3,0.9260338544845581,0.006007321699871682,0.088232421875,-0.0028395106230163945,0.0074433982,0.7520465899258852,16080,0.0003,-0.0033348759170621634,0.2,0.17049157619476318
,0.02,-4.83716744,,6596288,4065,,878,884,,591.08,0.9237127900123596,0.009634208961506375,0.082861328125,-0.0018989925825735553,0.0072842883,0.7503660976886749,16090,0.0003,0.0021678460761904716,0.2,0.17038632929325104
23.683940906147104,0.02,-4.83922767,0.11436312761257725,6600384,4081,0.859339156294018,879,882,0.0,591.08,0.8400514721870422,0.05395130244432948,0.07626953125,-0.0019434909598203376,0.0067025237,0.7497434537857771,16100,0.0003,0.007117939181625843,0.2,0.17027609050273895
,0.02,-4.741104159999999,,6604480,4084,,880,882,,591.08,0.9628420472145081,0.005274709959485336,0.0759521484375,-0.001635154839459574,0.005626511,0.7493129469454288,16110,0.0003,0.014970654621720314,0.2,0.17063894867897034
,0.03,-4.763272570000001,,6608576,4088,,881,882,,585.74,0.9589422941207886,0.012467574934998994,0.081884765625,-0.003603915589337703,0.009284492,0.7504257649183274,16120,0.0003,0.00628400593996048,0.2,0.16996100544929504
,0.03,-4.75031497,,6612672,4091,,882,882,,585.74,0.9066789150238037,0.04995536291098688,0.075537109375,-0.0015882276740740054,0.0064093824,0.7558513782918453,16130,0.0003,0.013669505715370178,0.2,0.1701279580593109
,0.04,-4.78671266,,6616768,4095,,883,883,,580.52,0.9623843431472778,0.008070713891356718,0.090869140625,-0.004980260864249431,0.0074935155,0.7638918045908213,16140,0.0003,-0.000891348347067833,0.2,0.16845688223838806
,0.04,-5.304195020000001,,6620864,4098,,884,883,,580.52,0.8770677447319031,0.06553956111602019,0.0817626953125,-0.005025771538203117,0.00736635,0.7902901243418455,16150,0.0003,0.000517058651894331,0.2,0.16570377349853516
,0.04,-5.055153680000001,,6624960,4102,,885,883,,580.52,0.971204400062561,0.00971639350609621,0.077197265625,-0.0024132752034347503,0.00798084,0.8176892768591643,16160,0.0003,0.008039940148591995,0.2,0.16413173079490662
,0.05,-4.67985077,,6629056,4106,,886,883,,575.28,0.9564237594604492,0.005162278310308466,0.0820556640625,-0.006166776493773796,0.0074013453,0.8307712025940418,16170,0.0003,-0.011678390204906464,0.2,0.163479745388031
,0.05,-4.90311666,,6633152,4110,,887,883,,575.28,0.9128166437149048,0.03871598250116222,0.06748046875,-0.00551159008173272,0.0060563544,0.8449710860848427,16180,0.0003,-0.004359954968094826,0.2,0.16160669922828674
,0.05,-4.81834975,,6637248,4113,,888,884,,575.28,0.9017035365104675,0.03186142848426243,0.0760986328125,-0.004718102802144131,0.0053865947,0.8635941509157419,16190,0.0003,-0.014290119521319866,0.2,0.16065673530101776
,0.04,-4.802852189999999,,6641344,4117,,889,884,,578.98,0.8957030177116394,0.011137224637786857,0.085693359375,-0.005997304066841025,0.008192634,0.8811194114387035,16200,0.0003,-0.00267254700884223,0.2,0.15902605652809143
,0.04,-4.55075533,,6645440,4121,,890,884,,578.98,0.9297907948493958,0.006431887585495133,0.104638671875,0.00018432279175613077,0.006309461,0.8985001411288976,16210,0.0003,0.0004420868353918195,0.2,0.15800628066062927
,0.05,-4.3997984,,6649536,4125,,891,884,,574.31,0.9165399670600891,0.05571095947525464,0.0947998046875,-0.005439252393261995,0.008174093,0.9002139922231436,16220,0.0003,0.021010836586356163,0.2,0.158454030752182
,0.05,-4.524270809999999,,6653632,4129,,892,884,,575.24,0.9152438044548035,0.08599493859801441,0.10498046875,-0.005189998121932149,0.011033286,0.8947934355586767,16230,0.0003,0.0388832688331604,0.2,0.158292755484581
,0.05,-4.5281977499999995,,6657728,4133,,893,884,,575.24,0.7240113019943237,0.05933082471601665,0.1041259765625,-0.0009855219963355922,0.0100861145,0.9060394041240215,16240,0.0003,0.003526998683810234,0.2,0.15695056319236755
,0.05,-4.2170052899999995,,6661824,4137,,894,885,,575.24,0.9178589582443237,0.004928414214373333,0.1195556640625,-0.00376414302008925,0.007629306,0.9135342992842197,16250,0.0003,0.00437144935131073,0.2,0.15707138180732727
,0.04,-4.481701560000001,,6665920,4140,,895,885,,580.58,0.7725662589073181,0.013887207645893795,0.0955322265625,-0.004786307306858362,0.009478682,0.9057597953826189,16260,0.0003,-0.01115281693637371,0.2,0.15747451782226562
,0.04,-4.48185548,,6670016,4144,,896,885,,580.58,0.9416055083274841,0.006687012159090955,0.0788330078125,-0.00487460081349127,0.00918581,0.8962499257177114,16270,0.0003,-0.012605760246515274,0.2,0.15817105770111084
,0.03,-4.422523849999999,,6674112,4148,,897,885,,585.8,0.9809266924858093,0.004761986870289547,0.1109619140625,-0.002748920404701494,0.010627756,0.8957814384251833,16280,0.0003,-0.005534636788070202,0.2,0.15789766609668732
,0.03,-4.040837,,6678208,4152,,898,885,,585.8,0.965832531452179,0.0026321973047743084,0.0847900390625,-0.000740280924947001,0.006029832,0.8965279504656791,16290,0.0003,0.009853444062173367,0.2,0.15810540318489075
,0.03,-4.2678365000000005,,6682304,4156,,899,885,,585.8,0.8539462089538574,0.01120610383222811,0.095458984375,-0.005297771346522495,0.008117199,0.9002822432667017,16300,0.0003,0.0046322825364768505,0.2,0.1571718156337738
,0.04,-4.269159660000001,,6686400,4160,,900,886,,580.88,0.5502350330352783,0.012284539734537248,0.07734375,0.0002915595207014121,0.008186269,0.8937386758625507,16310,0.0003,0.012020362541079521,0.2,0.1590714454650879
,0.03,-4.56449337,,6690496,4164,,901,886,,586.12,0.8587501645088196,0.02469211776187876,0.0855712890625,-0.0031191613779810723,0.0066796383,0.8993836242705584,16320,0.0003,0.001992960926145315,0.2,0.15583142638206482
,0.03,-4.476700209999999,,6694592,4168,,902,886,,586.12,0.9425913691520691,0.018647403339855373,0.092626953125,-0.006281626674172003,0.0070652254,0.9220933549106121,16330,0.0003,-0.014012562111020088,0.2,0.15610730648040771
,0.03,-4.691904879999999,,6698688,4172,,903,886,,586.12,0.8432043194770813,0.047020043779048136,0.093994140625,-0.006385902050533332,0.0067166095,0.9237602103501559,16340,0.0003,0.012117812409996986,0.2,0.1552993357181549
26.03398207820856,0.04,-4.86331308,0.10005867539445001,6702784,4187,2.0293435590806657,904,884,0.0,581.76,0.9675433039665222,0.0064443939394550395,0.1073974609375,-0.004279956438404042,0.00852648,0.9212500303983688,16350,0.0003,-0.005106121767312288,0.2,0.15732155740261078
,0.06,-4.487477589999999,,6706880,4191,,905,884,,573.72,0.8839277029037476,0.14598862358834594,0.0927490234375,-0.003626076434738934,0.007930001,0.9085046000778675,16360,0.0003,0.017657440155744553,0.2,0.15715552866458893
,0.05,-4.876772850000001,,6710976,4195,,906,884,,579.02,0.8948334455490112,0.16312490177806466,0.0822021484375,0.0004294217098504305,0.005768687,0.9116439688950777,16370,0.0003,0.18421226739883423,0.2,0.15698590874671936
,0.05,-5.11101607,,6715072,4198,,907,884,,579.02,0.8716703057289124,0.1763144701370038,0.081005859375,-0.005217078262649011,0.00590745,0.9371224965900182,16380,0.0003,0.009119825437664986,0.2,0.15339215099811554
,0.06,-5.421416149999999,,6719168,4202,,908,885,,576.67,0.938623309135437,0.017280853654665407,0.1226318359375,-0.004891315544955433,0.008630281,0.9645935919135809,16390,0.0003,0.0033254935406148434,0.2,0.1532144546508789
,0.07,-5.504193900000001,,6723264,4205,,909,885,,571.33,0.864450991153717,0.07850462825153955,0.097021484375,-0.0034098356030881406,0.009027541,0.9665603287518024,16400,0.0003,0.030620545148849487,0.2,0.15282022953033447
,0.07,-6.10495493,,6727360,4209,,910,885,,571.33,0.6444340348243713,0.06032957740535494,0.1063232421875,-0.003526283413521014,0.0071617784,0.9684785582125187,16410,0.0003,0.013014968484640121,0.2,0.15244150161743164
,0.07,-6.206459729999999,,6731456,4213,,911,885,,571.33,0.9377785921096802,0.006250556399754715,0.085791015625,0.00044687496410915627,0.0069566234,0.9657163836061955,16420,0.0003,-0.0009664222598075867,0.2,0.15351933240890503
,0.07,-6.606040859999999,,6735552,4217,,912,885,,571.33,0.964175820350647,0.0022060345261706972,0.097412109375,-0.0015120255840884056,0.006780553,0.9610014263540506,16430,0.0003,-0.002331689465790987,0.2,0.15292176604270935
,0.07,-6.5844799799999985,,6739648,4221,,913,885,,571.33,0.8947133421897888,0.011677477741613984,0.1126220703125,-0.006265296044875868,0.011294438,0.9611753292381764,16440,0.0003,-0.006425102241337299,0.2,0.15362654626369476
,0.06,-6.60108386,,6743744,4224,,914,886,,576.25,0.9535882472991943,0.003624942107126117,0.0774169921875,-0.0005888944258913397,0.006901915,0.9389190945774317,16450,0.0003,-0.006896779872477055,0.2,0.1563272476196289
,0.06,-6.60129741,,6747840,4228,,915,886,,576.25,0.9792501330375671,0.005364251387800323,0.1071044921875,-0.004680572122742888,0.009001186,0.9199028618633747,16460,0.0003,0.001763266627676785,0.2,0.15620745718479156
,0.06,-6.59919653,,6751936,4232,,916,886,,576.25,0.8571649789810181,0.011400287332071457,0.0984130859375,-0.0040322064538486305,0.009435002,0.9134955991059541,16470,0.0003,0.004602293483912945,0.2,0.15717074275016785
,0.06,-6.345209919999999,,6756032,4236,,917,886,,576.25,0.771206259727478,0.018474553203850518,0.065380859375,-0.004431271139765158,0.0062690424,0.8926719147711992,16480,0.0003,-0.011310539208352566,0.2,0.1590346097946167
,0.06,-6.19266758,,6760128,4240,,918,886,,576.25,0.9394863247871399,0.008644610074406955,0.099267578125,-0.005581642565084621,0.0072739385,0.8772713039070368,16490,0.0003,-0.006175590679049492,0.2,0.15966972708702087
,0.03,-6.64514078,,6764224,4243,,919,886,,588.65,0.9201741218566895,0.008244484298484168,0.067919921875,-0.00327760030340869,0.006241717,0.8757912535220385,16500,0.0003,-0.010633897967636585,0.2,0.1593075692653656
,0.03,-6.66315385,,6768320,4247,,920,887,,588.65,0.9441131353378296,0.003034550441952888,0.090478515625,-0.0031647689713281578,0.0069072414,0.8773060478270054,16510,0.0003,-0.008343765512108803,0.2,0.1592840552330017
,0.02,-7.005345929999999,,6772416,4251,,921,887,,592.31,0.8562811613082886,0.01765416723792441,0.108544921875,-0.0031615269070243814,0.008803559,0.8696546237915754,16520,0.0003,0.013254734687507153,0.2,0.1602271944284439
,0.02,-7.32640353,,6776512,4255,,922,887,,592.31,0.9168429970741272,0.024221009301254526,0.0943359375,-0.006264726402878296,0.009172553,0.8639000035822392,16530,0.0003,-0.00480567617341876,0.2,0.16071397066116333
,0.01,-7.64311878,,6780608,4259,,923,887,,594.66,0.9652275443077087,0.006401141194874072,0.0914306640625,-0.00016124852700158954,0.0066591594,0.8647231496870518,16540,0.0003,-0.005813821218907833,0.2,0.16056859493255615
,0.0,-7.490309269999999,,6784704,4263,,924,887,,600.0,0.9569911956787109,0.009272361840703524,0.1265380859375,-0.005726843051525066,0.0093789995,0.8652782913297414,16550,0.0003,-0.014738308265805244,0.2,0.16077974438667297
,0.0,-7.06670853,,6788800,4267,,925,887,,600.0,0.9780006408691406,0.004896655019183527,0.0855712890625,-0.001930538450687891,0.0066239787,0.8672338407486677,16560,0.0003,0.00472579151391983,0.2,0.16005267202854156
,0.0,-7.121555150000001,,6792896,4271,,926,888,,600.0,0.9741025567054749,0.006171383142645937,0.1031494140625,-0.0036549029828165658,0.006402592,0.876728392392397,16570,0.0003,-0.004781259689480066,0.2,0.15952546894550323
,0.0,-7.328538270000001,,6796992,4275,,927,888,,600.0,0.9304712414741516,0.013701681609381922,0.073583984375,-0.004114452363864984,0.0070382846,0.8770376194268465,16580,0.0003,-0.006593906786292791,0.2,0.16008396446704865
22.57354697429022,0.0,-7.69037035,0.1513503561965404,6801088,4290,1.2117487114031746,928,885,0.0,600.0,0.9224571585655212,0.01798103578184964,0.0916748046875,-0.004165203975571785,0.008082744,0.879853269085288,16590,0.0003,0.0010457260068506002,0.2,0.1590399444103241
,0.0,-7.7011024699999995,,6805184,4294,,929,886,,600.0,0.9684509038925171,0.0032731028128182515,0.12470703125,-0.004946373762504663,0.0088971965,0.8980172291398049,16600,0.0003,-0.011913977563381195,0.2,0.15722797811031342
,0.0,-8.08115384,,6809280,4298,,930,886,,600.0,0.9654873609542847,0.0024156394953024573,0.124072265625,-0.006654620950575918,0.010155501,0.9023355640470981,16610,0.0003,0.00013549602590501308,0.2,0.1583556830883026
,0.0,-8.085850370000001,,6813376,4301,,931,886,,600.0,0.9603365659713745,0.007629977248871001,0.0832763671875,-0.004534517943102401,0.0067824633,0.8929153624922037,16620,0.0003,-0.0023758825846016407,0.2,0.1583724021911621
,0.0,-8.29443986,,6817472,4305,,932,886,,600.0,0.9573231935501099,0.00933102744165808,0.1108154296875,-0.007925944398448338,0.009286804,0.9032272461801767,16630,0.0003,-0.017133228480815887,0.2,0.15673840045928955
,0.0,-8.40282467,,6821568,4309,,933,886,,600.0,0.9839243292808533,0.0017414556412404635,0.112548828125,-0.003170774113095831,0.007010769,0.9266793690621853,16640,0.0003,-0.0020447787828743458,0.2,0.15497998893260956
,0.0,-8.62221291,,6825664,4312,,934,887,,600.0,0.9497824311256409,0.010182369669200853,0.11630859375,-0.007405861053848639,0.009707438,0.954188446700573,16650,0.0003,-0.004569916985929012,0.2,0.15246175229549408
,0.0,-8.4756706,,6829760,4316,,935,887,,600.0,0.9638316035270691,0.005699704607468448,0.08994140625,-0.0018609907769132406,0.009082209,0.955038383603096,16660,0.0003,0.010306579060852528,0.2,0.15458835661411285
,0.0,-8.06803824,,6833856,4320,,936,887,,600.0,0.9689290523529053,0.006286830242606812,0.100732421875,-0.0058288555817853195,0.008888442,0.9342923980206251,16670,0.0003,-0.019933607429265976,0.2,0.15526925027370453
,0.0,-7.87638455,,6837952,4324,,937,887,,600.0,0.9850125908851624,0.003138206533549237,0.117431640625,-0.006094244818086736,0.011362766,0.9308533560484648,16680,0.0003,-0.010932696051895618,0.2,0.15517623722553253
,0.0,-7.697314859999999,,6842048,4327,,938,887,,600.0,0.9857435822486877,0.0023661861821892673,0.1001953125,-0.0048605055460939186,0.010491847,0.9279102221131325,16690,0.0003,-0.001563585246913135,0.2,0.1552414894104004
,0.0,-7.86421863,,6846144,4332,,939,887,,600.0,0.9644087553024292,0.00383054551348323,0.1075927734375,-0.0045597781689139085,0.0084931515,0.9229239594191313,16700,0.0003,-0.018978916108608246,0.2,0.1557607650756836
,0.0,-7.9867560399999995,,6850240,4336,,940,887,,600.0,0.9794024229049683,0.0034031385061098264,0.0988037109375,-0.003050580283161253,0.006513032,0.9125372394919395,16710,0.0003,-0.012897551991045475,0.2,0.15613946318626404
,0.0,-8.05190464,,6854336,4339,,941,888,,600.0,0.9771370887756348,0.002062822861262248,0.0895263671875,-0.0035566372665925884,0.008470343,0.9068840213119984,16720,0.0003,-0.02115308865904808,0.2,0.15717512369155884
,0.0,-7.302823390000001,,6858432,4343,,942,888,,600.0,0.9870583415031433,0.002452478272971348,0.1236572265625,-0.002245359594235197,0.011425283,0.8897128604352474,16730,0.0003,-0.005717807449400425,0.2,0.15850448608398438
,0.01,-7.094764850000001,,6862528,4347,,943,888,,595.15,0.9833659529685974,0.003042337004080764,0.1175048828125,-0.007274642163247335,0.008610532,0.8986722808331251,16740,0.0003,-0.011402544565498829,0.2,0.15555238723754883
,0.01,-7.183357029999999,,6866624,4351,,944,888,,595.15,0.7974110841751099,0.04394937139004469,0.0996337890625,-0.00546615128259873,0.007605468,0.9333001784980297,16750,0.0003,-9.360723197460175e-06,0.2,0.15296520292758942
,0.01,-6.9137270599999985,,6870720,4355,,945,888,,595.15,0.9891407489776611,0.0017728469952999148,0.1071533203125,-0.006942676454491448,0.007760753,0.953128844872117,16760,0.0003,-0.011688676662743092,0.2,0.1523110270500183
,0.01,-6.592108919999999,,6874816,4359,,946,888,,595.15,0.963919997215271,0.0029155235992220697,0.0852783203125,0.0007378388094366528,0.0069738654,0.9532849751412868,16770,0.0003,-0.012878690846264362,0.2,0.15286239981651306
,0.01,-6.813591500000001,,6878912,4363,,947,889,,595.15,0.932761549949646,0.015185379673494027,0.0880126953125,-0.0035951222715084443,0.006584508,0.9592560309916734,16780,0.0003,0.0026166755706071854,0.2,0.1511564552783966
,0.01,-6.603904590000001,,6883008,4366,,948,889,,595.15,0.989221453666687,0.001841724864061689,0.0855712890625,-0.0023275174768059514,0.006595487,0.9737979132682085,16790,0.0003,0.0034832425881177187,0.2,0.15060868859291077
,0.01,-6.4810399499999995,,6887104,4371,,949,889,,595.15,0.96727055311203,0.002315372586599551,0.0928955078125,-0.0030508977186400445,0.008562226,0.9745752654969693,16800,0.0003,0.006070667877793312,0.2,0.15071484446525574
,0.01,-6.777990400000001,,6891200,4374,,950,889,,595.15,0.8956997394561768,0.01636184342642082,0.09970703125,-0.005114075154415332,0.008346191,0.9713925551623106,16810,0.0003,-0.006942864041775465,0.2,0.15110066533088684
,0.01,-6.99769072,,6895296,4378,,951,889,,595.15,0.96062833070755,0.00882529886876,0.0973388671875,-0.004397367032652255,0.008702997,0.9580274138599634,16820,0.0003,-0.010426823981106281,0.2,0.15248535573482513
,0.01,-6.92234189,,6899392,4382,,952,889,,595.15,0.9907271265983582,0.0027889069002412724,0.1331298828125,-0.003921562882896979,0.009085588,0.9332903604954481,16830,0.0003,-0.008077074773609638,0.2,0.15447735786437988
25.289625212563234,0.01,-6.8053595399999995,0.08600017469734565,6903488,4398,1.4537592025431456,953,887,0.0,595.15,0.9804646968841553,0.0022162678626045816,0.1003662109375,-0.0025441198340558913,0.009408431,0.9229015581309795,16840,0.0003,-0.011201424524188042,0.2,0.15422222018241882
,0.01,-6.863014370000001,,6907584,4401,,954,887,,595.15,0.9361599683761597,0.004305844008194981,0.097509765625,-0.0024156801162462218,0.008492409,0.9251552056521177,16850,0.0003,-0.0024602804332971573,0.2,0.15457108616828918
,0.01,-7.03307637,,6911680,4405,,955,887,,595.15,0.9648481011390686,0.003325801988103194,0.0902587890625,-0.00175367372285109,0.008323904,0.9166564259678125,16860,0.0003,0.00729488767683506,0.2,0.1556241512298584
,0.01,-7.002546309999999,,6915776,4409,,956,888,,595.15,0.9794259667396545,0.002427268772953539,0.111328125,-0.006413359762518667,0.008898695,0.9097088478505612,16870,0.0003,-0.005744852125644684,0.2,0.15552963316440582
,0.0,-7.408292390000001,,6919872,4412,,957,888,,600.0,0.9642492532730103,0.0062988176538056,0.1070068359375,-0.008700205820787232,0.008667078,0.9030909769237041,16880,0.0003,-0.0038998557720333338,0.2,0.15672217309474945
,0.0,-7.41699706,,6923968,4416,,958,888,,600.0,0.990622341632843,0.0011133420441183262,0.112890625,-0.000936902005923912,0.008115965,0.8945864908397198,16890,0.0003,-0.013641451485455036,0.2,0.15662240982055664
,0.0,-7.41588847,,6928064,4419,,959,888,,600.0,0.9864065647125244,0.001716987667259673,0.1013916015625,-0.0014411095849936827,0.008780877,0.9022757258266211,16900,0.0003,0.002567081246525049,0.2,0.15575319528579712
,0.0,-7.30365359,,6932160,4423,,960,888,,600.0,0.9947109222412109,0.0007074428252053621,0.08017578125,-0.00253973450162448,0.006081572,0.9058249559253454,16910,0.0003,0.00024956333800219,0.2,0.1555878072977066
,0.0,-7.3331451,,6936256,4427,,961,889,,600.0,0.9780876636505127,0.0023327688864810624,0.085986328125,-0.0023843589180614798,0.007970958,0.8989711225032806,16920,0.0003,-0.0028834291733801365,0.2,0.1569298505783081
,0.0,-6.94172412,,6940352,4431,,962,889,,600.0,0.9891932606697083,0.00147107802949904,0.1041015625,-0.003837241674773395,0.01034591,0.9112876556813717,16930,0.0003,-0.0014892802573740482,0.2,0.15424305200576782
,0.0,-7.11758626,,6944448,4435,,963,889,,600.0,0.9830584526062012,0.0018278145951626356,0.0999755859375,-0.005978231919289101,0.008956026,0.9330722309648991,16940,0.0003,0.0009778859093785286,0.2,0.1534566581249237
,0.01,-6.494688120000001,,6948544,4439,,964,889,,595.28,0.9498758912086487,0.006906953480211087,0.1334716796875,-0.007333828503033146,0.010425525,0.9491190697997809,16950,0.0003,-0.021395711228251457,0.2,0.15174557268619537
,0.01,-6.053490130000001,,6952640,4443,,965,889,,595.28,0.6561423540115356,0.05408139889477752,0.1188232421875,-0.003248580143554136,0.0092795575,0.9645292103290558,16960,0.0003,0.00042629148811101913,0.2,0.15107494592666626
,0.01,-5.795192879999999,,6956736,4446,,966,889,,595.28,0.9522167444229126,0.002091439709511178,0.1280517578125,-0.004685856870491989,0.008633984,0.9691564992070199,16970,0.0003,-0.0010355040431022644,0.2,0.15115556120872498
,0.01,-5.856034940000001,,6960832,4450,,967,889,,595.28,0.9538471698760986,0.0051975663627672475,0.097998046875,-0.00473640383570455,0.009243145,0.988178264349699,16980,0.0003,0.006674419157207012,0.2,0.14768289029598236
,0.01,-5.782843459999999,,6964928,4454,,968,890,,595.28,0.9906143546104431,0.0007233336222270736,0.09091796875,0.0014523098099743948,0.006510343,1.0133250199258328,16990,0.0003,-0.016421187669038773,0.2,0.14731869101524353
,0.01,-5.773766649999999,,6969024,4458,,969,890,,595.28,0.8364054560661316,0.026213369317702018,0.0734619140625,-0.0023502974538132547,0.0074989176,0.9998907327651978,17000,0.0003,-0.0032923761755228043,0.2,0.14924970269203186
,0.01,-5.748609759999998,,6973120,4462,,970,890,,595.28,0.9495546221733093,0.01695608702284517,0.07060546875,-0.001346001600904856,0.008546315,0.9886047214269638,17010,0.0003,0.005416979547590017,0.2,0.1488131284713745
,0.01,-5.72196827,,6977216,4466,,971,890,,595.28,0.9797197580337524,0.003809762838500319,0.0693359375,-0.0006602696550544352,0.00487065,0.987606891617179,17020,0.0003,0.014183500781655312,0.2,0.14959484338760376
,0.01,-5.211717739999999,,6981312,4469,,972,890,,595.28,0.9594952464103699,0.004215602474869229,0.097900390625,-0.0036317840364063158,0.009757871,0.9741643965244293,17030,0.0003,0.009371807798743248,0.2,0.15052416920661926
,0.02,-5.06352153,,6985408,4473,,973,890,,589.72,0.9532315731048584,0.008794002649665345,0.114208984375,-0.003166290872832178,0.011535404,0.9613794524222612,17040,0.0003,-0.0005227178335189819,0.2,0.15122279524803162
,0.02,-5.17027037,,6989504,4477,,974,890,,589.72,0.7594898343086243,0.050792380954226245,0.0793212890625,-0.0017996120084717404,0.00819519,0.964661106839776,17050,0.0003,0.0005415612831711769,0.2,0.15001152455806732
,0.02,-5.145855290000001,,6993600,4481,,975,891,,589.72,0.9633359313011169,0.0035868231545464367,0.0715087890625,0.00021487023041117937,0.0071997987,0.9743956759572029,17060,0.0003,0.004900675266981125,0.2,0.1497906595468521
,0.02,-4.87091877,,6997696,4485,,976,891,,589.72,0.9445014595985413,0.0013351533663808369,0.0884521484375,-0.004080203881312627,0.007659286,0.9841725915670395,17070,0.0003,-0.008464573882520199,0.2,0.14857132732868195
24.63484554192823,0.02,-4.8816348099999995,0.0636467254044435,7001792,4501,0.1475485079199882,977,889,0.0,589.72,0.9709085822105408,0.0010720676536948304,0.081005859375,-0.004329896472336258,0.008307468,0.9935273732990026,17080,0.0003,0.006123825442045927,0.2,0.1485077142715454
,0.01,-4.90287424,,7005888,4504,,978,889,,594.44,0.9784632921218872,0.0021816398493683664,0.13017578125,-0.00806302317578229,0.010653131,0.9967415064573288,17090,0.0003,-0.0073608700186014175,0.2,0.14805281162261963
,0.01,-4.95899935,,7009984,4508,,979,889,,594.44,0.9676456451416016,0.0024379303518799133,0.0878173828125,-0.003029801575758029,0.008872374,1.0011698782444,17100,0.0003,0.0010052949655801058,0.2,0.1477949321269989
,0.01,-5.04900306,,7014080,4511,,980,889,,594.44,0.9171708822250366,0.010967439177329652,0.0892578125,-0.0013243308843811975,0.007765917,1.002060990035534,17110,0.0003,-0.004274806473404169,0.2,0.14774006605148315
,0.01,-5.14070133,,7018176,4515,,981,889,,594.44,0.9891283512115479,0.0010053673740912927,0.0980224609375,-0.006034137117967475,0.0072509893,1.0053207919001579,17120,0.0003,-0.0013896111631765962,0.2,0.1472565233707428
,0.01,-5.052777750000001,,7022272,4518,,982,890,,594.44,0.8865728378295898,0.007397911587031558,0.105908203125,-0.0022947809455217795,0.009663132,1.0119873747229575,17130,0.0003,-0.010528311133384705,0.2,0.14653731882572174
,0.01,-4.98736002,,7026368,4522,,983,890,,594.44,0.9480338096618652,0.007431332875421503,0.08486328125,-0.003404622513335198,0.006841241,1.0265756197273732,17140,0.0003,-0.010730316862463951,0.2,0.1452132761478424
,0.01,-5.159855049999999,,7030464,4526,,984,890,,594.44,0.9494950771331787,0.008038386674161301,0.116162109375,-0.005116080619336572,0.011646178,1.026813667267561,17150,0.0003,0.005531866569072008,0.2,0.14680269360542297
,0.01,-5.10710556,,7034560,4530,,985,890,,594.44,0.9682166576385498,0.0031799070078704973,0.08544921875,-0.0038344240689184516,0.007853522,1.0161571711301804,17160,0.0003,-0.0043578180484473705,0.2,0.1468508243560791
,0.01,-5.48011414,,7038656,4534,,986,890,,594.44,0.8655062317848206,0.010644697797397384,0.08232421875,-0.00118496666837018,0.0082199015,1.0262821160256863,17170,0.0003,0.001205144333653152,0.2,0.14554110169410706
,0.01,-5.68752982,,7042752,4538,,987,890,,594.44,0.9421982169151306,0.004783723361470038,0.1064208984375,-0.0011632240057224408,0.00709347,1.0279699727892875,17180,0.0003,-0.0012907023774459958,0.2,0.14651672542095184
,0.0,-5.87601936,,7046848,4542,,988,890,,600.0,0.9712628722190857,0.0018987973433468141,0.127392578125,-0.0022319965122733266,0.008912734,1.0242056995630264,17190,0.0003,-0.0002729950938373804,0.2,0.14590951800346375
,0.0,-5.803282949999999,,7050944,4546,,989,891,,600.0,0.8964601159095764,0.005186597292777151,0.13310546875,-0.002997566586418543,0.012690085,1.0209751762449741,17200,0.0003,-0.010369646362960339,0.2,0.14702937006950378
,0.0,-6.2362990300000005,,7055040,4550,,990,891,,600.0,0.9737662672996521,0.0015681508333727835,0.0978759765625,-0.00507331176486332,0.010690503,1.0100155979394914,17210,0.0003,-0.013085599057376385,0.2,0.14762791991233826
,0.0,-6.10793417,,7059136,4554,,991,891,,600.0,0.9676151275634766,0.001870425249580876,0.08486328125,-0.0014671449695015325,0.0067694653,0.988502274826169,17220,0.0003,-0.0021022334694862366,0.2,0.14923304319381714
,0.0,-6.235348650000001,,7063232,4558,,992,891,,600.0,0.8674703240394592,0.018944068749260624,0.07685546875,-0.003919555003813002,0.007442879,0.9875604942440986,17230,0.0003,0.007250055205076933,0.2,0.14804822206497192
,0.0,-6.25337015,,7067328,4561,,993,891,,600.0,0.9596583247184753,0.004225120432965923,0.095849609375,-0.0012764719605911524,0.010015242,0.9931192569434643,17240,0.0003,-0.008527112193405628,0.2,0.14805766940116882
,0.0,-6.267393579999999,,7071424,4565,,994,891,,600.0,0.9361838102340698,0.0060627436789218335,0.10400390625,-0.0030447059907601215,0.0067211874,0.9857772458344698,17250,0.0003,0.020534709095954895,0.2,0.1492813378572464
,0.0,-6.16968631,,7075520,4569,,995,891,,600.0,0.9610756039619446,0.004108998390438501,0.0967529296875,-0.0016128286661114544,0.0068807825,0.9722891911864281,17260,0.0003,0.019177641719579697,0.2,0.1498153656721115
,0.0,-6.3049612,,7079616,4573,,996,891,,600.0,0.9783069491386414,0.001508051353812334,0.12900390625,-0.005035682216112036,0.011545215,0.972085141018033,17270,0.0003,-0.0007492584409192204,0.2,0.14947548508644104
,0.0,-6.0695161,,7083712,4577,,997,892,,600.0,0.9920258522033691,0.0009392886122441269,0.09716796875,-0.0026163786576944405,0.009408863,0.9678028296679259,17280,0.0003,-0.001210537157021463,0.2,0.15036340057849884
,0.0,-6.05373595,,7087808,4581,,998,892,,600.0,0.9861789345741272,0.0020397510263137518,0.1078125,-0.005516246809565928,0.010600844,0.9673279207199812,17290,0.0003,-0.006340919528156519,0.2,0.14960697293281555
,0.0,-5.720432590000001,,7091904,4585,,999,892,,600.0,0.9598901271820068,0.003973749896249501,0.089453125,-0.0028340231627225878,0.00902779,0.9837215930223465,17300,0.0003,-0.012248603627085686,0.2,0.1483161747455597
,0.0,-5.31803892,,7096000,4589,,1000,892,,600.0,0.9680628776550293,0.0020617920548829717,0.1091796875,-0.005297036001138622,0.011163719,0.9892221044749021,17310,0.0003,-0.01072582695633173,0.2,0.14836238324642181
24.754284396569496,0.0,-5.050387139999999,0.08205257436050123,7100096,4605,0.5194546339330339,1001,890,0.0,600.0,0.9872596859931946,0.000441030747606419,0.1295166015625,-0.004002950564608909,0.010685215,0.9867627929896117,17320,0.0003,-0.007270513102412224,0.2,0.14886373281478882
,0.0,-4.81457435,,7104192,4608,,1002,890,,600.0,0.9790564179420471,0.0013256990358058828,0.073828125,-0.0033597614281461576,0.007296906,0.9821088269352913,17330,0.0003,-0.003994366154074669,0.2,0.14886456727981567
,0.0,-4.919641299999999,,7108288,4612,,1003,890,,600.0,0.9557395577430725,0.005339119095879141,0.0783935546875,-0.0036446846635953987,0.00618033,0.9820363003760576,17340,0.0003,-0.015001669526100159,0.2,0.14882288873195648
,0.0,-5.152482889999999,,7112384,4616,,1004,890,,600.0,0.9520363807678223,0.007025384277221746,0.0885009765625,-0.004360033449120238,0.007320539,0.9778584551066161,17350,0.0003,-0.0020227774512022734,0.2,0.1491847038269043
,0.0,-5.148282929999999,,7116480,4619,,1005,891,,600.0,0.9703750610351562,0.0022202135556653956,0.0646240234375,-0.0019557468258426525,0.0054043625,0.9684854093939066,17360,0.0003,0.016793658956885338,0.2,0.15019315481185913
,0.0,-5.235353689999999,,7120576,4623,,1006,891,,600.0,0.9523613452911377,0.005049922063699341,0.100927734375,-0.003335378202609718,0.009096289,0.9469376798719168,17370,0.0003,-0.006490342319011688,0.2,0.15257912874221802
,0.0,-5.13417153,,7124672,4627,,1007,891,,600.0,0.9566453695297241,0.0058959083449735775,0.1061767578125,-0.005976738718163688,0.008717034,0.9340932238847017,17380,0.0003,-0.004585892893373966,0.2,0.15206828713417053
,0.0,-5.05234407,,7128768,4630,,1008,891,,600.0,0.9635202884674072,0.001113096259177837,0.0912841796875,-8.546503813704476e-05,0.0077478727,0.9334972195327282,17390,0.0003,-0.009456201456487179,0.2,0.15270882844924927
,0.0,-5.11968101,,7132864,4634,,1009,891,,600.0,0.9826831221580505,0.0021895722980843856,0.102490234375,-0.003997899703972507,0.006422865,0.934166457876563,17400,0.0003,-0.014959207735955715,0.2,0.15195715427398682
,0.0,-5.573543589999999,,7136960,4639,,1010,891,,600.0,0.9727249145507812,0.004448731344382395,0.08193359375,-0.0026201605025562456,0.008602761,0.9366698585450649,17410,0.0003,0.011666710488498211,0.2,0.15234170854091644
,0.0,-5.462081599999999,,7141056,4642,,1011,891,,600.0,0.9759756326675415,0.001860776087596605,0.095751953125,-0.004808056214824319,0.009481211,0.9396177034825086,17420,0.0003,-0.010805345140397549,0.2,0.15162992477416992
,0.0,-5.28070124,,7145152,4646,,1012,892,,600.0,0.9691593647003174,0.001174396730857552,0.1146728515625,-0.005690861394396052,0.010280618,0.933469756692648,17430,0.0003,-0.012905502691864967,0.2,0.15346255898475647
,0.0,-5.14129274,,7149248,4650,,1013,892,,600.0,0.9785856604576111,0.0007491401949664578,0.084033203125,-0.0024706767144380137,0.0065457337,0.9345834005624056,17440,0.0003,-0.0061074718832969666,0.2,0.15118610858917236
,0.0,-5.246519849999999,,7153344,4654,,1014,892,,600.0,0.9734230637550354,0.0036089353672650757,0.078515625,-0.002835327509092167,0.008067481,0.9443176712840795,17450,0.0003,0.003377391956746578,0.2,0.15198031067848206
,0.0,-5.1447309,,7157440,4658,,1015,892,,600.0,0.9656925201416016,0.000629420234781719,0.0836669921875,-0.0012800230688299052,0.0071958783,0.9503361593931914,17460,0.0003,0.008681563660502434,0.2,0.15084314346313477
,0.0,-5.48311189,,7161536,4662,,1016,892,,600.0,0.9888330101966858,0.00243804562742298,0.137646484375,-0.006023080130398739,0.008889085,0.9531462624669075,17470,0.0003,0.0050550345331430435,0.2,0.1511601358652115
,0.0,-5.44748552,,7165632,4666,,1017,892,,600.0,0.9763529896736145,0.0054184223401534835,0.107275390625,-0.0022648794343695044,0.007813907,0.9589766442775727,17480,0.0003,0.008912025019526482,0.2,0.14993879199028015
,0.0,-5.19361234,,7169728,4670,,1018,892,,600.0,0.9862105846405029,0.002090194023185177,0.089111328125,0.0004339636318036355,0.0074172365,0.963229839131236,17490,0.0003,-0.005656364373862743,0.2,0.15039664506912231
,0.0,-4.871639500000001,,7173824,4674,,1019,892,,600.0,0.9825302958488464,0.001016287091988488,0.1204345703125,-0.0014495493727736176,0.013385864,0.9660253331065178,17500,0.0003,-0.006822784896939993,0.2,0.1497054398059845
,0.0,-4.7856518800000005,,7177920,4678,,1020,893,,600.0,0.9849129319190979,0.0014388189114470152,0.090283203125,-0.004192144960688893,0.011831347,0.9619361098855734,17510,0.0003,-0.007071285508573055,0.2,0.15091189742088318
,0.0,-4.8010749200000005,,7182016,4682,,1021,893,,600.0,0.9802992343902588,0.0024484300880430964,0.116650390625,-0.006239143201673869,0.009089509,0.9681073304265737,17520,0.0003,-0.006321354769170284,0.2,0.14861562848091125
,0.0,-4.71990719,,7186112,4686,,1022,893,,600.0,0.8701678514480591,0.0016897640341994701,0.075830078125,-0.003071243227168452,0.008210449,1.0007051724940539,17530,0.0003,0.003710282500833273,0.2,0.14606337249279022
,0.0,-4.77241545,,7190208,4690,,1023,893,,600.0,0.9506599307060242,0.0037670717254513876,0.1125732421875,-0.0038800784284831026,0.010498085,1.0210883036255836,17540,0.0003,-0.0017034437041729689,0.2,0.1456892490386963
,0.0,-4.548332630000001,,7194304,4694,,1024,893,,600.0,0.9072738885879517,0.006728395635946072,0.0722900390625,-0.001277780130476458,0.010391559,1.015811475366354,17550,0.0003,0.024483684450387955,0.2,0.14638486504554749
,0.01,-4.40650206,,7198400,4698,,1025,893,,596.08,0.9209777116775513,0.012430438683804824,0.0856689453125,-0.003197243390604854,0.007284046,1.0166286468505858,17560,0.0003,-0.002433900022879243,0.2,0.14545908570289612
24.67444874083933,0.01,-4.30269574,0.062106689299646946,7202496,4713,0.1705788945046236,1026,891,0.0,596.08,0.6482490301132202,0.040735712470996076,0.0951904296875,-0.006018326332559809,0.011046314,1.0399056054651736,17570,0.0003,-0.002001781016588211,0.2,0.14324302971363068
,0.01,-4.36184749,,7206592,4717,,1027,891,,596.08,0.9806478023529053,0.0007754205631499645,0.0778564453125,-0.00017479322559665889,0.0070735235,1.0613506138324738,17580,0.0003,0.008121170103549957,0.2,0.1423981785774231
,0.01,-4.316045229999999,,7210688,4721,,1028,891,,596.08,0.8874082565307617,0.002758119477039145,0.063671875,-0.002948382528120419,0.0055759745,1.0626957997679711,17590,0.0003,-0.004040793515741825,0.2,0.14282850921154022
,0.01,-4.39069984,,7214784,4725,,1029,892,,596.08,0.8339718580245972,0.006184305854549166,0.0823486328125,-0.0024612135930510703,0.0059092618,1.0651828318834304,17600,0.0003,-0.0034544840455055237,0.2,0.14224061369895935
,0.02,-4.02217213,,7218880,4728,,1030,892,,591.01,0.9685156345367432,0.0037218086999928346,0.0829833984375,-0.0008530861829058267,0.0066901743,1.0689529925584793,17610,0.0003,0.002042002510279417,0.2,0.14204177260398865
,0.03,-3.49620493,,7222976,4732,,1031,892,,585.53,0.16653692722320557,0.08037362650429714,0.0999267578125,-0.003065732003597077,0.0116651505,1.0886166632175445,17620,0.0003,-0.003533888841047883,0.2,0.1397460401058197
,0.03,-3.408886270000001,,7227072,4735,,1032,892,,585.53,0.2422458529472351,0.06746681251461269,0.12177734375,-0.0031657330880989322,0.010906259,1.127014909684658,17630,0.0003,0.004704511724412441,0.2,0.13673555850982666
,0.03,-3.7413931499999995,,7231168,4740,,1033,892,,585.53,0.9174500107765198,0.003131675975600956,0.1108154296875,-0.004104744062351529,0.009346276,1.1538290902972221,17640,0.0003,0.0017241928726434708,0.2,0.1363665759563446
,0.03,-3.65658951,,7235264,4743,,1034,892,,585.53,0.925944447517395,0.02887616586231161,0.1113525390625,-0.003104069446271751,0.008507347,1.1498381860554219,17650,0.0003,0.006265757605433464,0.2,0.1366872787475586
,0.04,-3.4629585699999996,,7239360,4747,,1035,892,,580.75,0.9352759122848511,0.007460696538691991,0.073876953125,0.000999440399755258,0.0071701542,1.14518384039402,17660,0.0003,0.005421197507530451,0.2,0.13707482814788818
,0.04,-3.5546553,,7243456,4751,,1036,893,,580.75,0.9021262526512146,0.028782432885782326,0.1168212890625,-0.005032239311549347,0.0070391754,1.150436906516552,17670,0.0003,-0.011323558166623116,0.2,0.13610923290252686
,0.04,-3.73679762,,7247552,4755,,1037,893,,580.75,0.921494722366333,0.010604161707306048,0.089794921875,-0.002732244104845449,0.008837491,1.1568927124142647,17680,0.0003,-0.010248429141938686,0.2,0.13638374209403992
,0.04,-3.5470907800000004,,7251648,4759,,1038,893,,580.75,0.9389614462852478,0.00783630190853728,0.0966552734375,-0.0030217902894946747,0.005792356,1.1544123083353042,17690,0.0003,-0.003136706305667758,0.2,0.13633544743061066
,0.04,-3.6780292099999996,,7255744,4763,,1039,893,,580.75,0.7364155054092407,0.05746083488047589,0.077587890625,-0.008805418021802324,0.00827276,1.1474313326179981,17700,0.0003,-0.00893421284854412,0.2,0.13724775612354279
,0.03,-3.8573934,,7259840,4767,,1040,893,,584.67,0.9019070267677307,0.03514956672734115,0.08662109375,-0.0007448521071637515,0.006749641,1.124684927612543,17710,0.0003,0.017095418646931648,0.2,0.13940249383449554
,0.03,-4.039744529999999,,7263936,4771,,1041,893,,584.67,0.8623901009559631,0.005497021345945541,0.0902587890625,-0.005165252147708088,0.008358272,1.1010762244462966,17720,0.0003,-0.018887050449848175,0.2,0.1405288130044937
,0.03,-4.174744899999999,,7268032,4775,,1042,893,,584.67,0.9084365367889404,0.0016541518465601258,0.0845458984375,-0.0006388724941643886,0.0076462342,1.0875652611255646,17730,0.0003,-0.015045911073684692,0.2,0.14115077257156372
,0.03,-4.27899497,,7272128,4779,,1043,893,,584.67,0.8810632824897766,0.008464409855150734,0.07509765625,-0.0065892993821762506,0.007465464,1.0876379176974296,17740,0.0003,-0.0050063356757164,0.2,0.1404750645160675
,0.03,-4.151452439999999,,7276224,4783,,1044,894,,584.67,0.9376561045646667,0.009334335259336513,0.090771484375,-0.008395572481094859,0.009291291,1.0940262742340565,17750,0.0003,0.003038631519302726,0.2,0.14035098254680634
,0.01,-4.308752199999999,,7280320,4786,,1045,894,,595.22,0.9311214089393616,0.0027196797898795923,0.067333984375,-0.0015503699658438563,0.0064636683,1.0898339457809925,17760,0.0003,0.028492579236626625,0.2,0.14058077335357666
,0.01,-4.5659554,,7284416,4790,,1046,894,,595.22,0.8476489782333374,0.003112503253578325,0.093359375,-0.0007893353649706114,0.011205983,1.0954154185950755,17770,0.0003,-0.00013907707761973143,0.2,0.13969705998897552
,0.01,-4.553941609999999,,7288512,4795,,1047,894,,595.22,0.9326441287994385,0.007453183156030718,0.0710693359375,-0.0031825263751670716,0.008184112,1.0954748123884201,17780,0.0003,-0.001207761699333787,0.2,0.14057481288909912
,0.01,-4.359576809999999,,7292608,4799,,1048,894,,595.22,0.9460471868515015,0.0049416381651099075,0.1082275390625,-0.005459045142924879,0.0076339333,1.0911181770265101,17790,0.0003,0.008063731715083122,0.2,0.14033827185630798
,0.0,-5.020516639999999,,7296704,4802,,1049,894,,600.0,0.9132433533668518,0.009778172824007924,0.083203125,-0.005956346604216378,0.007140992,1.086330596357584,17800,0.0003,-0.016467388719320297,0.2,0.1414601355791092
24.31386403720598,0.0,-5.419893320000001,0.07547784890103448,7300800,4818,0.3221632451770614,1050,892,0.0,600.0,0.8981355428695679,0.016312413397827186,0.089599609375,-0.005293378648639191,0.008023661,1.0696073658764362,17810,0.0003,-0.01238157693296671,0.2,0.1423642933368683
,0.0,-5.24689425,,7304896,4822,,1051,892,,600.0,0.90831458568573,0.008719354527420365,0.0880615234375,-0.004090514459676342,0.009379353,1.0632801532745362,17820,0.0003,0.007090124301612377,0.2,0.14267796277999878
,0.0,-5.14345549,,7308992,4826,,1052,892,,600.0,0.9748542308807373,0.0021194823655605434,0.0885009765625,-0.0026900918281171473,0.010361483,1.0548229940235614,17830,0.0003,-0.003663613460958004,0.2,0.14320999383926392
,0.0,-5.247348280000001,,7313088,4829,,1053,893,,600.0,0.9468794465065002,0.014705609772499883,0.1080322265625,-0.00672033380396897,0.0104349125,1.0428267210721969,17840,0.0003,-0.005167191848158836,0.2,0.1444328874349594
,0.0,-5.08603814,,7317184,4833,,1054,893,,600.0,0.9864971041679382,0.0011665561074551078,0.08056640625,-0.004678024811437353,0.0063942387,1.0397380471229554,17850,0.0003,-0.004498271271586418,0.2,0.1437820941209793
,0.01,-4.975178499999999,,7321280,4836,,1055,893,,595.89,0.9585193395614624,0.004519198584603146,0.095751953125,-0.00435887947678566,0.008630171,1.0481518298387527,17860,0.0003,-0.003309790976345539,0.2,0.14337164163589478
,0.01,-4.93198682,,7325376,4840,,1056,893,,595.89,0.8717446327209473,0.04364952408650424,0.0891845703125,-0.00448136599661666,0.008421065,1.0395449459552766,17870,0.0003,0.0009799967519938946,0.2,0.14443163573741913
,0.01,-4.866121479999999,,7329472,4844,,1057,893,,595.89,0.8913911581039429,0.01671310461242683,0.11201171875,-0.007517738467140589,0.011409817,1.0408126838505267,17880,0.0003,-0.00972539559006691,0.2,0.1433088183403015
,0.01,-4.989217030000001,,7333568,4848,,1058,893,,595.89,0.9574532508850098,0.0024172853383788604,0.093115234375,-0.002977295118034817,0.008924355,1.0581553108990192,17890,0.0003,-0.004524572286754847,0.2,0.14259235560894012
,0.01,-5.036543269999999,,7337664,4852,,1059,893,,595.89,0.9565187096595764,0.0031735100223158953,0.07861328125,-0.0009353104542242363,0.0061299065,1.0602541916072368,17900,0.0003,-1.524033723399043e-05,0.2,0.14280936121940613
,0.01,-5.37160503,,7341760,4856,,1060,894,,595.89,0.9304581880569458,0.0067386636437731795,0.1002197265625,-0.0037402561720227823,0.0070948564,1.0659201011061668,17910,0.0003,-0.0037577811162918806,0.2,0.1418522745370865
,0.01,-5.31626189,,7345856,4860,,1061,894,,595.89,0.9031622409820557,0.004244564025430009,0.1080810546875,-4.914882447337732e-05,0.008539004,1.0605940118432045,17920,0.0003,0.013356612995266914,0.2,0.14352750778198242
,0.01,-5.278869269999999,,7349952,4864,,1062,894,,595.89,0.958723247051239,0.005850198749976698,0.1052734375,-0.002906945387076121,0.007628407,1.0473047897219658,17930,0.0003,-0.004523685202002525,0.2,0.14360693097114563
,0.01,-5.00392716,,7354048,4868,,1063,894,,595.89,0.974891722202301,0.006024250097107142,0.098486328125,-0.0037905271332419944,0.00858082,1.0472558051347733,17940,0.0003,-0.0016068865079432726,0.2,0.14380408823490143
,0.01,-4.64907232,,7358144,4872,,1064,894,,595.89,0.9711946845054626,0.0058956282773579005,0.0912109375,-0.004419756325660273,0.0071329633,1.0483176752924919,17950,0.0003,-0.016267452389001846,0.2,0.1430988311767578
,0.01,-4.77744964,,7362240,4876,,1065,894,,595.89,0.975680410861969,0.005993584638781612,0.1277099609375,-0.005707387895381544,0.012052765,1.055721753835678,17960,0.0003,-0.007617321331053972,0.2,0.14280056953430176
,0.01,-4.754728,,7366336,4879,,1066,894,,595.89,0.9841903448104858,0.0019579435205741903,0.07998046875,-0.002469210344133899,0.007023567,1.0610039085149765,17970,0.0003,-0.008244143798947334,0.2,0.14242051541805267
,0.02,-4.3210466400000005,,7370432,4883,,1067,894,,590.49,0.9628828763961792,0.0020597387039742896,0.07392578125,-0.001743758050724864,0.0060994267,1.0766758039593696,17980,0.0003,-0.000851750373840332,0.2,0.1406400203704834
,0.02,-4.4785308100000005,,7374528,4887,,1068,895,,590.49,0.42552292346954346,0.1375530921664904,0.076220703125,-1.5123705088626593e-05,0.007968947,1.0948537811636925,17990,0.0003,0.007397014647722244,0.2,0.1399839073419571
,0.03,-4.167192880000001,,7378624,4891,,1069,895,,583.6,0.9579389095306396,0.0008020529693567368,0.0844482421875,-0.0006775591755285859,0.007641469,1.097365316748619,18000,0.0003,-0.00393786421045661,0.2,0.14010436832904816
,0.04,-3.9468933100000005,,7382720,4895,,1070,895,,578.4,0.848334789276123,0.09814697213296313,0.0845703125,-0.003728614807187114,0.008274513,1.111754845827818,18010,0.0003,0.00023437594063580036,0.2,0.13797059655189514
,0.04,-3.9848374399999993,,7386816,4899,,1071,895,,578.4,0.9442027807235718,0.0316896615549922,0.0801513671875,-0.004290097489138134,0.008525017,1.1362996630370616,18020,0.0003,0.012946085073053837,0.2,0.1367836594581604
,0.04,-4.224770529999999,,7390912,4903,,1072,895,,578.4,0.7734379768371582,0.06099040508561302,0.088818359375,-0.006277560761373024,0.0073070237,1.1458092093467713,18030,0.0003,-0.01245509460568428,0.2,0.1366443932056427
,0.04,-4.21550563,,7395008,4907,,1073,895,,578.4,0.9182801842689514,0.04866817504807841,0.0757080078125,-0.003452453078352846,0.0059935446,1.1520989120006562,18040,0.0003,0.041902828961610794,0.2,0.13607361912727356
,0.04,-3.95660966,,7399104,4911,,1074,895,,578.4,0.9561353921890259,0.012615043345431332,0.0834716796875,-0.0021852503370610064,0.007932222,1.1558256916701795,18050,0.0003,0.0007448038086295128,0.2,0.13608208298683167
24.210320825034266,0.04,-3.91862044,0.09393990666741034,7403200,4926,0.35029232362857443,1075,893,0.0,578.4,0.9583664536476135,0.0032862777399714103,0.095849609375,-0.002904071759257931,0.008461787,1.1458011202514171,18060,0.0003,-0.003561168909072876,0.2,0.1372591257095337
,0.04,-3.82103547,,7407296,4930,,1076,893,,578.4,0.9847449064254761,0.002973247847876337,0.1385009765625,-0.0049335158721078185,0.010506479,1.142813116312027,18070,0.0003,0.001677901716902852,0.2,0.13630209863185883
,0.04,-3.799260049999999,,7411392,4934,,1077,894,,578.4,0.8392660617828369,0.010242427507546382,0.0728271484375,-0.002479091423447244,0.007973203,1.1543650783598423,18080,0.0003,0.006725470535457134,0.2,0.13574275374412537
,0.04,-3.56156923,,7415488,4938,,1078,894,,578.4,0.9453331828117371,0.0011181666188349482,0.1102783203125,-0.0018868376821046696,0.009122846,1.1537997141480445,18090,0.0003,0.009234106168150902,0.2,0.13676145672798157
,0.05,-3.37780939,,7419584,4941,,1079,894,,576.19,0.9542537331581116,0.0022464742562078753,0.1057861328125,-0.004775516348308884,0.00840178,1.1370361797511577,18100,0.0003,0.007677860092371702,0.2,0.13767431676387787
,0.05,-3.13448286,,7423680,4945,,1080,894,,576.19,0.20606571435928345,0.06432641170104034,0.101708984375,-0.000461062645263155,0.010659129,1.1403047390282155,18110,0.0003,0.011712844483554363,0.2,0.13633382320404053
,0.04,-3.3690373900000004,,7427776,4948,,1081,894,,581.59,0.7514671087265015,0.005282134268054506,0.0893310546875,-0.002032652009802405,0.00806645,1.1553468205034734,18120,0.0003,0.00743959192186594,0.2,0.13591469824314117
,0.04,-3.2506041600000004,,7431872,4952,,1082,894,,581.59,0.9575983285903931,0.0010801837453982444,0.101953125,0.0006241771407076158,0.00955245,1.1535230092704296,18130,0.0003,-0.0029661045409739017,0.2,0.13649418950080872
,0.04,-3.3437879000000006,,7435968,4956,,1083,894,,585.08,0.9411633014678955,0.007621897508215625,0.089208984375,-0.0005641696232487447,0.0068267686,1.1452882900834083,18140,0.0003,-0.0012737596407532692,0.2,0.13699835538864136
,0.02,-3.4233915299999995,,7440064,4960,,1084,895,,595.79,0.7773025035858154,0.033460977331560574,0.06748046875,-0.0003433513615163974,0.0056863213,1.1334550194442272,18150,0.0003,0.0075525809079408646,0.2,0.1377744823694229
,0.03,-3.1892635199999995,,7444160,4964,,1085,895,,590.88,0.9561104774475098,0.0020070722050149923,0.0802734375,-0.0055121521349065,0.007151628,1.1173801466822624,18160,0.0003,-0.007368959952145815,0.2,0.1395692527294159
,0.03,-2.8348520000000006,,7448256,4967,,1086,895,,590.88,0.9175614714622498,0.029613573061942587,0.076904296875,-0.0020668161334469913,0.0073188236,1.1145046666264533,18170,0.0003,-0.016727887094020844,0.2,0.13815301656723022
,0.04,-2.7236553900000002,,7452352,4971,,1087,895,,586.05,0.8364001512527466,0.009266856356407515,0.06826171875,-0.0026156291234656235,0.005804069,1.1248512730002402,18180,0.0003,-0.0009513958357274532,0.2,0.13807395100593567
,0.04,-2.71916289,,7456448,4975,,1088,895,,586.05,0.8279018402099609,0.032636461869697084,0.07626953125,-0.002715749260096345,0.0065370705,1.1241541877388954,18190,0.0003,0.00235556298866868,0.2,0.13801681995391846
,0.05,-3.0905595,,7460544,4979,,1089,895,,581.17,0.9252942204475403,0.03397446075541666,0.0755615234375,-0.004687841943814419,0.007035276,1.1271354854106903,18200,0.0003,0.007940671406686306,0.2,0.13799980282783508
,0.05,-3.23926737,,7464640,4983,,1090,895,,581.17,0.9144903421401978,0.024205034296028317,0.07734375,-0.002722624714806443,0.005848201,1.1314881049096583,18210,0.0003,0.004086931236088276,0.2,0.13747715950012207
,0.05,-3.18351092,,7468736,4986,,1091,896,,581.17,0.9074919819831848,0.013896626708447001,0.10048828125,-0.0040890137599490116,0.007703879,1.1415109738707543,18220,0.0003,-0.010262264870107174,0.2,0.13671207427978516
,0.05,-3.49668554,,7472832,4990,,1092,896,,581.17,0.8534469604492188,0.00706838425830938,0.0723388671875,-0.0011504346344736404,0.0056899968,1.14661366045475,18230,0.0003,-0.005686433520168066,0.2,0.13691504299640656
,0.04,-3.7094974999999994,,7476928,4994,,1093,896,,583.38,0.8814969658851624,0.010524131402780768,0.1043701171875,0.0032393417044659146,0.009611219,1.1419125989079475,18240,0.0003,0.00040247722063213587,0.2,0.1375102400779724
,0.05,-3.79755295,,7481024,4998,,1094,896,,578.73,0.5299650430679321,0.01934086029359605,0.086474609375,-0.0013606040651211516,0.0076953773,1.1296154417097568,18250,0.0003,0.007115498650819063,0.2,0.13848717510700226
,0.05,-4.26058826,,7485120,5002,,1095,896,,578.73,0.9032067656517029,0.07119482104899362,0.0930419921875,-0.007067341781657887,0.008367123,1.1164562493562697,18260,0.0003,0.01648656092584133,0.2,0.13917633891105652
,0.06,-4.39299894,,7489216,5006,,1096,896,,575.35,0.9401410222053528,0.008927291846339358,0.1018798828125,-0.002940837100322824,0.009284574,1.1096418008208275,18270,0.0003,-0.0032019801437854767,0.2,0.13930875062942505
,0.05,-4.516623569999998,,7493312,5009,,1097,896,,577.35,0.9322822093963623,0.03198597724403953,0.0861328125,-0.0026781093678437174,0.0076007023,1.1122336946427822,18280,0.0003,0.004555488936603069,0.2,0.13903936743736267
,0.06,-4.422415499999999,,7497408,5013,,1098,897,,575.44,0.9723456501960754,0.002561685112232226,0.0932861328125,-0.000788473199645523,0.008098542,1.1006405338644982,18290,0.0003,0.0011934289941564202,0.2,0.14074492454528809
23.587042329535826,0.05,-4.68390473,0.0997699062268074,7501504,5029,0.5140456116412018,1099,895,0.0,580.35,0.816267192363739,0.03275536198998452,0.0947998046875,-0.0004702274512965232,0.009455124,1.0931797854602336,18300,0.0003,0.001818997785449028,0.2,0.1402517557144165
,0.05,-4.688243719999999,,7505600,5033,,1100,895,,580.35,0.9441890716552734,0.003933556262927596,0.1011474609375,-0.004330666633904912,0.008211817,1.0956080935895443,18310,0.0003,0.002512530190870166,0.2,0.14049991965293884
,0.04,-4.7441192899999995,,7509696,5037,,1101,895,,585.18,0.950698733329773,0.00800096842685889,0.0830078125,-0.0023633672230062076,0.0070316726,1.0912816561758518,18320,0.0003,-0.0126216234639287,0.2,0.1407114863395691
,0.04,-4.980055289999999,,7513792,5040,,1102,895,,585.18,0.8804793953895569,0.02690548672399018,0.11689453125,-0.005276349210180342,0.00997371,1.0926007948815823,18330,0.0003,0.00486028240993619,0.2,0.14023801684379578
,0.03,-4.75452329,,7517888,5044,,1103,895,,590.06,0.9370121955871582,0.007621776925225277,0.106103515625,0.002051007535192184,0.009071982,1.1086194545030594,18340,0.0003,0.0005578533746302128,0.2,0.1387324035167694
,0.04,-4.649475430000001,,7521984,5048,,1104,895,,586.73,0.8752254247665405,0.007112860483903205,0.09658203125,-0.003951929436152568,0.008243492,1.1303952559828758,18350,0.0003,-0.003909190651029348,0.2,0.13699758052825928
,0.04,-4.73708567,,7526080,5051,,1105,895,,586.73,0.7686426639556885,0.09535844321217155,0.09912109375,-0.0044175622402690354,0.009046169,1.1595091603696346,18360,0.0003,0.004719460383057594,0.2,0.13454067707061768
,0.05,-4.839971620000001,,7530176,5055,,1106,896,,582.38,0.9343279600143433,0.009384429032797926,0.0694091796875,-0.002270349839091068,0.0067502623,1.1729460418224336,18370,0.0003,0.010603546164929867,0.2,0.13480369746685028
,0.05,-4.53389275,,7534272,5059,,1107,896,,582.38,0.7256790995597839,0.08621639775810763,0.1077392578125,-0.0016296669244184158,0.011165261,1.1794338069856167,18380,0.0003,-0.004513169638812542,0.2,0.13373659551143646
,0.04,-4.55678991,,7538368,5063,,1108,896,,587.03,0.972173810005188,0.0015118186936888378,0.0988525390625,-0.0012026811760733835,0.0078624785,1.193955262750387,18390,0.0003,0.006192867178469896,0.2,0.13287138938903809
,0.04,-4.1804124400000005,,7542464,5067,,1109,896,,587.03,0.9492015242576599,0.0077228311642102195,0.1302490234375,-0.007376257389842067,0.011564427,1.18863715082407,18400,0.0003,-0.013831784948706627,0.2,0.1345823109149933
,0.04,-4.02310343,,7546560,5071,,1110,896,,587.03,0.9021955132484436,0.03367614118906204,0.102197265625,-0.005930310324038146,0.0086708665,1.172006993740797,18410,0.0003,-0.0028070579282939434,0.2,0.1348269283771515
,0.03,-4.13098958,,7550656,5075,,1111,896,,590.41,0.9704495668411255,0.007881169198662974,0.08984375,0.0005442963447421789,0.007286453,1.1730427667498589,18420,0.0003,-0.0008625760674476624,0.2,0.1344311237335205
,0.03,-4.23114773,,7554752,5079,,1112,896,,590.41,0.9608663320541382,0.00392887278139824,0.0908447265625,-0.0018110232122126035,0.008589834,1.1784566357731818,18430,0.0003,0.012309256941080093,0.2,0.13409343361854553
,0.03,-4.13611139,,7558848,5082,,1113,896,,587.69,0.9796672463417053,0.0024283180078782606,0.11669921875,-0.005859445025271271,0.010412852,1.1762146763503551,18440,0.0003,-0.01347171887755394,0.2,0.13457606732845306
,0.04,-4.0083648499999995,,7562944,5086,,1114,897,,584.6,0.9294853210449219,0.009950844203558518,0.0902099609375,-0.0029112283780705185,0.0070748953,1.181403813511133,18450,0.0003,0.003924769815057516,0.2,0.13379010558128357
,0.04,-4.07145919,,7567040,5090,,1115,897,,584.6,0.8318103551864624,0.040867284673731775,0.08154296875,-0.0028762097776052543,0.008179953,1.1896888755261898,18460,0.0003,-0.0027730814181268215,0.2,0.13297292590141296
,0.04,-4.16679843,,7571136,5094,,1116,897,,584.6,0.882911205291748,0.009897371016268152,0.0901611328125,-0.0032318111101631076,0.006532797,1.1857827194035053,18470,0.0003,-0.008837498724460602,0.2,0.13468638062477112
,0.04,-3.8614180900000004,,7575232,5098,,1117,897,,584.6,0.9675160050392151,0.005954145439682179,0.0825439453125,0.0007469636053428985,0.0066087563,1.1567016012966633,18480,0.0003,-0.011774245649576187,0.2,0.1366339474916458
,0.03,-4.1127538800000005,,7579328,5102,,1118,897,,587.93,0.9683763980865479,0.007780004373489646,0.08154296875,-4.46242222096771e-05,0.008128626,1.140560942143202,18490,0.0003,0.009876618161797523,0.2,0.13682156801223755
,0.03,-3.7464608499999996,,7583424,5106,,1119,897,,587.93,0.9806204438209534,0.001586832465181942,0.125830078125,-0.005969703708979068,0.011870069,1.1240013226866723,18500,0.0003,0.001315904431976378,0.2,0.1391502022743225
,0.02,-3.7952263600000005,,7587520,5110,,1120,897,,592.28,0.8834207653999329,0.006252493978172425,0.09365234375,-0.0036718618037411945,0.012768879,1.09170226380229,18510,0.0003,-0.0012711600866168737,0.2,0.14087945222854614
,0.02,-3.5966434100000004,,7591616,5114,,1121,897,,592.28,0.9042292833328247,0.0025161476281937213,0.110400390625,-0.0022563451377209274,0.010424741,1.0974139012396336,18520,0.0003,-0.01254033949226141,0.2,0.13863250613212585
,0.02,-3.7156667899999998,,7595712,5118,,1122,897,,592.28,0.9716833233833313,0.0019103054168226664,0.10703125,-0.002408155480225105,0.009658572,1.1163406193256378,18530,0.0003,-0.001631086110137403,0.2,0.13837850093841553
,0.02,-3.93105291,,7599808,5122,,1123,897,,592.28,0.950088620185852,0.007474820320203435,0.085107421875,-0.0075010679080151025,0.006342072,1.127650509774685,18540,0.0003,-0.0032825227826833725,0.2,0.13710962235927582
23.15101216671553,0.03,-3.8151376299999997,0.2167972310357782,7603904,5138,0.8111217293236073,1124,896,0.0,588.13,0.9831852912902832,0.0022094619474955835,0.0821044921875,-0.00439144468982704,0.0057823486,1.1429832965135573,18550,0.0003,-0.007888835854828358,0.2,0.13606086373329163
,0.04,-3.69359865,,7608000,5141,,1125,896,,584.72,0.7702512741088867,0.12492225575842894,0.1080322265625,-0.003947844433423597,0.011453267,1.1638493545353412,18560,0.0003,0.03463752567768097,0.2,0.134561687707901
,0.04,-3.78499416,,7612096,5145,,1126,896,,584.72,0.9318138957023621,0.04376079783542082,0.1034912109375,-0.0006263597373617813,0.0073904498,1.1828686766326428,18570,0.0003,0.006224312819540501,0.2,0.13327401876449585
,0.05,-3.94881201,,7616192,5149,,1127,896,,580.41,0.9583406448364258,0.01263972780725453,0.0772216796875,-0.001264423070824705,0.0058844215,1.1872001461684705,18580,0.0003,0.009912941604852676,0.2,0.13405349850654602
,0.06,-3.8602565099999997,,7620288,5153,,1128,896,,574.27,0.9251821637153625,0.05019145009282511,0.0731689453125,-0.002622822509147227,0.00607476,1.1896954737603664,18590,0.0003,-0.003697243519127369,0.2,0.13303464651107788
,0.06,-3.994730899999999,,7624384,5157,,1129,896,,574.27,0.8995985388755798,0.08846810762770474,0.088916015625,-0.004542819288326427,0.0075173145,1.1978341370821,18600,0.0003,-0.00216318154707551,0.2,0.13298477232456207
,0.06,-3.98645371,,7628480,5160,,1130,896,,574.27,0.8410295248031616,0.08017200280883116,0.0933837890625,-0.004934203856828389,0.008236494,1.1968641988933086,18610,0.0003,-0.0034641586244106293,0.2,0.132999449968338
,0.06,-4.1927654599999995,,7632576,5165,,1131,896,,574.27,0.9276975989341736,0.030141652321617585,0.0950439453125,-0.004432588425697759,0.008464878,1.1998772315680981,18620,0.0003,0.004784704186022282,0.2,0.13287711143493652
,0.06,-4.12775231,,7636672,5169,,1132,896,,574.27,0.9826933741569519,0.0043134855997777775,0.0874755859375,-0.0029655709222424775,0.006056474,1.1923349633812905,18630,0.0003,-0.009732683189213276,0.2,0.13380570709705353
,0.06,-3.99223686,,7640768,5173,,1133,897,,574.27,0.9805041551589966,0.0011685917734212126,0.09951171875,-0.000830298537039198,0.009173468,1.1806088209152221,18640,0.0003,-0.00013591756578534842,0.2,0.1348191797733307
,0.06,-4.3327645200000005,,7644864,5177,,1134,897,,574.27,0.8577560186386108,0.015312658960465343,0.0921142578125,-0.001957290982682025,0.009386109,1.1618263214826583,18650,0.0003,0.0010098735801875591,0.2,0.13620492815971375
,0.06,-4.579557739999999,,7648960,5180,,1135,897,,574.27,0.9403666853904724,0.009301604186475743,0.0830322265625,-9.099627641262487e-05,0.010063414,1.1379378043115138,18660,0.0003,0.01697700470685959,0.2,0.13830184936523438
,0.06,-4.526637310000001,,7653056,5184,,1136,897,,574.27,0.9782788157463074,0.006421473928639898,0.11513671875,-0.004697814157407265,0.0092471,1.1172020368278026,18670,0.0003,0.0045162648893892765,0.2,0.13899379968643188
,0.06,-4.7230731200000005,,7657152,5188,,1137,897,,574.27,0.8189460039138794,0.03563171497662552,0.092529296875,-0.006289749569259584,0.009185635,1.1065352864563465,18680,0.0003,-0.007284609600901604,0.2,0.13952642679214478
,0.06,-4.89437622,,7661248,5192,,1138,897,,573.84,0.9539017677307129,0.00787819694596692,0.0943115234375,-0.005025499388284516,0.0076095853,1.1001219123601913,18690,0.0003,0.009430059231817722,0.2,0.13986484706401825
,0.05,-4.9674514599999995,,7665344,5196,,1139,897,,577.25,0.6091587543487549,0.10068407591170399,0.0890625,-0.001051549240219174,0.009409069,1.1045956946909428,18700,0.0003,-0.005789608228951693,0.2,0.1390438675880432
,0.05,-4.98577658,,7669440,5200,,1140,897,,577.25,0.8949760794639587,0.025372226858598877,0.1045654296875,-0.0027854992309585213,0.0104534365,1.1084782861173152,18710,0.0003,-0.008323624730110168,0.2,0.13924133777618408
,0.04,-4.649216579999999,,7673536,5204,,1141,897,,581.35,0.9581410884857178,0.006401464749797014,0.120654296875,-0.0037557997653493657,0.0129870195,1.1016840264201164,18720,0.0003,-0.005000858101993799,0.2,0.1400676965713501
,0.03,-4.76628562,,7677632,5208,,1142,898,,586.12,0.770706295967102,0.05101729307571077,0.1040771484375,-0.0009793868564884178,0.007144789,1.103237619996071,18730,0.0003,0.003150523640215397,0.2,0.13908794522285461
,0.02,-4.75950463,,7681728,5212,,1143,898,,590.58,0.9535152316093445,0.013559299714688677,0.089306640625,-0.005111015513830352,0.00783443,1.105784560739994,18740,0.0003,-0.0014571435749530792,0.2,0.13990657031536102
,0.02,-4.598736580000001,,7685824,5216,,1144,898,,590.58,0.9576996564865112,0.0063318213586171625,0.0813232421875,-0.0036004476438392884,0.0068802433,1.1041390165686606,18750,0.0003,-0.012866569682955742,0.2,0.13911783695220947
,0.02,-4.3016171100000005,,7689920,5219,,1145,898,,590.58,0.9425985217094421,0.00754617355451046,0.1046875,-0.004923885669268202,0.0077306516,1.1110811181366445,18760,0.0003,-0.014408521354198456,0.2,0.13935324549674988
,0.02,-4.31370697,,7694016,5224,,1146,898,,590.58,0.98164963722229,0.0027720917913029554,0.1008056640625,-0.003445928983273916,0.010564438,1.1126929067075253,18770,0.0003,-0.004214690998196602,0.2,0.1386513113975525
,0.02,-4.4019341,,7698112,5228,,1147,898,,590.58,0.9570410251617432,0.0034226492080051685,0.080810546875,-0.003798985868343152,0.008945425,1.1233912579715253,18780,0.0003,0.0022152140736579895,0.2,0.13803158700466156
23.848569730095328,0.02,-4.60408864,0.10130395673062029,7702208,5243,0.7230382316540976,1148,896,0.0,590.58,0.9214298725128174,0.013327194737212267,0.071142578125,-0.0020971514080883936,0.0071269423,1.1218655794858932,18790,0.0003,-0.0044464971870183945,0.2,0.13887754082679749
,0.02,-4.04637405,,7706304,5247,,1149,896,,590.58,0.8400141000747681,0.008841383591061458,0.0998779296875,-0.001269845460774377,0.008784072,1.1090505465865135,18800,0.0003,-0.01181880198419094,0.2,0.13976997137069702
,0.04,-3.80593973,,7710400,5251,,1150,897,,580.7,0.9585967063903809,0.003561324215479544,0.0865478515625,-0.000642857703496702,0.007269118,1.0881617583334446,18810,0.0003,-0.004426493309438229,0.2,0.14144673943519592
,0.05,-3.0143844800000004,,7714496,5254,,1151,897,,575.54,0.6287369728088379,0.056926570081850515,0.06435546875,-0.003669954417273402,0.008036148,1.0974949344992637,18820,0.0003,0.004848366603255272,0.2,0.13884134590625763
,0.05,-3.04406668,,7718592,5259,,1152,897,,575.54,0.8415595293045044,0.10771256684092805,0.0875732421875,-0.0018487704379367641,0.011029379,1.1337916173040867,18830,0.0003,0.0420612096786499,0.2,0.13644234836101532
,0.04,-3.4716737099999992,,7722688,5262,,1153,897,,580.12,0.9586184024810791,0.006794497391820187,0.0876220703125,-0.0036161511976388282,0.009668552,1.1459517985582353,18840,0.0003,-0.006466908846050501,0.2,0.13690826296806335
,0.05,-3.39010537,,7726784,5266,,1154,897,,575.17,0.7991468906402588,0.017811762596102197,0.0966552734375,-0.0038747370534110816,0.008191731,1.1369862161576747,18850,0.0003,0.017786826938390732,0.2,0.13775129616260529
,0.05,-3.37147271,,7730880,5270,,1155,897,,575.29,0.8270682692527771,0.031174335003015585,0.130517578125,-0.005350485304370522,0.009457222,1.135218618810177,18860,0.0003,-0.0071793231181800365,0.2,0.13686750829219818
,0.06,-3.5926167200000005,,7734976,5274,,1156,897,,570.81,0.8401147127151489,0.11147739376174286,0.097509765625,-0.00337874359684065,0.006155572,1.1384695760905743,18870,0.0003,0.002083173021674156,0.2,0.13711127638816833
,0.06,-3.83868898,,7739072,5277,,1157,897,,570.81,0.8881099224090576,0.14584003095515072,0.0982177734375,-0.004494362110563088,0.00966587,1.1446741297841072,18880,0.0003,0.0747687965631485,0.2,0.13625678420066833
,0.06,-3.96636221,,7743168,5281,,1158,898,,570.81,0.8489084839820862,0.006822491405546316,0.0763916015625,-0.00040923900305642744,0.006335269,1.1530823841691018,18890,0.0003,-0.00016919337213039398,0.2,0.13576363027095795
,0.06,-3.8536505599999997,,7747264,5285,,1159,898,,570.81,0.9613380432128906,0.005062947636542958,0.110009765625,-0.008856304659275338,0.00983429,1.1625143833458425,18900,0.0003,-0.02042190358042717,0.2,0.1348225623369217
,0.06,-3.7584915100000003,,7751360,5289,,1160,898,,570.81,0.9497742056846619,0.002392158733709948,0.0912109375,-0.0026434410334331914,0.008523126,1.1807418867945672,18910,0.0003,-0.00311300833709538,0.2,0.13368239998817444
,0.06,-3.7589800199999996,,7755456,5293,,1161,898,,570.81,0.9535499215126038,0.00326882565204869,0.0881103515625,-0.0015730464248917997,0.0061946204,1.190423236787319,18920,0.0003,0.0012434425298124552,0.2,0.13333161175251007
,0.06,-3.7122686899999993,,7759552,5296,,1162,898,,570.81,0.9684998393058777,0.002830001808615634,0.0759521484375,-0.0015397784329252318,0.007532285,1.1851573966443538,18930,0.0003,-0.0013061000499874353,0.2,0.1344285011291504
,0.06,-3.9650052700000002,,7763648,5300,,1163,898,,570.81,0.9684754014015198,0.004777127001580084,0.12177734375,-0.005163139941578266,0.008183991,1.1695167660713195,18940,0.0003,-0.004256704822182655,0.2,0.1355796754360199
,0.05,-4.40519961,,7767744,5304,,1164,898,,575.76,0.9743360280990601,0.003867042592173675,0.0953857421875,-0.001585317333956482,0.009640642,1.1563639156520367,18950,0.0003,0.009251881390810013,0.2,0.13603633642196655
,0.03,-4.79837952,,7771840,5308,,1165,898,,585.85,0.9666854739189148,0.005969311669468879,0.072216796875,0.002015922238933854,0.0067255814,1.1541822351515294,18960,0.0003,-0.0060197701677680016,0.2,0.13579043745994568
,0.03,-4.69262842,,7775936,5312,,1166,898,,585.85,0.939362645149231,0.0036547670293657574,0.1226318359375,-0.0036629236368753483,0.015315338,1.1601195126771926,18970,0.0003,0.07254663109779358,0.2,0.13533475995063782
,0.03,-4.85831809,,7780032,5316,,1167,899,,585.85,0.9594776034355164,0.009890911218826659,0.07880859375,-0.0018135820952011271,0.0068900734,1.1687054216861725,18980,0.0003,-0.01139502041041851,0.2,0.13485348224639893
,0.03,-4.72005297,,7784128,5320,,1168,899,,585.85,0.9823290705680847,0.004161559948988725,0.109326171875,-0.0015356948046246544,0.009726161,1.1704607635736466,18990,0.0003,-0.009225883521139622,0.2,0.13517245650291443
,0.01,-5.29959494,,7788224,5324,,1169,899,,595.52,0.9769003987312317,0.0023692913018749095,0.1112548828125,-0.004751145665068179,0.009480785,1.169358728826046,19000,0.0003,-0.0017881595995277166,0.2,0.13502967357635498
,0.01,-5.52942302,,7792320,5327,,1170,899,,595.52,0.9930179715156555,0.0026717950135207503,0.1013427734375,-0.0026914174944977277,0.010129199,1.176681423932314,19010,0.0003,0.01046396791934967,0.2,0.13426293432712555
,0.0,-5.427626950000001,,7796416,5331,,1171,899,,600.0,0.9805260896682739,0.002234042438794859,0.0865478515625,-0.0041185807524016125,0.0070524784,1.1987790398299694,19020,0.0003,-0.004948165733367205,0.2,0.13240769505500793
25.756561881211866,0.0,-5.40186415,0.007933048188392784,7800512,5347,0.19738033646979836,1172,897,0.0,600.0,0.7513030767440796,0.025393856395385227,0.0818603515625,-0.004341998814197723,0.0059532677,1.2135485671460629,19030,0.0003,0.02306007593870163,0.2,0.1321450173854828
,0.0,-5.32619181,,7804608,5351,,1173,897,,600.0,0.9304782152175903,0.009660736434307182,0.092041015625,-0.0027703008003300057,0.009878144,1.2200744912028312,19040,0.0003,0.004135466180741787,0.2,0.13170677423477173
,0.0,-5.265702579999998,,7808704,5354,,1174,898,,600.0,0.986311137676239,0.0006803819794185984,0.0994140625,-0.0022054160508560017,0.0083907,1.2202456563711166,19050,0.0003,-0.005932529456913471,0.2,0.13207170367240906
,0.0,-5.327841210000002,,7812800,5358,,1175,898,,600.0,0.9637979865074158,0.0025139320321613924,0.11162109375,-0.006694757055811351,0.013078459,1.2082566358149052,19060,0.0003,0.013055328279733658,0.2,0.1330529898405075
,0.0,-5.169584889999999,,7816896,5361,,1176,898,,600.0,0.936818540096283,0.0013098972385705565,0.124853515625,-0.0021230095153441653,0.009980067,1.20287024974823,19070,0.0003,-0.006000833120197058,0.2,0.1325654238462448
,0.0,-4.848731829999999,,7820992,5365,,1177,898,,600.0,0.9343343377113342,0.000841894345376204,0.1181396484375,-0.0026280452890205196,0.01685353,1.1926632165908813,19080,0.0003,0.004296754952520132,0.2,0.13419783115386963
,0.0,-4.791573549999999,,7825088,5369,,1178,898,,600.0,0.9838422536849976,0.0017256242832445422,0.1238525390625,-0.0030998057773103938,0.011621937,1.1818318009376525,19090,0.0003,0.01442224532365799,0.2,0.1339939832687378
,0.01,-4.555352889999999,,7829184,5372,,1179,898,,596.0,0.9686765074729919,0.003539621769596124,0.089599609375,-0.0023092766481568106,0.009949428,1.185116508603096,19100,0.0003,-0.007455849554389715,0.2,0.13375437259674072
,0.02,-4.79732638,,7833280,5376,,1180,898,,594.94,0.6532390117645264,0.06062653454137035,0.1222412109375,-0.0037291725078830496,0.01208121,1.18445905148983,19110,0.0003,0.02020658180117607,0.2,0.13434919714927673
,0.02,-4.78263339,,7837376,5380,,1181,899,,594.94,0.8688751459121704,0.038617102637363135,0.07822265625,0.001611577639414463,0.008165047,1.181608498841524,19120,0.0003,-0.008396259509027004,0.2,0.13382655382156372
,0.02,-4.6748053899999995,,7841472,5384,,1182,899,,594.94,0.948602557182312,0.010167456953786314,0.1075439453125,-0.005195372911111917,0.008862635,1.1770644195377826,19130,0.0003,-0.012541928328573704,0.2,0.13508346676826477
,0.02,-4.80988284,,7845568,5388,,1183,899,,594.94,0.8492264747619629,0.02069226790626999,0.0904052734375,-0.0020655863714637234,0.006913512,1.167560701817274,19140,0.0003,-0.010827791877090931,0.2,0.13501209020614624
,0.02,-4.234359850000001,,7849664,5392,,1184,899,,594.94,0.9873632192611694,0.0015135797273615025,0.09599609375,-0.002345568205055315,0.0073181204,1.1644357345998286,19150,0.0003,-0.0034365940373390913,0.2,0.13556399941444397
,0.02,-4.15559677,,7853760,5395,,1185,899,,594.94,0.971908450126648,0.0029114590619428783,0.0947265625,-0.003678178394329734,0.007068309,1.164747665822506,19160,0.0003,-0.006081597879528999,0.2,0.1348627209663391
,0.02,-4.1249690800000005,,7857856,5399,,1186,899,,594.94,0.9646967649459839,0.004761228225470404,0.097802734375,-0.008593507095065433,0.008458041,1.1635742001235485,19170,0.0003,-0.018973706290125847,0.2,0.135405495762825
,0.02,-4.15315527,,7861952,5403,,1187,899,,594.94,0.9771320819854736,0.0020661510603531496,0.0971435546875,-0.0020902611096971667,0.007895965,1.1670423790812492,19180,0.0003,0.0012321204412728548,0.2,0.1345532238483429
,0.02,-4.038059970000001,,7866048,5407,,1188,899,,594.94,0.973431408405304,0.0012695152185187909,0.096533203125,-0.0024249166701338252,0.006608074,1.166169136017561,19190,0.0003,-0.001090741134248674,0.2,0.1355583816766739
,0.02,-4.084906849999999,,7870144,5411,,1189,899,,594.94,0.9029120206832886,0.006497252650297014,0.1060302734375,-0.00137739175115712,0.0077245403,1.1610716603696347,19200,0.0003,-0.010383173823356628,0.2,0.13558454811573029
,0.02,-4.34411419,,7874240,5415,,1190,900,,594.94,0.9572319388389587,0.008356463447125862,0.1040771484375,-0.005864063036278821,0.0095341215,1.1546561062335967,19210,0.0003,-0.007821053266525269,0.2,0.13611675798892975
,0.02,-4.70209716,,7878336,5419,,1191,900,,594.94,0.9640443325042725,0.008143304265104234,0.1,-0.0033663875103229655,0.009175615,1.1550432771444321,19220,0.0003,-0.0012985114008188248,0.2,0.13582947850227356
,0.02,-4.69727529,,7882432,5422,,1192,900,,594.94,0.9931600093841553,0.0017481278811828816,0.10126953125,-0.0014130682102404535,0.0071510565,1.156859991699457,19230,0.0003,-0.00982224103063345,0.2,0.13571102917194366
,0.02,-4.69416109,,7886528,5427,,1193,900,,594.94,0.9827733635902405,0.0038915535442356486,0.1188232421875,-0.002831356155729736,0.009463854,1.1641098320484162,19240,0.0003,-0.009710371494293213,0.2,0.13517141342163086
,0.01,-4.76747929,,7890624,5430,,1194,900,,598.94,0.9464771747589111,0.007884022677899338,0.111669921875,-0.008064200800436083,0.012646791,1.1578231036663056,19250,0.0003,-0.011067917570471764,0.2,0.13589948415756226
,0.0,-4.45631347,,7894720,5434,,1195,900,,600.0,0.9762138724327087,0.000675695688551059,0.0935546875,-0.002825253736227751,0.008510981,1.1449985377490521,19260,0.0003,-0.0009706669952720404,0.2,0.13700933754444122
,0.0,-4.76483132,,7898816,5438,,1196,900,,600.0,0.9764446020126343,0.002084834776178468,0.087451171875,-0.001893875548557844,0.0071807504,1.135406309366226,19270,0.0003,-0.005747110582888126,0.2,0.13726751506328583
25.74963992747308,0.0,-4.698461200000001,0.018699456150562933,7902912,5454,0.32463071520371983,1197,898,0.0,600.0,0.9913936853408813,0.00201749021471187,0.08125,-0.000594217810430564,0.0055791927,1.1465848207473754,19280,0.0003,0.00337026035413146,0.2,0.13536155223846436
,0.0,-4.64869885,,7907008,5457,,1198,899,,600.0,0.9904268980026245,0.0026659166673198343,0.106103515625,-0.0017079901459510437,0.008437103,1.1468316324055194,19290,0.0003,0.011923680081963539,0.2,0.13747920095920563
,0.0,-4.61219699,,7911104,5461,,1199,899,,600.0,0.9128847122192383,0.01183283422196837,0.103564453125,-0.0003704904956975952,0.01000706,1.1233361966907978,19300,0.0003,0.008098040707409382,0.2,0.13863879442214966
,0.0,-4.516637319999999,,7915200,5464,,1200,899,,600.0,0.9775692820549011,0.0006867258442071033,0.1252685546875,-0.0027929528267122807,0.012071499,1.1175659373402596,19310,0.0003,0.0010892837308347225,0.2,0.13827551901340485
,0.0,-4.67472785,,7919296,5468,,1201,899,,600.0,0.9775561690330505,0.0015670831571696908,0.073291015625,-0.005420202072127722,0.0077450266,1.127729319781065,19320,0.0003,-0.0014110016636550426,0.2,0.13705623149871826
,0.0,-4.778481070000001,,7923392,5472,,1202,899,,600.0,0.9673694372177124,0.002340776274468226,0.0980712890625,-0.002517981486744247,0.006658896,1.1362874872982502,19330,0.0003,-0.01023615151643753,0.2,0.13719797134399414
,0.0,-4.989411219999999,,7927488,5475,,1203,899,,600.0,0.9719077348709106,0.007780552408803487,0.1057373046875,-0.0035244023027189543,0.009015219,1.1475630067288876,19340,0.0003,0.0014401080552488565,0.2,0.1356891542673111
,0.0,-5.24301074,,7931584,5479,,1204,899,,600.0,0.9858688116073608,0.004446311623905785,0.0961669921875,-0.0025445416787988505,0.0077960645,1.1640667587518692,19350,0.0003,-0.0018845249433070421,0.2,0.13490068912506104
,0.0,-5.2356314,,7935680,5483,,1205,900,,600.0,0.9897464513778687,0.0008993549006845569,0.0736572265625,0.0007474451544112526,0.0062714387,1.1714122317731381,19360,0.0003,0.004540677182376385,0.2,0.1346105933189392
,0.0,-4.99321576,,7939776,5487,,1206,900,,600.0,0.9880310297012329,0.002841835763138079,0.1066650390625,-0.002197557338513434,0.011511318,1.1762752033770085,19370,0.0003,0.008420011028647423,0.2,0.13434331119060516
,0.0,-4.78883836,,7943872,5491,,1207,900,,600.0,0.9879105091094971,0.000882021201596217,0.10947265625,-0.002936608556774445,0.0077691665,1.1783581353724002,19380,0.0003,-0.000276600185316056,0.2,0.13417796790599823
,0.0,-4.847744070000001,,7947968,5495,,1208,900,,600.0,0.9896925091743469,0.0005652870994708792,0.0776611328125,-0.0001999394124140963,0.0055630244,1.1870935417711734,19390,0.0003,-0.007016635034233332,0.2,0.133184015750885
,0.0,-4.951690350000001,,7952064,5499,,1209,900,,600.0,0.981354832649231,0.002705201760181808,0.114892578125,-0.0026913136141956786,0.00991024,1.1970579281449318,19400,0.0003,0.010796936228871346,0.2,0.13291338086128235
,0.0,-4.6548561799999995,,7956160,5503,,1210,900,,600.0,0.9798651933670044,0.0021283577545545994,0.0788330078125,-0.0025467019164352677,0.006363808,1.1998058579862119,19410,0.0003,-0.0005407828721217811,0.2,0.13288745284080505
,0.0,-4.54346741,,7960256,5507,,1211,900,,600.0,0.9743807911872864,0.002947724827936327,0.121044921875,-0.0037560867946012876,0.010348646,1.2003071874380111,19420,0.0003,-0.007924781180918217,0.2,0.13285775482654572
,0.0,-4.39476057,,7964352,5511,,1212,900,,600.0,0.9866896271705627,0.0037010127649409696,0.1284912109375,-0.005961313427542336,0.009625806,1.2107478715479374,19430,0.0003,-0.01974436454474926,0.2,0.13130852580070496
,0.0,-4.526631040000001,,7968448,5515,,1213,900,,600.0,0.9790318608283997,0.0037760930201329755,0.1319580078125,-0.007894986475002952,0.008235906,1.2269306875765325,19440,0.0003,-0.015046018175780773,0.2,0.13079597055912018
,0.0,-4.51247314,,7972544,5519,,1214,900,,600.0,0.9815078377723694,0.0012677942373557015,0.1084228515625,0.0007907182778581045,0.008358812,1.2393425330519676,19450,0.0003,-0.0068144965916872025,0.2,0.12983117997646332
,0.0,-4.6654130600000006,,7976640,5522,,1215,901,,600.0,0.9772194027900696,0.0025430765585042537,0.108740234375,-0.0055035371791746,0.007742772,1.2427740879356861,19460,0.0003,-0.024004647508263588,0.2,0.13028927147388458
,0.0,-4.30815089,,7980736,5526,,1216,901,,600.0,0.9866995811462402,0.002721328939696832,0.1046142578125,-0.0021145332357264124,0.010556253,1.2470591269433497,19470,0.0003,-0.02363615669310093,0.2,0.12919098138809204
,0.0,-4.342491239999999,,7984832,5530,,1217,901,,600.0,0.9839951395988464,0.0012918891952722333,0.0947021484375,-0.005296365002868697,0.009096576,1.2630738236010075,19480,0.0003,0.0005400585941970348,0.2,0.1282452642917633
,0.0,-4.05415197,,7988928,5534,,1218,901,,600.0,0.9844450354576111,0.001838050716833095,0.10498046875,-0.0037065694363263902,0.0097295465,1.271268904954195,19490,0.0003,-0.0011763510992750525,0.2,0.1281648874282837
,0.0,-4.13901478,,7993024,5538,,1219,901,,600.0,0.9913321137428284,0.0013496106883394531,0.105224609375,-0.0037691283010644837,0.008716882,1.2707476921379566,19500,0.0003,-0.003542207879945636,0.2,0.12832006812095642
,0.0,-4.22028037,,7997120,5542,,1220,901,,600.0,0.9907311201095581,0.0037437059683725236,0.11884765625,-0.004415634197357576,0.009072402,1.2652152255177498,19510,0.0003,-0.025984756648540497,0.2,0.12882360816001892
23.437282481061075,0.0,-4.19168295,0.12506983945164496,8001216,5558,1.015199183403785,1221,899,0.0,600.0,0.9662508368492126,0.007346299886194174,0.10380859375,-0.005706646652834024,0.008786465,1.2674208834767342,19520,0.0003,-0.0033470983617007732,0.2,0.12796881794929504
,0.0,-4.69272216,,8005312,5562,,1222,899,,600.0,0.9816689491271973,0.003437085585392197,0.104638671875,-0.005669555813074112,0.010369695,1.2674469485878945,19530,0.0003,-0.00041315064299851656,0.2,0.1289764940738678
,0.0,-4.703952620000001,,8009408,5565,,1223,900,,600.0,0.9877339601516724,0.0015758541130708181,0.097119140625,-0.0013717014182475396,0.009416508,1.261122353374958,19540,0.0003,-0.005735019221901894,0.2,0.12866708636283875
,0.0,-4.58025513,,8013504,5569,,1224,900,,600.0,0.9856094717979431,0.0008764304812757473,0.1119873046875,-0.0027285626478260384,0.00901901,1.258753740042448,19550,0.0003,-0.012122158892452717,0.2,0.12918785214424133
,0.0,-4.56114047,,8017600,5572,,1225,900,,600.0,0.9741519093513489,0.0017309122737060533,0.0806884765625,-0.00188589738754672,0.006015991,1.2594190038740636,19560,0.0003,-0.0010656856466084719,0.2,0.12871626019477844
,0.0,-4.88547683,,8021696,5576,,1226,900,,600.0,0.9717655777931213,0.0026034144102595747,0.10830078125,-0.003554549092950765,0.011109901,1.2603942580521106,19570,0.0003,-0.003969462588429451,0.2,0.12916412949562073
,0.0,-4.97851042,,8025792,5580,,1227,900,,600.0,0.943076491355896,0.003605263724602992,0.072607421875,-0.00030408426100621,0.0064711496,1.2515574455261231,19580,0.0003,-0.000689043547026813,0.2,0.1298120617866516
,0.0,-4.88822918,,8029888,5584,,1228,900,,600.0,0.9838860034942627,0.001483567097238847,0.08623046875,-0.0016911255530430934,0.006970949,1.253690241277218,19590,0.0003,0.01488998532295227,0.2,0.12890714406967163
,0.0,-4.87939637,,8033984,5588,,1229,900,,600.0,0.9931946396827698,0.0006591714721253083,0.1171875,-0.006235547718824818,0.009911921,1.2584566332399845,19600,0.0003,-0.006259269546717405,0.2,0.1291636824607849
,0.0,-4.943072140000001,,8038080,5591,,1230,900,,600.0,0.9456977248191833,0.0015733126039776835,0.094482421875,-0.005058694833132904,0.0067000072,1.2623475417494774,19610,0.0003,-0.009290310554206371,0.2,0.12823057174682617
,0.0,-5.16738248,,8042176,5595,,1231,901,,600.0,0.9101574420928955,0.003914926910510985,0.0829833984375,-0.001821270519576501,0.0067913886,1.2718389615416528,19620,0.0003,0.001512445043772459,0.2,0.12817862629890442
,0.0,-5.2107927499999995,,8046272,5599,,1232,901,,600.0,0.9707000851631165,0.003836265838253894,0.0824462890625,3.388008626643568e-05,0.0072451388,1.2640992909669877,19630,0.0003,0.002258526161313057,0.2,0.12921513617038727
,0.01,-5.2887608,,8050368,5603,,1233,901,,597.13,0.9800714254379272,0.003073576399765443,0.095751953125,-0.0030908659842680208,0.011087265,1.2472538083791733,19640,0.0003,-0.011662840843200684,0.2,0.13049864768981934
,0.01,-5.16940241,,8054464,5607,,1234,901,,597.13,0.8067129850387573,0.03943082268087892,0.1108642578125,-0.005533861853473354,0.0075563183,1.2475094206631183,19650,0.0003,-0.010178891941905022,0.2,0.12920500338077545
,0.01,-5.44527785,,8058560,5611,,1235,901,,597.13,0.9771661162376404,0.002968007693925756,0.0914794921875,-0.006709151790710166,0.008677788,1.2526746742427348,19660,0.0003,-0.027561338618397713,0.2,0.1298069804906845
,0.01,-5.36326772,,8062656,5615,,1236,901,,597.13,0.9744918346405029,0.003979886836532387,0.0759521484375,0.0005265567335300148,0.006592393,1.2464433841407299,19670,0.0003,-0.007104146294295788,0.2,0.13020536303520203
,0.01,-5.19348191,,8066752,5619,,1237,901,,597.13,0.9802865982055664,0.0021576621908025117,0.09833984375,-0.004974591973586939,0.009538803,1.24461861923337,19680,0.0003,-0.015996942296624184,0.2,0.13010233640670776
,0.01,-5.02539068,,8070848,5623,,1238,901,,597.13,0.6858214735984802,0.007130764712564996,0.100927734375,-0.0033438908998505213,0.011051061,1.2283967733383179,19690,0.0003,-0.0035110157914459705,0.2,0.13185685873031616
,0.01,-4.7671462799999995,,8074944,5627,,1239,901,,597.13,0.9572032690048218,0.0006321950186247705,0.089599609375,-0.0004522197385085747,0.008315947,1.2178393259644509,19700,0.0003,-0.004147856030613184,0.2,0.1318744421005249
,0.01,-4.6522279499999994,,8079040,5631,,1240,901,,597.13,0.9589088559150696,0.0015049855652250698,0.1025146484375,-0.00157579458100372,0.0073455186,1.2059365123510362,19710,0.0003,-0.00837137270718813,0.2,0.13331659138202667
,0.01,-4.721162260000001,,8083136,5635,,1241,902,,597.13,0.9749761819839478,0.0027724307161406613,0.0927978515625,-0.0037358939516707323,0.0069743814,1.1956150755286217,19720,0.0003,-0.00554319005459547,0.2,0.13324925303459167
,0.01,-4.7797841299999995,,8087232,5639,,1242,902,,597.13,0.9883255958557129,0.0007542098856902158,0.0604736328125,-0.0010332262885640376,0.00472711,1.202803399413824,19730,0.0003,0.020996760576963425,0.2,0.1324443221092224
,0.01,-4.580984279999999,,8091328,5643,,1243,902,,597.13,0.9674354195594788,0.00046990891378300147,0.106884765625,-0.004654553481668699,0.00849087,1.201241111010313,19740,0.0003,-0.003157662693411112,0.2,0.13338787853717804
,0.01,-4.56835408,,8095424,5647,,1244,902,,597.13,0.9791982769966125,0.0009068170702448697,0.07890625,-0.0019353586380020716,0.008698853,1.1967432536184788,19750,0.0003,-0.01109063159674406,0.2,0.13312026858329773
,0.01,-4.52188201,,8099520,5651,,1245,902,,597.13,0.9694752097129822,0.0020143724730587566,0.1018310546875,-0.003203248653881019,0.007945629,1.201358187198639,19760,0.0003,-0.008115027099847794,0.2,0.1325826197862625
23.989773324407015,0.01,-4.69597125,0.09648236230580351,8103616,5666,0.6496463422572744,1246,900,0.0,597.13,0.9857823252677917,0.0019186632358469068,0.0717529296875,-0.00543098331982037,0.00795438,1.2002557910978795,19770,0.0003,-0.01679510436952114,0.2,0.13360735774040222
,0.0,-4.56757955,,8107712,5670,,1247,900,,600.0,0.9890263080596924,0.0027838816113217035,0.095361328125,-0.0038344416418112813,0.010990009,1.1875969022512436,19780,0.0003,-0.009839837439358234,0.2,0.13428416848182678
,0.0,-4.394816410000001,,8111808,5673,,1248,900,,600.0,0.9890586733818054,0.001307410187473579,0.104248046875,-0.0035364782095712146,0.00667437,1.1753654405474663,19790,0.0003,-0.005203966982662678,0.2,0.13525673747062683
,0.0,-4.1866292,,8115904,5677,,1249,901,,600.0,0.9807433485984802,0.002068523935304256,0.1232666015625,-0.004133159507182427,0.009726983,1.1686388492584228,19800,0.0003,0.008393346332013607,0.2,0.13540580868721008
,0.0,-3.9308342000000005,,8120000,5681,,1250,901,,600.0,0.9696251749992371,0.004422621060439269,0.126708984375,-0.004668942134594544,0.007925042,1.175321413576603,19810,0.0003,-0.00713716447353363,0.2,0.1343216896057129
,0.0,-3.7612472999999995,,8124096,5684,,1251,901,,600.0,0.977256715297699,0.0023306436742132064,0.0734619140625,0.003979800261731725,0.00658748,1.183625666052103,19820,0.0003,0.004289448726922274,0.2,0.13390059769153595
,0.0,-3.9199404799999997,,8128192,5688,,1252,901,,600.0,0.9750491380691528,0.0033270687159529188,0.112158203125,-0.005988305310893338,0.012960294,1.183172295242548,19830,0.0003,-0.0008027669973671436,0.2,0.13463595509529114
,0.0,-3.95829316,,8132288,5692,,1253,901,,600.0,0.9895506501197815,0.001317115694655513,0.0857421875,-0.0014898676105076446,0.0059994077,1.174760702252388,19840,0.0003,0.0015112319961190224,0.2,0.13476283848285675
,0.0,-4.186450539999999,,8136384,5696,,1254,901,,600.0,0.9817496538162231,0.0035945155461376997,0.0984130859375,-0.004917524621123448,0.009990814,1.1763883806765079,19850,0.0003,-0.008626236580312252,0.2,0.13466718792915344
,0.0,-4.28009789,,8140480,5700,,1255,901,,600.0,0.9593181014060974,0.0018947922719235067,0.101220703125,-0.0018299911767826415,0.009296474,1.1695900045335292,19860,0.0003,-0.014980867505073547,0.2,0.13553178310394287
,0.0,-3.9391139200000005,,8144576,5704,,1256,901,,600.0,0.9884973764419556,0.002628952150553232,0.10048828125,-0.004577588784741238,0.007881977,1.1614051930606366,19870,0.0003,-0.01361109409481287,0.2,0.1358867883682251
,0.0,-4.13137433,,8148672,5708,,1257,901,,600.0,0.9936472177505493,0.0010080202202516376,0.11669921875,-0.004376998424413614,0.010578624,1.1669062219560147,19880,0.0003,-0.007059914525598288,0.2,0.1346035897731781
,0.0,-4.22194296,,8152768,5712,,1258,902,,600.0,0.9660296440124512,0.003259105437609833,0.0897216796875,-0.004695605921733658,0.008640237,1.1802668392658233,19890,0.0003,-0.0007899283082224429,0.2,0.1343085914850235
,0.0,-4.20721438,,8156864,5716,,1259,902,,600.0,0.9742932319641113,0.0024684778109076433,0.0969482421875,-0.0023144630904425867,0.009170711,1.1744293466210365,19900,0.0003,-0.007469865959137678,0.2,0.13494688272476196
,0.0,-4.42422864,,8160960,5720,,1260,902,,600.0,0.971280038356781,0.0011307347636829944,0.12119140625,-0.008894598417100497,0.009357367,1.1618499010801315,19910,0.0003,-0.015346309170126915,0.2,0.1358814239501953
,0.0,-4.15699052,,8165056,5723,,1261,902,,600.0,0.9890446066856384,0.0011117795402242336,0.106640625,-0.0036009988078149037,0.008570515,1.1476217113435268,19920,0.0003,-0.007786709815263748,0.2,0.13700905442237854
,0.0,-4.13131104,,8169152,5727,,1262,902,,600.0,0.9965129494667053,0.0005006556186344824,0.092138671875,-0.0004931517578370403,0.0091985995,1.1435738541185856,19930,0.0003,-0.008765884675085545,0.2,0.1365436613559723
,0.0,-4.0981375600000005,,8173248,5731,,1263,902,,600.0,0.9880959987640381,0.0006304538961558137,0.0836669921875,-0.001872599973285105,0.0074110664,1.1466877035796643,19940,0.0003,-0.00024375753127969801,0.2,0.1366058588027954
,0.0,-4.57285492,,8177344,5735,,1264,902,,600.0,0.970192551612854,0.004269166035373928,0.082421875,0.00025354326353408394,0.004887405,1.13664093837142,19950,0.0003,-0.0012540887109935284,0.2,0.1377297043800354
,0.0,-4.5132606,,8181440,5739,,1265,902,,600.0,0.814434826374054,0.007149292095709825,0.1046142578125,-0.006214509952405934,0.009056076,1.1275185853242875,19960,0.0003,-0.002261928515508771,0.2,0.13773955404758453
,0.0,-4.76223885,,8185536,5743,,1266,902,,600.0,0.9501413106918335,0.0036229141493095084,0.067333984375,5.648095393553376e-05,0.0078045423,1.130613238364458,19970,0.0003,-0.01473949570208788,0.2,0.13770616054534912
,0.0,-4.912955520000001,,8189632,5747,,1267,902,,600.0,0.9850916266441345,0.0032401088705228177,0.1120849609375,-0.006606693951471243,0.009196038,1.1411854825913905,19980,0.0003,-0.00022732059005647898,0.2,0.1359786093235016
,0.0,-4.85625857,,8193728,5751,,1268,903,,600.0,0.9939594268798828,0.0008861754196914263,0.082666015625,-0.0008788922357780393,0.007497214,1.1657418996095656,19990,0.0003,0.005007708445191383,0.2,0.13445895910263062
,0.0,-4.90754596,,8197824,5755,,1269,903,,600.0,0.9722365736961365,0.006162473560834769,0.106494140625,-0.005670758258202113,0.008920217,1.179067312926054,20000,0.0003,-0.011373849585652351,0.2,0.13392198085784912
22.38951111516847,0.0,-4.74193318,0.1881178729989729,8201920,5772,1.8153580955842386,1270,901,0.0,600.0,0.982638418674469,0.0009052953355421778,0.093017578125,-0.00039323806995525954,0.0077603413,1.18431601151824,20010,0.0003,0.014295936562120914,0.2,0.13420933485031128
,0.0,-4.9319863900000005,,8206016,5776,,1271,901,,600.0,0.9672502875328064,0.0030473267413981377,0.0957275390625,-0.0052508042645058595,0.0084888805,1.170167615264654,20020,0.0003,0.0016001067124307156,0.2,0.1355361044406891
,0.0,-4.824246839999999,,8210112,5780,,1272,901,,600.0,0.9945498704910278,0.0004839786918637401,0.0849365234375,0.0017023295717081056,0.0076965974,1.166404764354229,20030,0.0003,-0.008302373811602592,0.2,0.1347118616104126
,0.0,-4.7257434599999995,,8214208,5783,,1273,901,,600.0,0.9907890558242798,0.0014586106153728906,0.0954833984375,-0.0069713405828224495,0.0094551025,1.1826587289571762,20040,0.0003,-0.0027988215442746878,0.2,0.13340577483177185
,0.0,-4.70690023,,8218304,5787,,1274,901,,600.0,0.9847803711891174,0.0020499453359661855,0.1109619140625,-0.0023182673001429068,0.011449009,1.1973375126719474,20050,0.0003,-0.003934602253139019,0.2,0.13296452164649963
,0.0,-4.7122301,,8222400,5791,,1275,901,,600.0,0.9709934592247009,0.0034610145379701863,0.1226318359375,-0.004593541628128151,0.009357893,1.20247732847929,20060,0.0003,0.0017818885389715433,0.2,0.13257387280464172
,0.0,-4.576744250000001,,8226496,5794,,1276,901,,600.0,0.97833651304245,0.0021381299462518654,0.1176513671875,-0.003308458188257646,0.00895244,1.2134554214775561,20070,0.0003,0.007316414266824722,0.2,0.13146145641803741
,0.0,-4.68291623,,8230592,5799,,1277,901,,600.0,0.9160076975822449,0.005351020402849826,0.0922607421875,-0.005841117891031899,0.009606773,1.2285796396434308,20080,0.0003,-0.010070610791444778,0.2,0.130580335855484
,0.0,-4.327441750000001,,8234688,5803,,1278,902,,600.0,0.9744231700897217,0.0009369672132379491,0.1033935546875,-0.0022177967824973167,0.010440531,1.2295638613402844,20090,0.0003,-0.0030996452551335096,0.2,0.13117492198944092
,0.0,-4.5194325,,8238784,5807,,1279,902,,600.0,0.9836556315422058,0.001778824436587456,0.105224609375,-0.00393523650127463,0.008075271,1.2304662048816681,20100,0.0003,-0.010129917412996292,0.2,0.13063576817512512
,0.0,-4.26912446,,8242880,5811,,1280,902,,600.0,0.9499691724777222,0.004555089698260417,0.1408935546875,-0.0043643624725518745,0.008486811,1.2319037944078446,20110,0.0003,-0.007187671959400177,0.2,0.130863755941391
,0.0,-4.250242119999999,,8246976,5814,,1281,902,,600.0,0.9861181974411011,0.002441187261865707,0.1073974609375,-0.00421355691505596,0.008864539,1.2289490543305874,20120,0.0003,-0.012235762551426888,0.2,0.13101622462272644
,0.0,-4.14953564,,8251072,5819,,1282,902,,600.0,0.9834631681442261,0.001337526249790244,0.1120361328125,-0.00335995321511291,0.008445846,1.226131732016802,20130,0.0003,-0.0010539027862250805,0.2,0.13113006949424744
,0.0,-4.28143609,,8255168,5822,,1283,902,,600.0,0.9802683591842651,0.0013165337351892959,0.0872802734375,-0.004568047200154979,0.0060586734,1.228133425116539,20140,0.0003,-0.018257273361086845,0.2,0.13088110089302063
,0.0,-4.2500141,,8259264,5826,,1284,902,,600.0,0.9912518262863159,0.0003955256672725227,0.08486328125,-0.0019025110508664512,0.007939827,1.2321469075977802,20150,0.0003,0.0002934884396381676,0.2,0.13079217076301575
,0.0,-4.14305017,,8263360,5830,,1285,902,,600.0,0.9664033055305481,0.0016490876681928058,0.095458984375,-0.0023311537093832157,0.009320428,1.237761714309454,20160,0.0003,-0.012463366612792015,0.2,0.12975209951400757
,0.0,-4.31061709,,8267456,5834,,1286,902,,600.0,0.970365583896637,0.003947157855873229,0.09306640625,-0.00290448582964018,0.011295132,1.2407265193760395,20170,0.0003,-0.01890668086707592,0.2,0.13056176900863647
,0.0,-4.6502057699999995,,8271552,5838,,1287,902,,600.0,0.9826076030731201,0.0018805546560543007,0.09560546875,-0.0023144860591855832,0.008318261,1.2317131735384463,20180,0.0003,0.017475517466664314,0.2,0.13075794279575348
,0.0,-4.48825655,,8275648,5842,,1288,903,,600.0,0.9768103957176208,0.003975997298584844,0.0717529296875,-0.0015493840866838582,0.006311574,1.2359098762273788,20190,0.0003,-0.007946849800646305,0.2,0.12996551394462585
,0.0,-4.50803953,,8279744,5846,,1289,903,,600.0,0.9791995286941528,0.0011596570619076374,0.07978515625,-0.001301749615231529,0.005885396,1.2496052041649819,20200,0.0003,-0.0016007552621886134,0.2,0.12920606136322021
,0.0,-4.5168482999999995,,8283840,5850,,1290,903,,600.0,0.9718683362007141,0.004277417517005233,0.0894287109375,-0.00581806727568619,0.011188693,1.260634295642376,20210,0.0003,-0.0036910083144903183,0.2,0.1286560297012329
,0.0,-4.45726886,,8287936,5854,,1291,903,,600.0,0.9627296924591064,0.0012528021141406497,0.0955322265625,-0.00039217097219079733,0.010112394,1.2699876479804515,20220,0.0003,-0.0031038469169288874,0.2,0.12798412144184113
,0.0,-4.72109076,,8292032,5857,,1292,903,,600.0,0.9728983640670776,0.003402311265745084,0.0942626953125,-0.003083801067259628,0.010060724,1.2727525040507317,20230,0.0003,-0.013933736830949783,0.2,0.12823118269443512
,0.0,-4.67093685,,8296128,5861,,1293,903,,600.0,0.9611419439315796,0.0025189350397340606,0.0931640625,-0.00013879850157536567,0.0073804352,1.263937272876501,20240,0.0003,0.005913953762501478,0.2,0.1291128396987915
22.319232495335143,0.0,-4.72529238,0.21623821221164824,8300224,5878,1.1036538442997492,1294,901,0.0,600.0,0.984351396560669,0.002151209755174932,0.1330810546875,-0.010615185926144476,0.010503635,1.2645329341292382,20250,0.0003,-0.017642825841903687,0.2,0.12813878059387207
,0.0,-4.824956790000001,,8304320,5881,,1295,901,,600.0,0.993954062461853,0.0008302116223603661,0.0997802734375,-0.0038567844530916773,0.0074057933,1.2731685541570186,20260,0.0003,-0.011367283761501312,0.2,0.1280781775712967
,0.0,-4.90479662,,8308416,5885,,1296,901,,600.0,0.9870129823684692,0.0021288285930495475,0.0951416015625,-0.002361020405078307,0.007751434,1.2685922339558602,20270,0.0003,-0.015195817686617374,0.2,0.1285245716571808
,0.0,-4.68391307,,8312512,5889,,1297,902,,600.0,0.9861477017402649,0.0014320337106255466,0.0871337890625,-0.00479214822553331,0.012908494,1.2705007471144198,20280,0.0003,-0.00824070442467928,0.2,0.1278781145811081
,0.0,-4.71038716,,8316608,5892,,1298,902,,600.0,0.9834990501403809,0.0021840475739736574,0.1115234375,-0.0015073291287990287,0.012023497,1.2891647435724736,20290,0.0003,0.005906030535697937,0.2,0.1264544427394867
,0.0,-4.8902667499999986,,8320704,5896,,1299,902,,600.0,0.9874200224876404,0.0011033627119104495,0.1003173828125,0.0014046104231965728,0.009172498,1.2905162386596203,20300,0.0003,-0.0023031793534755707,0.2,0.12745735049247742
,0.0,-4.63275272,,8324800,5900,,1300,902,,600.0,0.9802424311637878,0.0009921104038767225,0.1193359375,-0.00453388405876467,0.011569003,1.302707240730524,20310,0.0003,-0.00428318977355957,0.2,0.12519849836826324
,0.0,-4.6910529599999995,,8328896,5903,,1301,902,,600.0,0.9578768610954285,0.002319598699978087,0.12099609375,-0.004248864458349999,0.009295005,1.3227879293262959,20320,0.0003,0.0072432346642017365,0.2,0.12478642165660858
,0.0,-4.471639379999999,,8332992,5907,,1302,902,,600.0,0.9775946140289307,0.0019106312069197885,0.085986328125,-0.0025939448751159944,0.007155265,1.321001186966896,20330,0.0003,-0.007033599074929953,0.2,0.12553530931472778
,0.01,-4.35708568,,8337088,5911,,1303,902,,598.49,0.9872079491615295,0.0007485631943382031,0.1143310546875,-0.002417505254561547,0.008513277,1.3046962089836598,20340,0.0003,-0.00862289872020483,0.2,0.12670961022377014
,0.01,-4.35986305,,8341184,5915,,1304,902,,598.49,0.4166454076766968,0.09372576193127316,0.1017822265625,-0.00014416454068850727,0.009463675,1.30437755510211,20350,0.0003,0.024909351021051407,0.2,0.12538942694664001
,0.01,-4.5515687300000005,,8345280,5919,,1305,903,,598.49,0.9140298962593079,0.0038923412565054607,0.10185546875,-0.0006120105739682913,0.0074459724,1.3210048839449882,20360,0.0003,-0.0064229960553348064,0.2,0.12473316490650177
,0.01,-4.451637270000001,,8349376,5923,,1306,903,,598.49,0.9715530276298523,0.0014922371385182487,0.07724609375,-0.0011701399445882999,0.007245429,1.3197779804468155,20370,0.0003,-2.7418311219662428e-05,0.2,0.12554796040058136
,0.01,-4.30157027,,8353472,5927,,1307,903,,598.49,0.9764676690101624,0.001912349737540353,0.096533203125,-0.002639174483192619,0.008637864,1.3131957463920116,20380,0.0003,0.003671664744615555,0.2,0.12556850910186768
,0.01,-4.223141979999999,,8357568,5931,,1308,903,,598.49,0.9847965836524963,0.0009696717217593687,0.1016845703125,-0.0030925161670893432,0.009043646,1.308364912122488,20390,0.0003,0.004683262202888727,0.2,0.12610650062561035
,0.01,-4.288517639999999,,8361664,5935,,1309,903,,598.49,0.9719862937927246,0.0033572371963600744,0.089453125,-0.007334092528617475,0.009537273,1.2899677559733391,20400,0.0003,-0.005508702248334885,0.2,0.12742295861244202
,0.01,-4.20981537,,8365760,5939,,1310,903,,598.49,0.9914318323135376,0.000660418169809418,0.091845703125,-0.0006225070334039629,0.008524998,1.2870775505900383,20410,0.0003,-0.0029974780045449734,0.2,0.12701888382434845
,0.02,-3.9967923499999993,,8369856,5943,,1311,903,,594.46,0.9116532206535339,0.00365698130299279,0.103466796875,-0.004487610304204281,0.010712268,1.2878491677343846,20420,0.0003,0.0013159140944480896,0.2,0.12740366160869598
,0.02,-3.74788967,,8373952,5946,,1312,903,,594.46,0.80423504114151,0.03385880557761993,0.120068359375,-0.0009761206049006433,0.012733841,1.2905265159904957,20430,0.0003,-0.011278726160526276,0.2,0.12624895572662354
,0.03,-3.4638004299999996,,8378048,5950,,1313,903,,591.69,0.9705374240875244,0.0012268837013834854,0.08291015625,-0.00441390629275702,0.0069987024,1.2984962239861488,20440,0.0003,-0.015899650752544403,0.2,0.1269078254699707
,0.03,-3.5778915799999997,,8382144,5954,,1314,903,,591.69,0.7753665447235107,0.09609071044833399,0.099267578125,-0.0008675295728608034,0.0057225404,1.3043133966624736,20450,0.0003,0.016464171931147575,0.2,0.1252022236585617
,0.03,-3.603087810000001,,8386240,5958,,1315,903,,591.69,0.9759986400604248,0.0039018368112010648,0.093017578125,-0.004258310365548823,0.010004232,1.323018767684698,20460,0.0003,0.0020151494536548853,0.2,0.1246645450592041
,0.03,-3.50480946,,8390336,5962,,1316,904,,591.69,0.9868831038475037,0.0005841580423293635,0.106103515625,0.0008748361724428833,0.00805054,1.3280432850122452,20470,0.0003,0.017501477152109146,0.2,0.12468554079532623
,0.03,-3.473724040000001,,8394432,5966,,1317,904,,589.43,0.9551721811294556,0.001290337181853829,0.0889404296875,-0.0006369797702063806,0.010412076,1.3298969492316246,20480,0.0003,0.0016755869146436453,0.2,0.124305859208107
,0.03,-3.34191126,,8398528,5970,,1318,904,,589.43,0.9590959548950195,0.018482879867224255,0.0900634765625,-0.0018539229618909302,0.009449922,1.3487669490277767,20490,0.0003,0.005014944821596146,0.2,0.12229900062084198
23.533362890129787,0.05,-2.85196512,0.13046021627338028,8402624,5985,1.0849581766224157,1319,902,0.0,580.17,0.971553385257721,0.001088025806529913,0.0814697265625,-0.0005176111430046148,0.0065437662,1.3560238398611546,20500,0.0003,0.010424977168440819,0.2,0.12338390946388245
,0.05,-3.11209181,,8406720,5989,,1320,902,,580.17,0.8509644865989685,0.07819987850962207,0.0871826171875,-0.00589997428105562,0.007995199,1.350647935271263,20510,0.0003,0.02718072198331356,0.2,0.12311074882745743
,0.05,-2.8863417299999994,,8410816,5992,,1321,902,,580.17,0.9570099711418152,0.0029228297411464156,0.091650390625,0.0015268399525666609,0.008468373,1.351342722028494,20520,0.0003,0.006416302174329758,0.2,0.12340519577264786
,0.05,-3.00783143,,8414912,5996,,1322,903,,580.17,0.9442697167396545,0.01107358016379294,0.099853515625,-0.0013152961269952356,0.009443611,1.3486963994801044,20530,0.0003,-0.008575381711125374,0.2,0.12342804670333862
,0.05,-2.7881467400000006,,8419008,6000,,1323,903,,580.17,0.9864922165870667,0.0011808562212536344,0.10498046875,-0.004738425360847032,0.008750342,1.3441332302987576,20540,0.0003,0.005263718776404858,0.2,0.12386846542358398
,0.06,-2.89232065,,8423104,6003,,1324,903,,575.63,0.8770917057991028,0.022962998764705846,0.117626953125,-0.0058189064671751115,0.011030469,1.3398856170475484,20550,0.0003,0.005198885686695576,0.2,0.1239142194390297
,0.05,-3.0676050699999995,,8427200,6007,,1325,903,,579.66,0.6942815780639648,0.11883171310910257,0.1002685546875,0.0004287779680453241,0.009655743,1.3345682702958583,20560,0.0003,0.0020498521625995636,0.2,0.12449267506599426
,0.05,-3.3119502299999994,,8431296,6012,,1326,903,,579.66,0.9621539115905762,0.010741057149425614,0.088916015625,-0.0024899736818042584,0.0077585815,1.32729729115963,20570,0.0003,-0.009997814893722534,0.2,0.1248159110546112
,0.04,-3.54793769,,8435392,6016,,1327,903,,582.43,0.977557897567749,0.003049861987165059,0.103271484375,0.0004595454811351374,0.008415705,1.3261053748428822,20580,0.0003,0.009797054342925549,0.2,0.12459380179643631
,0.04,-3.3471930499999996,,8439488,6019,,1328,903,,582.43,0.9753414988517761,0.0009406063070855452,0.0713623046875,-0.0007557984528830275,0.005158838,1.322393450140953,20590,0.0003,0.0013294827658683062,0.2,0.1254194676876068
,0.04,-3.3924808600000005,,8443584,6023,,1329,903,,582.43,0.9556083679199219,0.005025820160517469,0.0830322265625,-0.0037686785028199664,0.008314083,1.3208100654184818,20600,0.0003,0.002178697846829891,0.2,0.12504355609416962
,0.04,-3.46679225,,8447680,6027,,1330,903,,582.43,0.9722650051116943,0.0030891080266883366,0.10283203125,-0.004908881147275679,0.0093578715,1.3186537139117718,20610,0.0003,-0.006660975515842438,0.2,0.12561799585819244
,0.03,-3.6731236099999993,,8451776,6031,,1331,903,,586.2,0.9774570465087891,0.001633056884020334,0.1053955078125,-0.004900543417898006,0.009766994,1.3086925894021988,20620,0.0003,-0.01852126233279705,0.2,0.12611797451972961
,0.03,-4.056592800000001,,8455872,6035,,1332,903,,586.2,0.9732323884963989,0.005899171904457034,0.09755859375,-0.004316435504006222,0.009163427,1.2956324011087417,20630,0.0003,0.00010445585940033197,0.2,0.12735417485237122
,0.03,-4.2015606299999995,,8459968,6039,,1333,904,,586.2,0.9798502922058105,0.005509338782576379,0.1025146484375,-0.0033295322631602176,0.008113302,1.284915255010128,20640,0.0003,-0.004079053644090891,0.2,0.12765316665172577
,0.01,-4.5773667,,8464064,6043,,1334,904,,595.46,0.9775389432907104,0.003100868120236555,0.07607421875,-0.004075005943013821,0.006590532,1.283327154815197,20650,0.0003,-0.00041633687214925885,0.2,0.12733615934848785
,0.01,-4.52125561,,8468160,6046,,1335,904,,595.46,0.9473108649253845,0.0071851666041766295,0.1093017578125,-0.004655900655779988,0.010181387,1.2894285030663013,20660,0.0003,0.015772880986332893,0.2,0.12708888947963715
,0.01,-4.64254272,,8472256,6050,,1336,904,,595.46,0.9601714611053467,0.0023939088074257596,0.1088623046875,-0.0015420406372868456,0.008978953,1.301922406256199,20670,0.0003,0.009502291679382324,0.2,0.12584131956100464
,0.02,-4.34102882,,8476352,6054,,1337,904,,590.65,0.9460874795913696,0.0019574457986891503,0.086181640625,-0.0018085754840285518,0.008225534,1.3180658400058747,20680,0.0003,-0.002740307478234172,0.2,0.12532907724380493
,0.02,-4.07670536,,8480448,6058,,1338,904,,590.65,0.8309947848320007,0.023916703370923643,0.094091796875,-0.0002729800711676944,0.005746465,1.3253347292542457,20690,0.0003,0.0034111877903342247,0.2,0.12483642250299454
,0.01,-4.3456883,,8484544,6062,,1339,904,,595.19,0.8710194230079651,0.014663595850288402,0.059814453125,-0.003791322189499624,0.0049946145,1.326935850828886,20700,0.0003,-0.004619645420461893,0.2,0.12535437941551208
,0.01,-4.303497279999999,,8488640,6066,,1340,904,,595.19,0.9748499989509583,0.0013142972378773266,0.1062744140625,-0.004411638333112933,0.008433544,1.315365720540285,20710,0.0003,-0.0037393909879028797,0.2,0.1263844221830368
,0.02,-3.8673514400000006,,8492736,6070,,1341,904,,590.94,0.976848840713501,0.001246697914757533,0.0960205078125,-0.0009071057618712075,0.008067993,1.3164137497544288,20720,0.0003,-0.0032430996652692556,0.2,0.1253419667482376
,0.02,-3.86356335,,8496832,6073,,1342,904,,590.94,0.8424110412597656,0.013317755127354758,0.0903564453125,0.0009783242567209527,0.0070559904,1.3269658900797368,20730,0.0003,0.01849287562072277,0.2,0.12487371265888214
22.044436147461774,0.02,-4.1423035399999995,0.1951055314734942,8500928,6089,1.0565741832731863,1343,903,0.0,590.94,0.9675666689872742,0.0021341470048355403,0.1157958984375,-0.002444589210790582,0.009998936,1.3222047686576843,20740,0.0003,0.005186248105019331,0.2,0.12564750015735626
,0.02,-3.93406802,,8505024,6093,,1344,903,,590.94,0.9815324544906616,0.0008044012124628352,0.0914306640625,-0.0011138863934320397,0.007499338,1.3182535879313946,20750,0.0003,-0.007650772575289011,0.2,0.12545989453792572
,0.02,-3.95280308,,8509120,6096,,1345,903,,590.94,0.9746843576431274,0.0019333850439579691,0.1362548828125,-0.0021470267151016743,0.0096535655,1.3296203136444091,20760,0.0003,-0.01583092100918293,0.2,0.12415953725576401
,0.02,-3.9127528799999998,,8513216,6100,,1346,903,,590.94,0.7469067573547363,0.021134425076888876,0.084033203125,-0.004241012890997808,0.006758102,1.323766028881073,20770,0.0003,-0.00434806989505887,0.2,0.12594516575336456
,0.03,-3.86164222,,8517312,6104,,1347,903,,586.39,0.976624608039856,0.006094114356164937,0.122021484375,-0.0013603039755253122,0.007336825,1.311418740451336,20780,0.0003,-0.007293928414583206,0.2,0.1258057802915573
,0.03,-3.881869660000001,,8521408,6108,,1348,903,,586.39,0.7142947912216187,0.06623164529155474,0.129833984375,0.00166223346022889,0.009967091,1.3220962949097157,20790,0.0003,0.09188573807477951,0.2,0.1247277781367302
,0.03,-3.74324603,,8525504,6112,,1349,903,,586.39,0.994678795337677,0.0005551870584895368,0.0938232421875,-0.0009488673837040551,0.009587523,1.345400370657444,20800,0.0003,-0.011117327027022839,0.2,0.12301324307918549
,0.03,-3.69966285,,8529600,6116,,1350,904,,586.39,0.9822506904602051,0.0007410851347231073,0.1105224609375,-0.005906737731856992,0.010256041,1.3468301512300969,20810,0.0003,0.0038529220037162304,0.2,0.12447129189968109
,0.02,-3.9992083499999995,,8533696,6120,,1351,904,,591.2,0.9668976664543152,0.002762334849103354,0.079345703125,-0.0049850381881697105,0.010006743,1.3332580640912055,20820,0.0003,-0.00484546460211277,0.2,0.1248643547296524
,0.02,-4.117541069999999,,8537792,6124,,1352,904,,591.2,0.9626201391220093,0.0029826754755049477,0.081591796875,0.0013816611928632483,0.0075939232,1.331045226752758,20830,0.0003,0.01233815960586071,0.2,0.12474334239959717
,0.02,-4.049261960000001,,8541888,6128,,1353,904,,591.2,0.9633663296699524,0.0058869089327345135,0.1177001953125,-0.005657592210627627,0.010089695,1.3204701229929925,20840,0.0003,-0.011782080866396427,0.2,0.1262180656194687
,0.02,-4.05616461,,8545984,6132,,1354,904,,591.2,0.9824236631393433,0.0014778357675822918,0.083544921875,-0.0001040275368723087,0.005607946,1.3092258751392365,20850,0.0003,-0.004412052687257528,0.2,0.12627997994422913
,0.01,-4.05489712,,8550080,6136,,1355,904,,595.45,0.9861410856246948,0.001052518816504744,0.1139892578125,-0.001247854701068718,0.007473541,1.3115592762827872,20860,0.0003,0.000639490142930299,0.2,0.12584173679351807
,0.01,-3.99017582,,8554176,6139,,1356,904,,595.45,0.9913002848625183,0.001348051831155317,0.111083984375,-0.005835186367039569,0.008189864,1.3107798770070076,20870,0.0003,0.0027198337484151125,0.2,0.12644025683403015
,0.01,-3.8583980999999996,,8558272,6143,,1357,904,,595.45,0.9786770939826965,0.001942524738569773,0.097021484375,-0.0030675502188387328,0.008775785,1.3053510710597038,20880,0.0003,0.006186823360621929,0.2,0.12624149024486542
,0.03,-3.7934962199999998,,8562368,6147,,1358,904,,585.12,0.9697979092597961,0.0036016851925523953,0.087255859375,-0.0027179000215255657,0.007175248,1.3134395495057105,20890,0.0003,0.0023166253231465816,0.2,0.1254805028438568
,0.04,-3.7108101799999993,,8566464,6151,,1359,904,,579.88,0.7704556584358215,0.043373247563431507,0.087060546875,-0.0014470690293819644,0.00680803,1.3243560902774334,20900,0.0003,0.02200498804450035,0.2,0.12497302889823914
,0.04,-3.5824999599999994,,8570560,6155,,1360,904,,579.88,0.8543718457221985,0.09795585689862492,0.0985595703125,-0.0019485369070025627,0.0075577497,1.3391180634498596,20910,0.0003,0.03857430815696716,0.2,0.12359082698822021
,0.04,-3.5020593699999996,,8574656,6159,,1361,905,,579.88,0.9487221240997314,0.002322292737517273,0.109814453125,-0.0004613720215274952,0.008396706,1.3516229376196862,20920,0.0003,0.001122737885452807,0.2,0.12325574457645416
,0.03,-3.662097530000001,,8578752,6163,,1362,905,,584.43,0.846877932548523,0.023521813075058164,0.1068603515625,-0.0002666172105818987,0.008108842,1.349596992880106,20930,0.0003,-0.006041297223418951,0.2,0.12376582622528076
,0.03,-3.58127318,,8582848,6167,,1363,905,,584.43,0.9617976546287537,0.002368528983424767,0.124462890625,-0.000677528150845319,0.0111192465,1.3486644983291627,20940,0.0003,-0.005661802366375923,0.2,0.12320568412542343
,0.03,-3.6478032099999997,,8586944,6171,,1364,905,,584.43,0.9543545842170715,0.003345107679706416,0.0990234375,-0.006766288704238832,0.013707733,1.335076854377985,20950,0.0003,0.006705732550472021,0.2,0.12552334368228912
,0.03,-3.7845057699999995,,8591040,6175,,1365,905,,584.43,0.926595151424408,0.008256435784278437,0.1201904296875,-0.005793216306483373,0.0087276315,1.3060611806809903,20960,0.0003,-0.009413915686309338,0.2,0.1266281008720398
,0.04,-3.5659895400000003,,8595136,6178,,1366,905,,579.51,0.9371739625930786,0.001795862459402997,0.102685546875,-0.000849140428181272,0.009127593,1.2867957904934884,20970,0.0003,-0.0090095866471529,0.2,0.1280348002910614
,0.04,-3.592097860000001,,8599232,6182,,1367,905,,579.51,0.821392834186554,0.025212157153873704,0.083935546875,-2.188241051044315e-05,0.009796959,1.294436763972044,20980,0.0003,0.0049208663403987885,0.2,0.12533098459243774
23.783173653549547,0.04,-3.64462947,0.08502053769566478,8603328,6198,0.6095723425571552,1368,903,0.0,579.51,0.9845499992370605,0.0009956249987226329,0.1125,-0.0033029275640728884,0.012352896,1.3254510149359704,20990,0.0003,-0.007429719436913729,0.2,0.12463755905628204
,0.04,-3.6056823799999993,,8607424,6202,,1369,904,,579.51,0.9732088446617126,0.001501648238809139,0.0953125,0.00025629406445659697,0.0073047094,1.329094870388508,21000,0.0003,0.006940036080777645,0.2,0.1247730404138565
,0.05,-3.6303371400000004,,8611520,6205,,1370,904,,574.89,0.9742066264152527,0.0025832137929683086,0.1181884765625,-0.002187532298557926,0.00917314,1.3346963725984096,21010,0.0003,-0.015895744785666466,0.2,0.12379517406225204
,0.05,-3.5299978499999995,,8615616,6209,,1371,904,,574.89,0.9588766098022461,0.014756897448387462,0.1098388671875,-0.0022389219113392754,0.009796809,1.343882792443037,21020,0.0003,0.0004009953700006008,0.2,0.12373682856559753
,0.03,-3.4646198700000004,,8619712,6213,,1372,904,,585.22,0.990094006061554,0.00040163321973523124,0.08916015625,-0.00027776468050433323,0.0064446693,1.3449795685708523,21030,0.0003,0.02581929601728916,0.2,0.12382607907056808
,0.02,-3.6506416699999993,,8623808,6216,,1373,904,,590.46,0.9808546304702759,0.0009538765526485804,0.1259521484375,-0.0020904944278299807,0.012133392,1.336465882509947,21040,0.0003,-0.015920083969831467,0.2,0.12453332543373108
,0.02,-3.51621903,,8627904,6220,,1374,904,,590.46,0.9880526661872864,0.0007018982172667165,0.09296875,-0.0018707631490542554,0.011143327,1.3468849129974843,21050,0.0003,-0.007135098334401846,0.2,0.12275655567646027
,0.03,-3.2051106300000005,,8632000,6224,,1375,904,,586.03,0.9664028882980347,0.0006572538294676633,0.123974609375,0.0010761140700196847,0.011780232,1.361259012669325,21060,0.0003,0.005134205799549818,0.2,0.12253500521183014
,0.03,-2.97728905,,8636096,6228,,1376,904,,586.03,0.9621952176094055,0.010584682051921845,0.091455078125,-0.00018239958444610238,0.009603048,1.3849552407860757,21070,0.0003,-0.00014366395771503448,0.2,0.12014113366603851
,0.03,-2.9664286499999997,,8640192,6232,,1377,905,,586.03,0.9826411604881287,0.0009394987077939732,0.146728515625,-0.005963208740286064,0.014465135,1.4036570221185685,21080,0.0003,0.0027527285274118185,0.2,0.12009121477603912
,0.03,-3.0290369499999996,,8644288,6236,,1378,905,,586.03,0.9649314880371094,0.00989439808035968,0.119091796875,-0.008220711638568901,0.013499603,1.4043177835643292,21090,0.0003,-0.0010931186843663454,0.2,0.11995428800582886
,0.03,-3.04847614,,8648384,6240,,1379,905,,586.03,0.963230311870575,0.005735527839533461,0.10546875,-0.003941916073381435,0.0081888195,1.4141596741974354,21100,0.0003,-0.014421328902244568,0.2,0.1190468966960907
,0.02,-3.2669158599999992,,8652480,6244,,1380,905,,590.95,0.8823703527450562,0.0015519628705078503,0.0892578125,0.0037789384557981977,0.009280071,1.4259634263813497,21110,0.0003,-0.0083158602938056,0.2,0.11864100396633148
,0.02,-3.34152467,,8656576,6248,,1381,905,,590.95,0.9571926593780518,0.0019287897517642704,0.078857421875,0.00013322730810614303,0.004938295,1.4322146214544773,21120,0.0003,2.7639209292829037e-05,0.2,0.11827360093593597
,0.04,-3.152028979999999,,8660672,6252,,1382,905,,584.65,0.9354885220527649,0.0057241848488047255,0.100927734375,-0.0029989023300004193,0.009393491,1.4324913576245308,21130,0.0003,-0.0013107379199936986,0.2,0.11842787265777588
,0.04,-3.2083374100000004,,8664768,6256,,1383,905,,584.65,0.4847812056541443,0.08795249941758812,0.114111328125,0.0002286173461470753,0.009527268,1.4538548655807972,21140,0.0003,0.019931111484766006,0.2,0.11602683365345001
,0.03,-3.28747733,,8668864,6260,,1384,905,,589.27,0.9021955132484436,0.0018139674230042147,0.0939208984375,-0.0016851658969244455,0.006465705,1.4709769919514657,21150,0.0003,0.007413844112306833,0.2,0.11645587533712387
,0.03,-3.42307974,,8672960,6264,,1385,905,,589.27,0.9572157859802246,0.006956262150924886,0.1155517578125,-0.006928932068694849,0.007786832,1.4712049074470996,21160,0.0003,-0.006123242434114218,0.2,0.11571390181779861
,0.03,-3.521814509999999,,8677056,6268,,1386,905,,589.27,0.9848600029945374,0.0020916131854392004,0.1031494140625,-0.001704847150540445,0.008172099,1.4777876317501069,21170,0.0003,-0.007778622210025787,0.2,0.11589804291725159
,0.03,-3.6004348200000003,,8681152,6272,,1387,905,,589.27,0.9422470331192017,0.0035854110599757407,0.1333984375,-0.003486542630707845,0.011203206,1.4740434773266315,21180,0.0003,0.002018529688939452,0.2,0.1159045621752739
,0.03,-3.4468077800000003,,8685248,6276,,1388,905,,589.27,0.9581142663955688,0.0005222830199272721,0.1209228515625,-0.0014872529107378795,0.010377973,1.4739255435764789,21190,0.0003,-0.00438128225505352,0.2,0.11608520150184631
,0.02,-3.76238007,,8689344,6279,,1389,905,,593.7,0.9696319699287415,0.003113836011470994,0.1172607421875,-0.003949094437120948,0.011032499,1.4762839734554292,21200,0.0003,-0.02184685878455639,0.2,0.11568722128868103
,0.02,-3.7954161099999997,,8693440,6283,,1390,906,,593.7,0.8084814548492432,0.010870609436824451,0.080224609375,0.0003786489352933131,0.0060587423,1.4807409361004829,21210,0.0003,0.000775875523686409,0.2,0.11534297466278076
,0.02,-3.9027643899999998,,8697536,6287,,1391,906,,593.7,0.9699806571006775,0.0018251213325129357,0.087890625,-0.00239148631299031,0.0080623645,1.4935189343988895,21220,0.0003,-0.015296523459255695,0.2,0.11434100568294525
22.884995132944915,0.02,-3.7348976000000005,0.144818361040631,8701632,6303,0.791482798404419,1392,904,0.0,593.7,0.8165888786315918,0.0034830963633794452,0.0953125,-0.0015512177284108474,0.009283191,1.5039866402745248,21230,0.0003,0.009862799197435379,0.2,0.11424794793128967
,0.02,-3.622188269999999,,8705728,6307,,1393,904,,593.7,0.9798551797866821,0.0007513934044254711,0.1169677734375,0.001748478515946772,0.009525176,1.4958454623818398,21240,0.0003,-0.003663863055408001,0.2,0.11538250744342804
,0.03,-3.1519890700000004,,8709824,6310,,1394,904,,589.43,0.9669531583786011,0.0035671793379151496,0.09111328125,-0.0005536016942642163,0.008674946,1.4796208016574384,21250,0.0003,0.0010187344159930944,0.2,0.11604563891887665
,0.03,-2.98202667,,8713920,6314,,1395,904,,589.43,0.8355914950370789,0.01675633574195672,0.07705078125,-0.002871428847720381,0.006276491,1.4874829940497876,21260,0.0003,0.0019522523507475853,0.2,0.11427882313728333
,0.03,-2.8286611999999995,,8718016,6318,,1396,904,,585.36,0.9583696722984314,0.0010872310816921527,0.12734375,-0.004328021060791798,0.008854638,1.4947476893663407,21270,0.0003,-0.00252743624150753,0.2,0.11531415581703186
,0.03,-2.99235127,,8722112,6322,,1397,905,,585.36,0.6825046539306641,0.043215533852344376,0.0772705078125,0.00036686336388811467,0.004510278,1.4951446190476418,21280,0.0003,-0.005671229679137468,0.2,0.11416694521903992
,0.03,-3.2554260299999993,,8726208,6325,,1398,905,,585.36,0.9864009022712708,0.0017380893772497076,0.1083984375,-0.00185436159663368,0.009186439,1.5066530853509903,21290,0.0003,0.009216805920004845,0.2,0.11404651403427124
,0.03,-3.2446907499999997,,8730304,6329,,1399,905,,585.36,0.9901037812232971,0.002527336826824467,0.12001953125,-0.005192021683615167,0.010029914,1.507427527755499,21300,0.0003,0.012187437154352665,0.2,0.11398924142122269
,0.03,-3.2567411199999996,,8734400,6333,,1400,905,,585.36,0.9824003577232361,0.002107380058805575,0.1103759765625,-0.002324662035971414,0.009204116,1.5180085122585296,21310,0.0003,-0.011577344499528408,0.2,0.1130228117108345
,0.04,-3.2059312699999998,,8738496,6337,,1401,905,,579.98,0.9753308296203613,0.003191399034767528,0.116845703125,-0.0012076521263225005,0.0066628,1.5350090831518173,21320,0.0003,-0.002835905645042658,0.2,0.11224810779094696
,0.04,-3.30866551,,8742592,6341,,1402,905,,579.98,0.8892411589622498,0.015237390013498952,0.130712890625,-0.0011372731780284085,0.0109200245,1.5510720700025558,21330,0.0003,0.006447070278227329,0.2,0.11110764741897583
,0.04,-3.3999030599999998,,8746688,6345,,1403,905,,579.98,0.9454766511917114,0.0034712610726273852,0.085009765625,0.00030986435594968496,0.0067832866,1.55352793186903,21340,0.0003,6.376928649842739e-05,0.2,0.11192408204078674
,0.04,-3.71665325,,8750784,6349,,1404,905,,579.98,0.9689355492591858,0.0048186658266786255,0.1333251953125,-0.002948126071714796,0.008068467,1.5513680934906007,21350,0.0003,-0.006889616139233112,0.2,0.11120009422302246
,0.05,-3.5816622900000006,,8754880,6353,,1405,905,,574.59,0.9923523664474487,0.0015997134429198922,0.108154296875,-0.003361147487157723,0.010543498,1.5594750985503196,21360,0.0003,-0.003186407033354044,0.2,0.11107137799263
,0.07,-3.5890093100000002,,8758976,6357,,1406,905,,565.01,0.959901750087738,0.011463184530293801,0.1174072265625,-0.0010764047387056054,0.0082766805,1.5690230213105678,21370,0.0003,-0.0017503846902400255,0.2,0.11020991951227188
,0.07,-3.7114856599999997,,8763072,6361,,1407,905,,565.01,0.8623319268226624,0.04343875867707538,0.1201416015625,-0.0009927845578204142,0.009645984,1.5753922142088412,21380,0.0003,0.03375762701034546,0.2,0.1103043407201767
,0.06,-4.018259129999999,,8767168,6365,,1408,906,,569.28,0.8496161103248596,0.022710493223712547,0.1059814453125,-0.006208500114735216,0.029194716,1.5666294127702713,21390,0.0003,-0.008957070298492908,0.2,0.11093137413263321
,0.06,-4.317116260000001,,8771264,6369,,1409,906,,569.28,0.9360256791114807,0.005732496768177953,0.1001953125,-0.006555862902314402,0.0078993365,1.5657114587724208,21400,0.0003,-0.0076203420758247375,0.2,0.11091265827417374
,0.06,-4.443002369999999,,8775360,6373,,1410,906,,569.28,0.9755858778953552,0.0035159395956725348,0.1063232421875,-0.0017702078221191186,0.01012176,1.5698931865394115,21410,0.0003,-0.008868151344358921,0.2,0.11052422225475311
,0.04,-4.5843961,,8779456,6376,,1411,906,,579.65,0.9763047099113464,0.0023372963594738396,0.0890380859375,-0.0008539265472791158,0.0077230586,1.5762487292289733,21420,0.0003,0.00036087294574826956,0.2,0.11020934581756592
,0.04,-4.30232084,,8783552,6380,,1412,906,,579.65,0.9782516956329346,0.0024983320168757927,0.135693359375,-0.005352227097318973,0.008370683,1.5853605024516582,21430,0.0003,-0.008822706528007984,0.2,0.10950452089309692
,0.04,-4.4164732099999995,,8787648,6384,,1413,906,,579.65,0.9075830578804016,0.003600551156705478,0.103466796875,-0.0016221124038565903,0.0055077644,1.589188990741968,21440,0.0003,-0.0006813202635385096,0.2,0.10950111597776413
,0.04,-4.7134629200000004,,8791744,6388,,1414,906,,579.65,0.9234520196914673,0.002951743748417357,0.0787353515625,0.00014597681147279217,0.00616493,1.5813092596828937,21450,0.0003,0.007516104262322187,0.2,0.1102064698934555
,0.03,-5.010184700000001,,8795840,6392,,1415,906,,585.03,0.9095046520233154,0.005620358155283611,0.0878173828125,0.00043234102486167103,0.010196056,1.5724154561758041,21460,0.0003,0.002948523499071598,0.2,0.11031889915466309
,0.03,-5.071192149999999,,8799936,6396,,1416,906,,585.03,0.9862465262413025,0.0030836882811854593,0.0989013671875,-0.002916656511661131,0.009376749,1.5755219034850598,21470,0.0003,0.006516891531646252,0.2,0.11015044152736664
19.385604888877328,0.03,-5.3152423299999985,0.38916026062242526,8804032,6414,2.200256703225439,1417,904,0.0,585.03,0.9782262444496155,0.0037969472405166016,0.10576171875,-0.00046119129547150806,0.012247797,1.5759267061948776,21480,0.0003,0.007996375672519207,0.2,0.11021330952644348
,0.03,-5.107292040000001,,8808128,6418,,1418,904,,585.03,0.9944719672203064,0.0012452277281226997,0.1138427734375,-0.0028632962188567036,0.0076207924,1.5800458766520022,21490,0.0003,0.0025589389260858297,0.2,0.10969889163970947
,0.03,-5.03518203,,8812224,6421,,1419,905,,585.03,0.9928683638572693,0.0008583106406149455,0.0921630859375,-0.0017912747760419733,0.0069910865,1.5826762929558753,21500,0.0003,-0.009842948988080025,0.2,0.10999971628189087
,0.02,-5.05539761,,8816320,6425,,1420,905,,590.42,0.923586905002594,0.0026985846878233135,0.115576171875,0.0014002199575770646,0.008854223,1.5767793849110603,21510,0.0003,-0.0035568000748753548,0.2,0.11030465364456177
,0.0,-5.278497099999999,,8820416,6429,,1421,905,,600.0,0.8959861397743225,0.019925072066689607,0.1161376953125,0.0009912148307194002,0.006713296,1.5762939766049384,21520,0.0003,0.0058782100677490234,0.2,0.11024165153503418
,0.0,-5.422808699999999,,8824512,6433,,1422,905,,600.0,0.9873718023300171,0.0023023652534902793,0.0994384765625,-0.00405222768895328,0.011975895,1.5721125476062299,21530,0.0003,-0.016900328919291496,0.2,0.11065036058425903
,0.0,-5.56997928,,8828608,6437,,1423,905,,600.0,0.9548787474632263,0.0070639347708493,0.12265625,-0.004598153465485666,0.010337872,1.5732107132673263,21540,0.0003,-0.014775382354855537,0.2,0.11029694974422455
,0.0,-5.3444974,,8832704,6440,,1424,905,,600.0,0.9839242100715637,0.002423122710752068,0.0977783203125,-0.0008766561513766646,0.0075767725,1.5846717350184918,21550,0.0003,-0.004719982389360666,0.2,0.10945026576519012
,0.01,-5.374313990000001,,8836800,6444,,1425,905,,596.55,0.9242991209030151,0.011883798742928775,0.1011962890625,-0.0029748492008366155,0.010208171,1.5890383094549179,21560,0.0003,-0.007758713327348232,0.2,0.10979273915290833
,0.01,-5.68299662,,8840896,6448,,1426,905,,596.55,0.8118845820426941,0.03337828967851238,0.10712890625,-0.003203629414201714,0.008275926,1.5965629942715167,21570,0.0003,-0.002290700562298298,0.2,0.10860396176576614
,0.01,-5.636808149999999,,8844992,6452,,1427,905,,596.55,0.948438286781311,0.007666999230787041,0.092333984375,-0.001383784420613665,0.0065972195,1.6108388878405093,21580,0.0003,-0.010088155046105385,0.2,0.10833568871021271
,0.01,-5.3236586899999985,,8849088,6456,,1428,905,,596.55,0.9747726321220398,0.004285653400165757,0.111181640625,-0.004989878612104803,0.009320436,1.610225637257099,21590,0.0003,-0.015073890797793865,0.2,0.10862140357494354
,0.01,-5.16746977,,8853184,6459,,1429,906,,596.55,0.9533961415290833,0.00955526106117759,0.11025390625,-0.004449021475738846,0.0097030215,1.603945865482092,21600,0.0003,-0.0001700911670923233,0.2,0.10897843539714813
,0.01,-5.01511725,,8857280,6463,,1430,906,,596.55,0.9603390097618103,0.003371734370739432,0.106103515625,-0.0021485800127265973,0.010379169,1.6054649256169795,21610,0.0003,0.0008464024867862463,0.2,0.10844652354717255
,0.01,-4.97346092,,8861376,6467,,1431,906,,596.55,0.8924905061721802,0.013091269294091035,0.0947265625,-0.0031853015621891244,0.008225439,1.6154191665351392,21620,0.0003,0.004223835654556751,0.2,0.10814158618450165
,0.01,-4.89587533,,8865472,6471,,1432,906,,596.55,0.6566176414489746,0.005741787613806082,0.08125,0.0038534182327566668,0.00730893,1.6149050936102867,21630,0.0003,-0.002831554040312767,0.2,0.1084136962890625
,0.02,-4.7082322,,8869568,6475,,1433,906,,594.05,0.9136634469032288,0.0044418437537387945,0.1085693359375,-0.001956223213346675,0.011035165,1.6049358651041985,21640,0.0003,0.01310744509100914,0.2,0.10935305058956146
,0.02,-4.81525528,,8873664,6479,,1434,906,,594.05,0.49982619285583496,0.04509005045547383,0.113623046875,0.0028466576550272293,0.0054057813,1.5987799867987633,21650,0.0003,0.015956157818436623,0.2,0.10882806777954102
,0.02,-4.7686298,,8877760,6483,,1435,906,,594.05,0.9174014925956726,0.008320348343113437,0.1021728515625,-0.0031052714912220836,0.011494927,1.6144727632403373,21660,0.0003,0.007883142679929733,0.2,0.1078939288854599
,0.02,-4.9139561,,8881856,6487,,1436,906,,594.05,0.9472928047180176,0.0063368916991748845,0.1011962890625,-0.0027110102426377127,0.007543292,1.6286196090281009,21670,0.0003,0.0030761482194066048,0.2,0.10726459324359894
,0.02,-4.83934788,,8885952,6491,,1437,906,,594.05,0.9683690071105957,0.010764477534394246,0.1217041015625,-0.005242131391423754,0.009093013,1.6270532473921775,21680,0.0003,-0.012009959667921066,0.2,0.1079990565776825
,0.02,-4.75297063,,8890048,6495,,1438,906,,594.05,0.9637837409973145,0.004345037291932386,0.093310546875,-0.0003976915373641532,0.009242216,1.615404015034437,21690,0.0003,0.0014647069619968534,0.2,0.10836032032966614
,0.01,-4.905526890000001,,8894144,6499,,1439,906,,597.5,0.9617359042167664,0.0026572739912808173,0.0895751953125,0.00018224527011625468,0.009035312,1.608456739783287,21700,0.0003,-0.005601898767054081,0.2,0.10850191116333008
,0.01,-5.0998342,,8898240,6503,,1440,906,,597.5,0.9166316390037537,0.020848639731411822,0.1155029296875,-0.007509469588694628,0.009896891,1.6158371679484844,21710,0.0003,0.0012150213588029146,0.2,0.10749240964651108
22.375952352242695,0.01,-5.1261218600000005,0.2878436529333941,8902336,6519,2.801494540179065,1441,905,0.0,597.5,0.9830927848815918,0.0014292142757767578,0.0999755859375,-0.0021885437105083837,0.006216547,1.6347428902983665,21720,0.0003,-0.01097468938678503,0.2,0.10653892159461975
,0.01,-5.075633440000001,,8906432,6523,,1442,905,,597.5,0.9326388835906982,0.003573571936431108,0.104052734375,-0.006712310724833514,0.009327664,1.6368080884218217,21730,0.0003,-0.014581995084881783,0.2,0.10730188339948654
,0.01,-5.1676648200000015,,8910528,6527,,1443,905,,597.5,0.9469045400619507,0.001667465316131711,0.1022216796875,-0.00015800458058947697,0.007177824,1.6284499123692513,21740,0.0003,-0.009194391779601574,0.2,0.10724952816963196
,0.01,-5.496548670000001,,8914624,6530,,1444,905,,597.5,0.9140018820762634,0.0031887091092357876,0.0982421875,-0.0007992512386408634,0.012455409,1.6155275747179985,21750,0.0003,0.0049622440710663795,0.2,0.10882651805877686
,0.01,-5.471328049999999,,8918720,6534,,1445,905,,597.5,0.9524680972099304,0.00999578481714707,0.1189208984375,0.0013442894574836827,0.007882703,1.6035835109651089,21760,0.0003,0.003949988633394241,0.2,0.10872702300548553
,0.01,-5.390299039999999,,8922816,6538,,1446,905,,597.5,0.9814250469207764,0.0025791025858779904,0.1384521484375,-0.0034028072492219507,0.0104218405,1.6096577152609826,21770,0.0003,-0.01757289096713066,0.2,0.10816153883934021
,0.01,-5.61419084,,8926912,6542,,1447,905,,597.5,0.959044337272644,0.006740615491435164,0.125146484375,-0.0054655934131005775,0.012237139,1.6252442806959153,21780,0.0003,-0.004672374110668898,0.2,0.10724999010562897
,0.0,-6.025022289999999,,8931008,6546,,1448,905,,600.0,0.9607473611831665,0.002614276395070192,0.098388671875,0.0018571232954855076,0.006772563,1.6299547791481017,21790,0.0003,0.008359747007489204,0.2,0.10722245275974274
,0.0,-6.326731100000001,,8935104,6550,,1449,906,,600.0,0.9561066627502441,0.0062723917857510966,0.104833984375,-0.005500667612068355,0.008963039,1.6260814860463142,21800,0.0003,-0.009021680802106857,0.2,0.10785436630249023
,0.02,-6.2400268699999994,,8939200,6554,,1450,906,,589.91,0.868248462677002,0.01483361227074056,0.0949462890625,-0.004851421994681004,0.009557626,1.6194476515054703,21810,0.0003,0.0012810039333999157,0.2,0.1078619658946991
,0.02,-5.81202115,,8943296,6558,,1451,906,,589.91,0.6631555557250977,0.06553404538426548,0.1261962890625,-0.00175448092923034,0.011294558,1.623000281304121,21820,0.0003,0.007461348082870245,0.2,0.1075410544872284
,0.02,-5.793411100000001,,8947392,6562,,1452,906,,589.91,0.949099063873291,0.01167047525959788,0.0911865234375,-0.0018432907432725187,0.009543522,1.6314559437334537,21830,0.0003,0.009199293330311775,0.2,0.10705675184726715
,0.02,-5.8018616000000005,,8951488,6566,,1453,906,,589.91,0.9683692455291748,0.0026746790314064127,0.0857421875,-0.0010138358033145779,0.0098945405,1.6309964761137963,21840,0.0003,0.00042416673386469483,0.2,0.10755796730518341
,0.02,-5.65295784,,8955584,6570,,1454,906,,589.91,0.9933260679244995,0.0006616093287448166,0.127783203125,-0.002756566251628101,0.01149779,1.6180505000054837,21850,0.0003,0.011514184065163136,0.2,0.10836365818977356
,0.02,-5.35832276,,8959680,6574,,1455,906,,589.91,0.9645094871520996,0.003034925138490507,0.105712890625,-0.006451233625557507,0.011111484,1.615928442031145,21860,0.0003,-0.01481161080300808,0.2,0.10786400735378265
,0.02,-5.48400301,,8963776,6578,,1456,906,,589.91,0.9739274382591248,0.0014857187921734293,0.0960693359375,-0.003095654527714942,0.008103577,1.6292388595640659,21870,0.0003,-0.007479405961930752,0.2,0.10701824724674225
,0.02,-5.53885084,,8967872,6581,,1457,906,,589.91,0.9847692251205444,0.0038152502314915183,0.1017822265625,-0.0034554645855678244,0.008364482,1.6417204581201077,21880,0.0003,-0.00451688002794981,0.2,0.10631740838289261
,0.02,-5.58440387,,8971968,6585,,1458,906,,589.91,0.9781805276870728,0.002258759697906498,0.105078125,-0.00022998607601039113,0.00920623,1.6532204896211624,21890,0.0003,-0.013112597167491913,0.2,0.10591556131839752
,0.02,-5.185008940000001,,8976064,6589,,1459,906,,589.91,0.9944105744361877,0.0010878125411181827,0.1255126953125,0.0013628780230646952,0.007935093,1.6526901334524156,21900,0.0003,0.009736302308738232,0.2,0.10641421377658844
,0.02,-5.27016751,,8980160,6593,,1460,906,,589.91,0.9908984303474426,0.0009243858436093433,0.1240478515625,-2.053261414403096e-05,0.01266194,1.6445377126336098,21910,0.0003,0.024750886484980583,0.2,0.1066584512591362
,0.02,-5.42777317,,8984256,6597,,1461,907,,589.91,0.988845705986023,0.0014555005773218,0.1516357421875,-0.0014070406396058388,0.009578116,1.6500056140124797,21920,0.0003,-0.010921104811131954,0.2,0.10596808791160583
,0.02,-4.8668920700000005,,8988352,6600,,1462,907,,589.91,0.991340160369873,0.0014530594159623434,0.11396484375,-0.0034740313392831014,0.011662352,1.6676696948707104,21930,0.0003,-0.0023048529401421547,0.2,0.10490401089191437
,0.02,-4.5914525,,8992448,6604,,1463,907,,589.91,0.9927515983581543,0.0005877152570974431,0.1187255859375,-0.002594482006679755,0.010410454,1.674756194651127,21940,0.0003,0.00981056597083807,0.2,0.10518279671669006
,0.02,-4.6202979399999995,,8996544,6608,,1464,907,,589.91,0.8344408273696899,0.009521606969792628,0.1125732421875,-0.0017681560828350484,0.012587981,1.6776457332074641,21950,0.0003,0.006636185105890036,0.2,0.10456904768943787
20.87096297401455,0.0,-4.85182585,0.26498423476404176,9000640,6624,2.4578503908905858,1465,905,0.0,600.0,0.9569406509399414,0.00442882317074691,0.11064453125,-0.004796951066600741,0.011553435,1.6790882088243961,21960,0.0003,-0.005227493122220039,0.2,0.10529334843158722
,0.0,-4.92099196,,9004736,6628,,1466,905,,600.0,0.9963744878768921,0.0005868830800864089,0.1155029296875,0.003530521848006174,0.009186284,1.672610192000866,21970,0.0003,0.016442816704511642,0.2,0.10544922947883606
,0.0,-4.9655037,,9008832,6631,,1467,906,,600.0,0.9719062447547913,0.012100566012304626,0.073779296875,0.0013129011174896732,0.0055327076,1.6588639624416828,21980,0.0003,-0.0014498785603791475,0.2,0.10675618797540665
,0.0,-4.999811869999999,,9012928,6635,,1468,906,,600.0,0.9778140187263489,0.007587760979367886,0.1181396484375,-0.003570239621330984,0.013023693,1.638409997522831,21990,0.0003,-0.0019480754854157567,0.2,0.10769262909889221
,0.0,-5.078067219999999,,9017024,6639,,1469,906,,600.0,0.9840540885925293,0.0022199148468644127,0.11708984375,-0.0018435453646816313,0.00949859,1.6247784674167634,22000,0.0003,-0.010045187547802925,0.2,0.10810644924640656
,0.0,-5.184417519999999,,9021120,6642,,1470,906,,600.0,0.9948364496231079,0.0004592003514517273,0.1251953125,-0.003527878996101208,0.013015591,1.6139977902173996,22010,0.0003,-0.0022445477079600096,0.2,0.10903562605381012
,0.0,-4.936966440000001,,9025216,6646,,1471,906,,600.0,0.9896763563156128,0.002059185002872255,0.112890625,-0.003273301110311877,0.0061429352,1.611986767500639,22020,0.0003,-0.008368831127882004,0.2,0.10862618684768677
,0.0,-5.010829,,9029312,6650,,1472,906,,600.0,0.9591410756111145,0.002968890418560477,0.1129150390625,0.0005086164441308938,0.009234054,1.615529967099428,22030,0.0003,0.017061946913599968,0.2,0.10842888802289963
,0.0,-4.9977139500000005,,9033408,6654,,1473,906,,600.0,0.9728401303291321,0.002358310678755515,0.113916015625,-0.0015067317421198823,0.008665546,1.6163164712488651,22040,0.0003,-0.013455078937113285,0.2,0.10863228887319565
,0.0,-4.863986290000001,,9037504,6658,,1474,906,,600.0,0.9558256268501282,0.005474685617809882,0.078662109375,-0.0009751532154041343,0.0047014197,1.6159987919032575,22050,0.0003,-0.0063089895993471146,0.2,0.10850514471530914
,0.01,-4.8477584600000005,,9041600,6661,,1475,906,,598.1,0.8143733739852905,0.004519234913823311,0.1031982421875,-0.005442129429138731,0.007813594,1.6099045753479004,22060,0.0003,-0.015210309997200966,0.2,0.1093212217092514
,0.01,-4.7343929000000005,,9045696,6665,,1476,906,,598.1,0.8528243899345398,0.09900904157548211,0.07255859375,-0.001273327310627792,0.0063734166,1.6014363490045072,22070,0.0003,0.07712135463953018,0.2,0.10934103280305862
,0.01,-4.7219940199999995,,9049792,6669,,1477,907,,598.1,0.9778151512145996,0.0027034309066948483,0.1028564453125,-0.001025695839780383,0.009095684,1.6036548599600793,22080,0.0003,-0.007415924686938524,0.2,0.109190434217453
,0.01,-4.760707600000001,,9053888,6673,,1478,907,,598.1,0.9705026745796204,0.010362565708783222,0.11640625,0.001790558263019193,0.008464515,1.6125769011676312,22090,0.0003,0.028478730469942093,0.2,0.10854190587997437
,0.01,-4.39631148,,9057984,6677,,1479,907,,598.1,0.9694527387619019,0.004590739055493032,0.1276611328125,-0.001347461636760272,0.0097879665,1.6201310127973556,22100,0.0003,0.009160241112112999,0.2,0.10829780995845795
,0.01,-4.31848634,,9062080,6681,,1480,907,,598.1,0.9674184918403625,0.006418336726346752,0.0611572265625,0.0017502540678833612,0.0055156723,1.6288075424730777,22110,0.0003,0.0031438276637345552,0.2,0.10764870047569275
,0.01,-4.68589714,,9066176,6684,,1481,907,,598.1,0.9791523814201355,0.005120164127583848,0.117041015625,-0.0016479986952617764,0.008159904,1.6374609097838402,22120,0.0003,-0.011633136309683323,0.2,0.10753640532493591
,0.01,-4.501738919999999,,9070272,6688,,1482,907,,598.1,0.9890804886817932,0.002686530854771263,0.1126953125,-0.0029539005307015033,0.009491304,1.6315721899271012,22130,0.0003,-0.002293503377586603,0.2,0.10788851976394653
,0.01,-4.42848713,,9074368,6692,,1483,907,,598.1,0.9747103452682495,0.0008023447056075383,0.097705078125,0.001130629435647279,0.0094784135,1.6305593110620975,22140,0.0003,-0.00015050054935272783,0.2,0.10753574967384338
,0.03,-4.032478159999999,,9078464,6696,,1484,907,,589.96,0.9784572720527649,0.0037557213930995204,0.088916015625,-0.0024338675597391558,0.0062255487,1.6208006508648396,22150,0.0003,0.007956411689519882,0.2,0.10895642638206482
,0.03,-3.84495144,,9082560,6700,,1485,907,,589.96,0.8243088126182556,0.1299579191429075,0.08759765625,-0.005358538054861128,0.006196157,1.621087646484375,22160,0.0003,-0.009132861159741879,0.2,0.10742709040641785
,0.03,-3.96901302,,9086656,6704,,1486,907,,589.96,0.9427804946899414,0.012937868650624296,0.0975830078125,-0.0032459207737701944,0.009609397,1.6323153011500835,22170,0.0003,-0.011996587738394737,0.2,0.10770654678344727
,0.03,-3.91837727,,9090752,6708,,1487,907,,589.96,0.9779001474380493,0.005801192571016145,0.0895263671875,-0.0003762990003451705,0.00750653,1.6301900342106819,22180,0.0003,0.005740687251091003,0.2,0.107563316822052
,0.03,-3.8616667099999997,,9094848,6712,,1488,907,,589.96,0.8808601498603821,0.02493661771295592,0.1107421875,-0.004742528130009305,0.007339756,1.6387091547250747,22190,0.0003,0.008646383881568909,0.2,0.10687600076198578
,0.03,-4.10130016,,9098944,6716,,1489,908,,589.96,0.9581424593925476,0.007659859618070186,0.103173828125,-0.0002035469577094773,0.0111811785,1.642055507004261,22200,0.0003,-0.0012682683300226927,0.2,0.10724060237407684
23.162635590637723,0.02,-4.533891839999999,0.272516950486212,9103040,6732,3.4631129568202086,1490,906,0.0,591.86,0.8626099228858948,0.014424210924335056,0.0725341796875,-0.005141623444797005,0.008549802,1.6428358100354672,22210,0.0003,0.0054229190573096275,0.2,0.10640103369951248
,0.02,-4.461121,,9107136,6736,,1491,906,,591.86,0.9437551498413086,0.005355843895085854,0.108642578125,-0.0021350671915570272,0.010607767,1.6531641788780689,22220,0.0003,-0.008760758675634861,0.2,0.10612602531909943
,0.02,-4.70706442,,9111232,6739,,1492,906,,591.86,0.9681522250175476,0.005292167760853772,0.096728515625,-0.0009214070363668725,0.007437637,1.6515573143959046,22230,0.0003,0.009537717327475548,0.2,0.10671068727970123
,0.02,-5.121473130000001,,9115328,6743,,1493,906,,591.86,0.9556275010108948,0.003966349562688265,0.0972900390625,-0.0005358276379411109,0.011519922,1.6380163349211216,22240,0.0003,-0.0014186033513396978,0.2,0.10773244500160217
,0.02,-5.39124317,,9119424,6746,,1494,906,,591.86,0.9406388401985168,0.0047342796307930255,0.1443115234375,-0.002954932290595025,0.0105083,1.6246033795177937,22250,0.0003,-0.0015441315481439233,0.2,0.10830917954444885
,0.03,-5.17230464,,9123520,6750,,1495,907,,587.11,0.9707861542701721,0.002281250181476935,0.0916748046875,0.0005284336046315729,0.00995763,1.6164909817278386,22260,0.0003,-0.010039784014225006,0.2,0.10870692133903503
,0.03,-5.27291515,,9127616,6754,,1496,907,,587.11,0.7612103819847107,0.11588776452845195,0.1018310546875,-0.0009149061246716883,0.007908192,1.6119686789810657,22270,0.0003,0.015720952302217484,0.2,0.10879530757665634
,0.03,-5.632843030000001,,9131712,6758,,1497,907,,587.11,0.9806427359580994,0.004689112950291019,0.1296875,-0.0009280297643272206,0.01263858,1.6133241429924965,22280,0.0003,0.02667931839823723,0.2,0.10867379605770111
,0.03,-5.788003669999999,,9135808,6761,,1498,907,,587.11,0.9711698293685913,0.005251059492002242,0.131201171875,-0.0019290709984488784,0.010365153,1.602379062026739,22290,0.0003,-0.005373525433242321,0.2,0.10992605239152908
,0.01,-6.28643967,,9139904,6765,,1499,907,,595.25,0.8458101153373718,0.007791946870929678,0.0995361328125,0.0005905179350520484,0.008064485,1.5884391367435455,22300,0.0003,0.015275425277650356,0.2,0.11062511801719666
,0.01,-6.561481070000001,,9144000,6769,,1500,907,,595.25,0.8770959973335266,0.022874461403989698,0.094287109375,-0.005629869873519056,0.007999955,1.582829862833023,22310,0.0003,0.0005681931506842375,0.2,0.11069781333208084
,0.01,-6.466324230000001,,9148096,6773,,1501,907,,595.25,0.9381927847862244,0.007163888116701855,0.1064208984375,-0.004618719203426736,0.008694734,1.5845963113009929,22320,0.0003,-0.005443265661597252,0.2,0.11043311655521393
,0.01,-6.366537429999998,,9152192,6777,,1502,907,,595.25,0.9205197095870972,0.007164940181974088,0.0918701171875,-0.0035082816903013736,0.010959372,1.6024177603423595,22330,0.0003,0.000634646974503994,0.2,0.10878737270832062
,0.02,-6.27245968,,9156288,6781,,1503,907,,590.55,0.9401385188102722,0.005934478275230503,0.09296875,-0.004203520137525629,0.007423022,1.6293881490826607,22340,0.0003,-0.009584615007042885,0.2,0.1076812744140625
,0.02,-6.181460560000001,,9160384,6785,,1504,907,,590.55,0.8821189999580383,0.017710269056260587,0.10126953125,-0.0017944284190889448,0.007196204,1.6446083135902883,22350,0.0003,0.0017707240767776966,0.2,0.10726405680179596
,0.02,-5.9298646999999995,,9164480,6789,,1505,907,,590.55,0.9437534809112549,0.005436707751869108,0.0998291015625,-0.0006155504248454236,0.008654034,1.6429041124880315,22360,0.0003,0.002512951847165823,0.2,0.10771802812814713
,0.02,-5.822294499999999,,9168576,6793,,1506,907,,590.55,0.9858325719833374,0.0010001120339438786,0.0979736328125,-0.0018441245716530829,0.0077398433,1.6362349301576615,22370,0.0003,0.02400864101946354,0.2,0.10809982568025589
,0.02,-5.48178087,,9172672,6797,,1507,908,,590.55,0.9778319597244263,0.0036186202838507596,0.102099609375,-0.0003607379061577376,0.008873928,1.6368561036884786,22380,0.0003,0.0005889309686608613,0.2,0.10779161751270294
,0.02,-5.613040360000001,,9176768,6801,,1508,908,,590.55,0.9637882113456726,0.003307176331873052,0.10908203125,0.001472854209714569,0.0077165104,1.634712915867567,22390,0.0003,0.003112305887043476,0.2,0.1082828938961029
,0.01,-5.70811737,,9180864,6805,,1509,908,,595.3,0.9808331727981567,0.0024153709102392893,0.1049072265625,-0.005524684998090379,0.00865457,1.6258233688771724,22400,0.0003,-0.00847411248832941,0.2,0.10866262018680573
,0.01,-5.7207712000000015,,9184960,6809,,1510,908,,595.3,0.9601830840110779,0.00457469870816567,0.1088134765625,-0.006482917512767017,0.0085535105,1.6328065395355225,22410,0.0003,-0.007038183975964785,0.2,0.10782574862241745
,0.01,-5.498211110000001,,9189056,6813,,1511,908,,595.3,0.9635112285614014,0.0037261062781908548,0.0731201171875,-0.0007206483875052072,0.00640212,1.6426832050085067,22420,0.0003,0.002486469689756632,0.2,0.1076519638299942
,0.01,-5.32581704,,9193152,6817,,1512,908,,595.3,0.9787849187850952,0.0027434335235739125,0.10029296875,-0.002654153379262425,0.008079629,1.6437360048294067,22430,0.0003,0.0046800351701676846,0.2,0.10770143568515778
,0.01,-5.1872029799999995,,9197248,6821,,1513,908,,595.3,0.9851221442222595,0.0007960450218888581,0.0954345703125,-0.0001254101822269149,0.008351281,1.6452652737498283,22440,0.0003,0.014345946721732616,0.2,0.1072021946310997
22.513157508556475,0.01,-4.73015822,0.17144007903915204,9201344,6836,1.5602245468073552,1514,907,0.0,595.3,0.962565004825592,0.00400817825611739,0.082958984375,0.001962247297342401,0.009927173,1.6396921634674073,22450,0.0003,0.05915563553571701,0.2,0.10827556252479553
,0.01,-4.609355109999999,,9205440,6840,,1515,907,,595.3,0.9529933929443359,0.0012680362766332109,0.1275634765625,0.0021039444633061065,0.009590905,1.6194835528731346,22460,0.0003,0.014247857965528965,0.2,0.10897573083639145
,0.02,-4.6131489,,9209536,6844,,1516,907,,589.83,0.8980289101600647,0.004535460253828205,0.1103759765625,-0.00579928056395147,0.009486906,1.6103321455419064,22470,0.0003,-0.0048585692420601845,0.2,0.10977369546890259
,0.02,-4.4128009200000005,,9213632,6847,,1517,907,,589.83,0.49414247274398804,0.12567441812716423,0.11953125,-0.001597011080593802,0.012652786,1.627449245750904,22480,0.0003,0.04971855878829956,0.2,0.10721283406019211
,0.01,-4.57140762,,9217728,6851,,1518,907,,594.53,0.9299885034561157,0.01443926621141145,0.1201416015625,-0.006253115442086709,0.0085014105,1.651195240020752,22490,0.0003,-0.01309253927320242,0.2,0.10743488371372223
,0.01,-4.370413940000001,,9221824,6855,,1519,907,,594.53,0.9250746965408325,0.007365774746358511,0.0860595703125,0.00014947247254895046,0.0063684853,1.6486171528697013,22500,0.0003,0.0020612403750419617,0.2,0.10735541582107544
,0.01,-4.8172593599999995,,9225920,6859,,1520,907,,594.53,0.8553463220596313,0.015277877898188307,0.1190185546875,-0.0013558956547058188,0.011178752,1.6380878917872905,22510,0.0003,-0.0033039504196494818,0.2,0.10834399610757828
,0.01,-4.56690504,,9230016,6862,,1521,907,,594.53,0.9700682163238525,0.005042414765193825,0.10185546875,-0.001974583393894136,0.00950789,1.6286904513835907,22520,0.0003,-0.0075274743139743805,0.2,0.108364999294281
,0.02,-4.55434674,,9234112,6866,,1522,907,,590.2,0.9394313097000122,0.0051434449924272485,0.07490234375,-0.000294974647113122,0.0073095597,1.6251232609152795,22530,0.0003,-0.00036764563992619514,0.2,0.10875794291496277
,0.02,-4.269565440000001,,9238208,6870,,1523,907,,590.2,0.7979133725166321,0.020739155012415723,0.0879638671875,-0.001280279851926025,0.010927722,1.6321990594267846,22540,0.0003,-0.006010432727634907,0.2,0.10775995254516602
,0.02,-4.2580637999999995,,9242304,6874,,1524,908,,590.2,0.8808742761611938,0.007827849940258601,0.1436767578125,-0.0032703993128961883,0.012956048,1.6499811962246895,22550,0.0003,-0.012554684653878212,0.2,0.10703431069850922
,0.03,-3.8863813899999995,,9246400,6878,,1525,908,,585.19,0.9735256433486938,0.0018695650420340825,0.096484375,-0.00015222087386064232,0.009675632,1.6539223678410053,22560,0.0003,-0.005986261181533337,0.2,0.10708297789096832
,0.03,-3.7011573799999997,,9250496,6882,,1526,908,,585.19,0.9070239067077637,0.011509676850255345,0.1108154296875,0.0009500266110990197,0.007854351,1.658298234641552,22570,0.0003,0.001405108254402876,0.2,0.106285460293293
,0.03,-4.164811340000001,,9254592,6886,,1527,908,,585.19,0.7549347877502441,0.02407271941046929,0.0981201171875,-0.004231956873263698,0.009130949,1.6637437164783477,22580,0.0003,0.005317564122378826,0.2,0.10645276308059692
,0.03,-4.25550701,,9258688,6890,,1528,908,,585.19,0.9203710556030273,0.00734355753120326,0.1110107421875,0.0005866695195436477,0.010475608,1.6650851853191853,22590,0.0003,-0.006666532251983881,0.2,0.10602053999900818
,0.03,-4.482528159999999,,9262784,6894,,1529,908,,585.19,0.9299874901771545,0.016108257429732476,0.1229248046875,-0.002616957831196487,0.010499094,1.6660971246659755,22600,0.0003,-0.0020661833696067333,0.2,0.10623914003372192
,0.03,-4.4906231299999995,,9266880,6898,,1530,908,,586.34,0.9853559136390686,0.002969528190806159,0.1114990234375,-0.003461499674449442,0.009588471,1.6847419895231723,22610,0.0003,0.007220115512609482,0.2,0.10432598739862442
,0.04,-4.576413509999999,,9270976,6902,,1531,908,,582.17,0.783084511756897,0.03261694837347022,0.1029052734375,-0.001936912636301713,0.012376114,1.7159198895096779,22620,0.0003,0.0029282246250659227,0.2,0.10299675166606903
,0.04,-4.6568479,,9275072,6906,,1532,908,,582.17,0.8436203002929688,0.03282834870478837,0.1044921875,0.00013232206838438288,0.008292649,1.735371072590351,22630,0.0003,-0.002898959442973137,0.2,0.10260884463787079
,0.04,-4.74272154,,9279168,6910,,1533,908,,582.17,0.9867392778396606,0.0026445302202773744,0.1245849609375,-0.004549671927816234,0.00882142,1.7350683480501174,22640,0.0003,-0.021606506779789925,0.2,0.10256313532590866
,0.04,-4.748640919999999,,9283264,6914,,1534,908,,582.17,0.9440917372703552,0.005201893091725651,0.1036865234375,-0.004368899372639135,0.007136097,1.7359079025685786,22650,0.0003,0.01599307730793953,0.2,0.10244500637054443
,0.05,-4.31933176,,9287360,6918,,1535,908,,577.36,0.9179618954658508,0.004007222377367725,0.0958984375,-0.004654653422767297,0.008726519,1.7541755311191083,22660,0.0003,-0.010506600141525269,0.2,0.10065965354442596
,0.05,-4.21389332,,9291456,6922,,1536,908,,577.36,0.7775452136993408,0.07265559040679363,0.072265625,-0.00260945312838885,0.0067797042,1.7788560703396796,22670,0.0003,0.022900182753801346,0.2,0.10039285570383072
,0.06,-4.2491692599999995,,9295552,6926,,1537,908,,575.13,0.9520841836929321,0.008684711185196647,0.1028076171875,-0.0008604251350334379,0.0076583824,1.7766721695661545,22680,0.0003,0.004727450665086508,0.2,0.10093553364276886
,0.07,-4.0937239199999995,,9299648,6930,,1538,908,,569.95,0.7887890934944153,0.033173788542626426,0.0933349609375,-0.0003401371861400548,0.006766245,1.7760371059179305,22690,0.0003,0.02959226444363594,0.2,0.10036717355251312
23.005583692355142,0.06,-4.36074321,0.16011244825413362,9303744,6946,0.9431838296464308,1539,907,0.0,574.96,0.9260311126708984,0.02191991862200666,0.115185546875,-0.002677183470223099,0.009465517,1.786950321495533,22700,0.0003,0.01923047937452793,0.2,0.09976764023303986
,0.06,-4.537085790000001,,9307840,6950,,1540,907,,574.96,0.7274848222732544,0.00998980737713282,0.1079345703125,0.00022100806090747939,0.0073216716,1.7939193598926066,22710,0.0003,-0.0015791293699294329,0.2,0.09978920966386795
,0.06,-4.088989290000001,,9311936,6953,,1541,907,,574.96,0.9259307980537415,0.002606025803652301,0.09287109375,-0.00031967832837835885,0.005696957,1.7830542095005513,22720,0.0003,-0.007543683983385563,0.2,0.10120852291584015
,0.06,-3.9344504000000007,,9316032,6957,,1542,907,,574.96,0.9043415784835815,0.006184016028419137,0.0822265625,-0.002404828360886313,0.008075659,1.75904858186841,22730,0.0003,-0.004420978017151356,0.2,0.10209718346595764
,0.06,-4.05394552,,9320128,6961,,1543,907,,574.96,0.8720701932907104,0.01662787579844007,0.1117919921875,-0.004726632821257226,0.0103249755,1.745233491063118,22740,0.0003,-0.00969238206744194,0.2,0.10281863808631897
,0.05,-4.26738499,,9324224,6965,,1544,907,,579.28,0.9735656380653381,0.0036983165166020624,0.1287353515625,-0.0005584291720879264,0.009355011,1.732937040179968,22750,0.0003,-0.017965765669941902,0.2,0.10321113467216492
,0.04,-4.2595561,,9328320,6969,,1545,907,,583.45,0.9809248447418213,0.0013512239474948728,0.1689208984375,-0.003766202878614422,0.013268031,1.7238751150667668,22760,0.0003,-0.024996425956487656,0.2,0.10403907299041748
,0.04,-4.19515199,,9332416,6973,,1546,908,,583.45,0.8789969086647034,0.0218288231495535,0.138623046875,-0.013347046606213553,0.018138388,1.713159442692995,22770,0.0003,-0.009087013080716133,0.2,0.10397310554981232
,0.05,-3.8708514900000006,,9336512,6977,,1547,908,,578.67,0.994120717048645,0.0006086393755140307,0.1199462890625,-0.0003199490587576292,0.0111137545,1.722394549846649,22780,0.0003,0.015009007416665554,0.2,0.10317833721637726
,0.05,-3.7588645299999994,,9340608,6981,,1548,908,,578.67,0.9057436585426331,0.015269124269980238,0.1154296875,-3.127165837213397e-05,0.011043124,1.7347616851329803,22790,0.0003,-3.3374526537954807e-06,0.2,0.10296663641929626
,0.04,-4.073821339999999,,9344704,6984,,1549,908,,583.48,0.9687645435333252,0.0033441111958381954,0.1186279296875,-0.001093726402905304,0.012543216,1.7334031336009503,22800,0.0003,0.02277981862425804,0.2,0.10304230451583862
,0.05,-3.9873692500000004,,9348800,6988,,1550,908,,579.79,0.9654247760772705,0.004696878457980347,0.12734375,-0.0037279713207681196,0.013529849,1.7418181166052817,22810,0.0003,0.008071024902164936,0.2,0.10207752883434296
,0.03,-4.24342673,,9352896,6992,,1551,908,,586.35,0.9685161709785461,0.018273809053061994,0.1331787109375,-0.002438824546698015,0.010040116,1.7561320669949054,22820,0.0003,0.002574431011453271,0.2,0.10138143599033356
,0.03,-4.349264789999999,,9356992,6996,,1552,908,,586.35,0.9698442220687866,0.006788395914190915,0.10009765625,-0.001501336153160082,0.008799448,1.7655023500323295,22830,0.0003,0.0015932504320517182,0.2,0.10136406123638153
,0.02,-4.318429989999999,,9361088,7000,,1553,908,,591.53,0.9829487800598145,0.005297481325396802,0.11259765625,-0.0009152989514404908,0.010551065,1.7597837328910828,22840,0.0003,-0.0029926681891083717,0.2,0.10178714990615845
,0.02,-4.2805232900000005,,9365184,7004,,1554,908,,591.53,0.963854193687439,0.003566803109788452,0.1294677734375,-0.00395153044955805,0.011171621,1.7494498454034328,22850,0.0003,-0.009213389828801155,0.2,0.10242709517478943
,0.03,-4.112846640000001,,9369280,7008,,1555,908,,589.56,0.9566237330436707,0.005131230355982552,0.11572265625,-0.0018906195342424325,0.010397583,1.742411994934082,22860,0.0003,-0.007830096408724785,0.2,0.10222892463207245
,0.03,-4.21141228,,9373376,7012,,1556,908,,589.56,0.6842161417007446,0.04421471331261273,0.1254638671875,-0.001914406094874721,0.012662623,1.7471345148980617,22870,0.0003,7.35744833946228e-06,0.2,0.1020369827747345
,0.03,-4.2938332699999995,,9377472,7016,,1557,908,,589.56,0.9195444583892822,0.014950940471317153,0.08798828125,-0.003567880275659263,0.006535316,1.7391541242599486,22880,0.0003,-0.0010288142366334796,0.2,0.10314817726612091
,0.04,-4.18352107,,9381568,7020,,1558,908,,584.85,0.9216357469558716,0.010268062100658426,0.1234130859375,-0.004249579765019007,0.009735337,1.7252316132187844,22890,0.0003,0.0004931495059281588,0.2,0.10346060991287231
,0.04,-4.2952122,,9385664,7024,,1559,909,,584.85,0.89821457862854,0.026425559241033625,0.0837890625,-0.0022243029896344526,0.005708036,1.7244994632899762,22900,0.0003,-0.004461589269340038,0.2,0.10295596718788147
,0.05,-4.0869634900000005,,9389760,7028,,1560,909,,581.5,0.9484516978263855,0.005652291892329231,0.104150390625,-0.0022256903088418768,0.009367403,1.7272584922611713,22910,0.0003,-0.001944718067534268,0.2,0.10289057344198227
,0.05,-4.078855369999999,,9393856,7032,,1561,909,,581.11,0.24593818187713623,0.16525290730933193,0.0861572265625,-0.001637350108649116,0.008622654,1.7418064765632153,22920,0.0003,0.08686999976634979,0.2,0.10137608647346497
,0.05,-4.15052392,,9397952,7036,,1562,909,,581.11,0.81939297914505,0.07904988401569427,0.1172607421875,-0.003598194681399036,0.010896271,1.7529229499399661,22930,0.0003,0.01358577236533165,0.2,0.10151005536317825
23.418559000596588,0.06,-3.92391093,0.12881946687177265,9402048,7051,0.4757555814714441,1563,907,0.0,577.85,0.7702308893203735,0.016924513757112437,0.100732421875,-0.0034610706963576375,0.0072012194,1.7509291388094426,22940,0.0003,-0.003494052216410637,0.2,0.10144192725419998
,0.06,-3.6441180799999997,,9406144,7055,,1564,907,,577.85,0.7397066354751587,0.05472064703353681,0.1072021484375,-0.0034232367819640786,0.012740135,1.757455410808325,22950,0.0003,-0.007213801611214876,0.2,0.10088595002889633
,0.07,-3.7930230899999997,,9410240,7058,,1565,908,,573.07,0.9387452602386475,0.009706134013686096,0.119873046875,-0.004682091844733805,0.009419021,1.7537689335644244,22960,0.0003,-0.01468199584633112,0.2,0.10166718065738678
,0.08,-3.4769855900000004,,9414336,7062,,1566,908,,567.93,0.864776611328125,0.06072561758919619,0.1221435546875,-0.002593141367833596,0.010454577,1.7562037214636803,22970,0.0003,0.00877860002219677,0.2,0.10050925612449646
,0.08,-3.41427569,,9418432,7066,,1567,908,,567.93,0.9596255421638489,0.0050754529493133305,0.111572265625,9.11084411200136e-05,0.009815307,1.7762136846780776,22980,0.0003,-0.010728517547249794,0.2,0.09970591962337494
,0.07,-3.5418787600000003,,9422528,7070,,1568,908,,569.9,0.9645350575447083,0.00375655000716506,0.1134033203125,-0.0022551956688403154,0.012016459,1.7861469395458698,22990,0.0003,0.015160832554101944,0.2,0.09975509345531464
,0.08,-3.3223960999999997,,9426624,7074,,1569,908,,566.04,0.9402404427528381,0.0065351882178219965,0.1177001953125,0.0009951517480658368,0.008970734,1.7896173283457757,23000,0.0003,-0.002710724249482155,0.2,0.09933382272720337
,0.08,-3.38310093,,9430720,7078,,1570,908,,566.04,0.9591212272644043,0.019481171954248568,0.0970703125,-0.002353269906598143,0.0076456084,1.7999600999057292,23010,0.0003,-0.00833910796791315,0.2,0.09895644336938858
,0.07,-3.24745265,,9434816,7082,,1571,908,,570.75,0.9705430269241333,0.0045078529394231735,0.1163818359375,-0.0015511909819906577,0.0095837945,1.8079187385737896,23020,0.0003,-0.0006914845434948802,0.2,0.0985008254647255
,0.07,-2.8668845,,9438912,7086,,1572,908,,570.75,0.962205171585083,0.0037455442252394278,0.087646484375,-0.0009348980878712609,0.0064074798,1.8121784217655659,23030,0.0003,0.002347217872738838,0.2,0.09866996109485626
,0.08,-2.71325285,,9443008,7090,,1573,908,,565.41,0.7918621301651001,0.041407817175786475,0.101220703125,-0.0016517772266524844,0.00882093,1.8166000127792359,23040,0.0003,-0.000901718158274889,0.2,0.09832489490509033
,0.08,-2.52937847,,9447104,7094,,1574,908,,563.91,0.9103695154190063,0.015685645258781734,0.073828125,-0.0021363089152146133,0.007642076,1.8291838601231576,23050,0.0003,-0.0131657300516963,0.2,0.09745299816131592
,0.07,-2.8487015599999994,,9451200,7097,,1575,908,,569.08,0.7403566837310791,0.11065453797928057,0.1047607421875,0.0006626628601225093,0.010522223,1.8358105666935445,23060,0.0003,0.05758349597454071,0.2,0.09771288931369781
,0.07,-2.85125061,,9455296,7101,,1576,908,,569.08,0.9600502252578735,0.005111688924080227,0.082177734375,0.0003914225846529007,0.008491502,1.8290523812174797,23070,0.0003,0.0055378153920173645,0.2,0.09792221337556839
,0.06,-3.21626929,,9459392,7105,,1577,909,,572.34,0.8850165605545044,0.018708388967206703,0.084814453125,-0.000988652581872884,0.005658727,1.8304353483021258,23080,0.0003,0.004273911006748676,0.2,0.09760507196187973
,0.06,-3.39434935,,9463488,7109,,1578,909,,572.34,0.9590794444084167,0.006268842055578716,0.1064697265625,-0.002493343804962933,0.0071279155,1.833802742511034,23090,0.0003,0.0037335839588195086,0.2,0.09750387817621231
,0.06,-3.1425216300000005,,9467584,7113,,1579,909,,570.45,0.9164677858352661,0.013354473151412093,0.1190673828125,-0.0026339771575294435,0.013586545,1.8406849935650826,23100,0.0003,0.00041054002940654755,0.2,0.0970611572265625
,0.04,-3.3951204600000007,,9471680,7116,,1580,909,,580.68,0.8788818120956421,0.03060883437283337,0.105224609375,-0.0014534533169353382,0.01109758,1.8338650994002819,23110,0.0003,0.02097608521580696,0.2,0.09802132844924927
,0.04,-3.5013296799999996,,9475776,7120,,1581,909,,580.68,0.9601137638092041,0.004152765985418227,0.151025390625,-0.00859065177210141,0.01567569,1.8272495478391648,23120,0.0003,-0.011738828383386135,0.2,0.09754244983196259
,0.04,-3.4253960400000008,,9479872,7124,,1582,909,,580.68,0.9686044454574585,0.0019175218872987897,0.1182373046875,-0.00013103966339258477,0.008754306,1.8354908280074596,23130,0.0003,0.006843200884759426,0.2,0.0971086174249649
,0.04,-3.6095356699999996,,9483968,7128,,1583,909,,580.68,0.9698710441589355,0.002042190598331217,0.1264892578125,0.0033357565509504637,0.013682007,1.8353978656232357,23140,0.0003,0.01763978786766529,0.2,0.09732256084680557
,0.03,-3.6070345600000002,,9488064,7132,,1584,909,,584.54,0.9600691795349121,0.003935631909189397,0.115625,-0.004886299579811748,0.011407586,1.8478151828050613,23150,0.0003,-0.0006104360800236464,0.2,0.09605416655540466
,0.03,-3.76811533,,9492160,7136,,1585,909,,584.54,0.9472329616546631,0.00789770535120624,0.089794921875,-0.004618001422204543,0.007302953,1.863864031434059,23160,0.0003,0.003267626278102398,0.2,0.0958005040884018
,0.03,-3.754724509999999,,9496256,7140,,1586,909,,584.54,0.9831735491752625,0.0011751939289752044,0.1033203125,0.0012644565940718167,0.008434016,1.8721732638776303,23170,0.0003,-0.013513749465346336,0.2,0.09514807164669037
23.295186466516853,0.03,-3.9673830799999994,0.14486198662072955,9500352,7156,0.2746838016500427,1587,908,0.0,584.54,0.9663540124893188,0.005992868191970047,0.1021240234375,-0.0067903665687481405,0.008354856,1.87472110837698,23180,0.0003,-0.006353082600980997,0.2,0.09583278745412827
,0.02,-4.10907583,,9504448,7160,,1588,908,,589.88,0.987091064453125,0.001644379739809665,0.104541015625,0.0005194045399548486,0.010294521,1.8585763163864613,23190,0.0003,-0.0025278967805206776,0.2,0.09637854993343353
,0.01,-4.0953100099999995,,9508544,7163,,1589,908,,594.73,0.9937945604324341,0.0008979060336059774,0.1210693359375,-0.0020528681139694526,0.008124549,1.8517091140151023,23200,0.0003,-0.012611456215381622,0.2,0.09642773121595383
,0.02,-3.9301441400000003,,9512640,7167,,1590,908,,589.34,0.9364507794380188,0.005392825413582614,0.099365234375,-0.00477432512852829,0.009825705,1.8575143747031688,23210,0.0003,-0.008595546707510948,0.2,0.09594236314296722
,0.02,-3.5154181700000002,,9516736,7170,,1591,908,,589.34,0.9453446269035339,0.007284392545261653,0.107275390625,-0.00031654708291171116,0.010369074,1.8566291853785515,23220,0.0003,0.0034651351161301136,0.2,0.09651141613721848
,0.02,-3.3918892400000002,,9520832,7174,,1592,908,,589.34,0.971152663230896,0.00335762493286893,0.1119873046875,-0.0028812915144953875,0.0074970266,1.8549213349819182,23230,0.0003,2.119888085871935e-05,0.2,0.09619293361902237
,0.02,-2.98846841,,9524928,7177,,1593,909,,589.34,0.9674893021583557,0.002008854425184836,0.141748046875,-0.0019612664735177534,0.010411864,1.855756401270628,23240,0.0003,0.032507747411727905,0.2,0.0966716855764389
,0.02,-3.16530138,,9529024,7181,,1594,909,,590.02,0.9430633783340454,0.0033787615051551257,0.165966796875,-0.006941018170618918,0.012651704,1.8511371470987796,23250,0.0003,-0.00924370251595974,0.2,0.0962909534573555
,0.02,-3.14108841,,9533120,7185,,1595,909,,590.02,0.4658910036087036,0.07359475544944871,0.1245849609375,-0.003163050630246289,0.012764744,1.86288775652647,23260,0.0003,0.0006326944567263126,0.2,0.0957888811826706
,0.02,-3.3056774300000002,,9537216,7189,,1596,909,,590.02,0.9541600942611694,0.01134132857696386,0.13876953125,-0.002190445802989416,0.014835872,1.861283551901579,23270,0.0003,0.0004015134181827307,0.2,0.09607508778572083
,0.02,-3.32183454,,9541312,7193,,1597,909,,590.02,0.9623511433601379,0.010457480596960523,0.1331787109375,-0.0020029976207297296,0.0139605515,1.856695867329836,23280,0.0003,0.015853798016905785,0.2,0.09642764180898666
,0.02,-3.4920345499999996,,9545408,7197,,1598,909,,590.02,0.9566136598587036,0.0041330077263410205,0.1046630859375,-0.0029877280685468577,0.008928044,1.8499430261552334,23290,0.0003,-0.010441365651786327,0.2,0.09717752039432526
,0.02,-3.3477106200000004,,9549504,7201,,1599,909,,590.02,0.899487316608429,0.013702613918212592,0.08857421875,-0.002867925578902941,0.005948255,1.8425379231572152,23300,0.0003,-0.00961366482079029,0.2,0.09696177393198013
,0.03,-3.25634632,,9553600,7205,,1600,909,,584.75,0.9247660040855408,0.008750326050358127,0.13271484375,-0.0066360937402350825,0.013065275,1.8395285114645958,23310,0.0003,0.006457766517996788,0.2,0.09776007384061813
,0.03,-3.3259054499999996,,9557696,7209,,1601,909,,584.75,0.8002130389213562,0.04617437413253356,0.105517578125,-0.0038057793441112152,0.013516184,1.8417035929858685,23320,0.0003,0.010049311444163322,0.2,0.09675908088684082
,0.04,-3.44174965,,9561792,7213,,1602,909,,579.57,0.7237030267715454,0.05575180055675446,0.0995849609375,-0.004856472682149615,0.008699914,1.85553110614419,23330,0.0003,-0.008457664400339127,0.2,0.09647808969020844
,0.04,-3.5386393199999997,,9565888,7217,,1603,909,,579.57,0.8571248054504395,0.03689191494704573,0.103857421875,0.00011186665506102145,0.006896276,1.859465479850769,23340,0.0003,0.008486888371407986,0.2,0.09640435874462128
,0.04,-3.47666687,,9569984,7221,,1604,909,,579.57,0.9908364415168762,0.001926601531158667,0.13974609375,-0.003876360743015539,0.011292007,1.862691280245781,23350,0.0003,-0.020467225462198257,0.2,0.09628897905349731
,0.04,-3.4914172000000003,,9574080,7225,,1605,909,,579.58,0.8629920482635498,0.008354942424193722,0.1129638671875,0.0004644069296773523,0.0072311736,1.875891350209713,23360,0.0003,0.010342341847717762,0.2,0.095238596200943
,0.05,-3.3851567500000006,,9578176,7228,,1606,909,,574.26,0.9583566188812256,0.003995698146172799,0.1069091796875,-0.0018474620635970495,0.009460019,1.8975554935634136,23370,0.0003,-0.00949715357273817,0.2,0.09436555951833725
,0.05,-3.598941050000001,,9582272,7232,,1607,910,,574.26,0.9617295861244202,0.006310975963424425,0.109375,-0.0031817253679037095,0.009955788,1.9146206304430962,23380,0.0003,0.013344815000891685,0.2,0.09341242164373398
,0.04,-3.77896582,,9586368,7236,,1608,910,,578.85,0.9398918747901917,0.002606287294292997,0.1028076171875,-0.004628032709297259,0.009557116,1.9326321490108966,23390,0.0003,-0.011120070703327656,0.2,0.09293892979621887
,0.05,-3.5679053,,9590464,7240,,1609,910,,573.53,0.9843066334724426,0.0013474664017849136,0.1079345703125,-0.001058202245621942,0.008722563,1.933446440845728,23400,0.0003,0.016385478898882866,0.2,0.09328611195087433
,0.05,-3.5648608400000006,,9594560,7244,,1610,910,,573.53,0.9801029562950134,0.0038747985416193844,0.1404052734375,-0.0021762997392215768,0.012637318,1.9266929030418396,23410,0.0003,-0.0015995220746845007,0.2,0.09355559945106506
,0.06,-3.3843321599999996,,9598656,7248,,1611,910,,568.65,0.7938972115516663,0.006290267873555422,0.10849609375,0.005781451039365493,0.008781461,1.9292633973062039,23420,0.0003,-0.011430451646447182,0.2,0.09336908161640167
24.010721347875055,0.07,-3.21358788,0.131989230465823,9602752,7264,0.6326946417222139,1612,908,0.0,563.31,0.7971559762954712,0.04920191349083325,0.1044189453125,-0.0025565367184753997,0.00618694,1.9396856367588042,23430,0.0003,0.02371334843337536,0.2,0.09260323643684387
,0.07,-3.2780063900000003,,9606848,7268,,1613,909,,563.31,0.986416757106781,0.0070312749574441115,0.1007568359375,-0.002915702201426029,0.01249774,1.9461194194853306,23440,0.0003,0.0024143571499735117,0.2,0.09309568256139755
,0.06,-3.560466430000001,,9610944,7272,,1614,909,,568.58,0.9867678880691528,0.00365715705556795,0.133203125,-0.004742383045959286,0.010192499,1.943939310312271,23450,0.0003,-0.007448985241353512,0.2,0.09294497221708298
,0.05,-3.42959987,,9615040,7275,,1615,909,,573.76,0.980546236038208,0.0016171036795640248,0.1025390625,0.00030826308648101985,0.009054761,1.94562576264143,23460,0.0003,-0.004864905960857868,0.2,0.09288384020328522
,0.05,-3.4552555799999998,,9619136,7279,,1616,909,,573.76,0.9764506220817566,0.006124175768309215,0.1359375,-0.002856722942669876,0.012553283,1.944551096856594,23470,0.0003,0.008158566430211067,0.2,0.09274958074092865
,0.05,-3.2039392799999997,,9623232,7283,,1617,909,,573.76,0.9866916537284851,0.0016140963351062964,0.1239990234375,-0.0016703842062270268,0.011322642,1.9564751394093036,23480,0.0003,-0.010076966136693954,0.2,0.09209337085485458
,0.05,-3.6451750599999997,,9627328,7286,,1618,909,,573.76,0.9858462810516357,0.005383672402604134,0.115771484375,-0.006015690226922743,0.008626009,1.9478148639202117,23490,0.0003,0.01257382519543171,0.2,0.09333118051290512
,0.04,-4.153541969999999,,9631424,7290,,1619,909,,579.14,0.9549086093902588,0.01800130447372794,0.12578125,0.0002303326691617258,0.008872462,1.9302387528121472,23500,0.0003,0.011452704668045044,0.2,0.09370902180671692
,0.04,-4.16097,,9635520,7294,,1620,909,,579.14,0.8544076681137085,0.014287325199620681,0.0810302734375,-0.00032127849990502,0.013980487,1.9044844672083854,23510,0.0003,-0.012724095955491066,0.2,0.09540051966905594
,0.03,-4.316575179999999,,9639616,7298,,1621,909,,584.46,0.9433648586273193,0.008577594253438292,0.1495361328125,-0.007068576336314436,0.010022941,1.8854644410312176,23520,0.0003,-0.03114066831767559,0.2,0.09546740353107452
,0.03,-4.37495263,,9643712,7302,,1622,909,,584.46,0.979263186454773,0.0038385560088499914,0.10986328125,-0.005732573181740008,0.011876314,1.8926286205649376,23530,0.0003,-0.010598240420222282,0.2,0.09492813050746918
,0.02,-4.60571923,,9647808,7306,,1623,909,,589.78,0.9876797795295715,0.001276129220605071,0.08037109375,0.00018064733303617685,0.005679706,1.8899055480957032,23540,0.0003,-0.0035874980967491865,0.2,0.09580226242542267
,0.02,-4.771024499999999,,9651904,7310,,1624,909,,589.78,0.9545671939849854,0.0038472799325973027,0.1480712890625,-0.003627118421718478,0.011195951,1.8772614017128944,23550,0.0003,-0.013030516915023327,0.2,0.09633906185626984
,0.01,-4.593925669999999,,9656000,7314,,1625,909,,594.66,0.9873806238174438,0.0018360510066486313,0.12919921875,-0.0029868697238271125,0.011233453,1.8766412027180195,23560,0.0003,0.0034019537270069122,0.2,0.09605015814304352
,0.01,-4.6090909,,9660096,7318,,1626,910,,594.66,0.9742884039878845,0.002036427944767638,0.152685546875,-0.005015428026672453,0.01587236,1.874781746417284,23570,0.0003,0.002844540635123849,0.2,0.09666033089160919
,0.01,-4.389006,,9664192,7322,,1627,910,,595.15,0.9748329520225525,0.0013458338145937887,0.087451171875,0.00036459705806919375,0.005295124,1.8645279362797738,23580,0.0003,-0.0006035343394614756,0.2,0.0969572514295578
,0.03,-3.89576909,,9668288,7325,,1628,910,,584.76,0.6022636294364929,0.023306915595094325,0.1073974609375,-0.0007415758693241515,0.008465184,1.8693083330988884,23590,0.0003,-0.008216846734285355,0.2,0.09624651074409485
,0.03,-3.9614117600000003,,9672384,7329,,1629,910,,584.76,0.8779903054237366,0.034017603219399464,0.1223876953125,-0.003369189660588745,0.010707436,1.891574364900589,23600,0.0003,0.0003417758271098137,0.2,0.09474746882915497
,0.04,-3.77036631,,9676480,7333,,1630,910,,579.51,0.9450860023498535,0.0045613585774844975,0.1244140625,-0.007016547357488889,0.011147014,1.9032696567475795,23610,0.0003,-0.0017952676862478256,0.2,0.09488523006439209
,0.04,-3.84791685,,9680576,7337,,1631,910,,579.51,0.8138893246650696,0.02941353687492665,0.09814453125,-0.000418659855495207,0.008264025,1.9104671604931354,23620,0.0003,-0.005825079046189785,0.2,0.09397463500499725
,0.05,-3.30732047,,9684672,7341,,1632,910,,574.21,0.9671546220779419,0.002616378536913544,0.100732421875,-0.0004377044315333478,0.009155546,1.9212211444973946,23630,0.0003,-0.0038710273802280426,0.2,0.09428092837333679
,0.05,-3.0773787599999998,,9688768,7344,,1633,910,,574.21,0.9814603924751282,0.009967522212537005,0.11103515625,-0.0023297130304854364,0.009900197,1.9158579960465432,23640,0.0003,-0.016653362661600113,0.2,0.0945710837841034
,0.05,-3.0780963,,9692864,7348,,1634,910,,574.21,0.8393257856369019,0.012482912668201607,0.0921630859375,0.0013345139392185955,0.0070979306,1.9100777693092823,23650,0.0003,-0.005827668588608503,0.2,0.09503641724586487
,0.05,-2.9219656599999997,,9696960,7352,,1635,910,,574.21,0.8994290828704834,0.002746621076585143,0.1101318359375,-0.004441628529457375,0.010192707,1.8944858618080616,23660,0.0003,0.004674075171351433,0.2,0.09599350392818451
23.022423710376593,0.06,-2.7415378199999996,0.1647261999586925,9701056,7368,0.973461690417979,1636,909,0.0,568.85,0.9371044635772705,0.001867523019973305,0.1016845703125,-0.0018302358817891217,0.009386129,1.9005877874791621,23670,0.0003,-0.007759197615087032,0.2,0.09472411870956421
,0.06,-2.44677014,,9705152,7372,,1637,909,,568.85,0.9653729200363159,0.011068179527501342,0.1026123046875,-0.0029404788714600728,0.007314936,1.9251596190035343,23680,0.0003,-0.005382546689361334,0.2,0.09379784017801285
,0.06,-2.3405157200000004,,9709248,7375,,1638,909,,568.85,0.9459349513053894,0.0030540992021997225,0.114013671875,-0.002328709104040172,0.008708829,1.9446874544024468,23690,0.0003,0.002820414723828435,0.2,0.09278310090303421
,0.06,-2.4719910699999996,,9713344,7379,,1639,909,,568.85,0.9254868626594543,0.012136527652182849,0.0939697265625,6.539294263347983e-05,0.0055493023,1.9511719100177287,23700,0.0003,0.010910305194556713,0.2,0.09303626418113708
,0.07,-2.6531858800000006,,9717440,7383,,1640,909,,563.52,0.9098056554794312,0.009981988817162345,0.1264404296875,-0.0042922599604935385,0.00993299,1.9343458652496337,23710,0.0003,-0.010353769175708294,0.2,0.09406748414039612
,0.07,-2.72134478,,9721536,7387,,1641,909,,563.76,0.9765031933784485,0.005932479255716316,0.0954833984375,-0.0030041453705052846,0.0073836753,1.9249657087028027,23720,0.0003,-0.006187601946294308,0.2,0.09394869208335876
,0.05,-2.95925787,,9725632,7390,,1642,909,,574.15,0.9103771448135376,0.025854230887489393,0.0845947265625,-0.00043430906225694343,0.006121328,1.9365909799933434,23730,0.0003,-0.0060189031064510345,0.2,0.09289724379777908
,0.05,-3.0678325699999993,,9729728,7394,,1643,910,,574.15,0.8405441641807556,0.015160203084815294,0.1011474609375,-0.002891497047676239,0.009197906,1.9513429537415505,23740,0.0003,0.005359898321330547,0.2,0.09271987527608871
,0.04,-3.3106578100000004,,9733824,7398,,1644,910,,579.4,0.6686587333679199,0.035073960811132565,0.129443359375,0.0007199190054961946,0.010940157,1.945090141147375,23750,0.0003,0.0222778283059597,0.2,0.09363754093647003
,0.04,-3.2224969900000002,,9737920,7401,,1645,910,,579.4,0.9432804584503174,0.0020781138646270847,0.1182861328125,0.0015221503868815488,0.009363546,1.9394205823540687,23760,0.0003,-0.006964097265154123,0.2,0.09324662387371063
,0.04,-3.25944075,,9742016,7405,,1646,910,,579.4,0.9332207441329956,0.0036101094341574936,0.1369873046875,-0.00042191300090053117,0.013687374,1.9513888724148274,23770,0.0003,0.007667970843613148,0.2,0.09263511002063751
,0.06,-2.8532221399999997,,9746112,7409,,1647,910,,569.32,0.9859808683395386,0.0007321384483475413,0.0919189453125,0.0026460021821549163,0.007850727,1.964665811508894,23780,0.0003,-0.00718518765643239,0.2,0.09203371405601501
,0.06,-2.9200508000000003,,9750208,7413,,1648,910,,569.32,0.3812991976737976,0.2879887942515779,0.0919677734375,-0.0026165260787820444,0.0073922034,1.9870286650955677,23790,0.0003,0.062060803174972534,0.2,0.09066300094127655
,0.06,-3.30473611,,9754304,7417,,1649,910,,569.32,0.9646238684654236,0.011278840516752098,0.09853515625,-0.003541154559934512,0.0080735665,1.9984414592385291,23800,0.0003,0.003644052892923355,0.2,0.09078569710254669
,0.05,-3.3857575300000002,,9758400,7421,,1650,910,,574.68,0.9242850542068481,0.008763660716067535,0.10732421875,-0.0006006346986396239,0.012527565,1.996990829706192,23810,0.0003,-0.018184032291173935,0.2,0.09085410833358765
,0.05,-3.62609188,,9762496,7425,,1651,910,,574.68,0.903319776058197,0.01606195354834199,0.104931640625,-0.0027489790139952675,0.016502447,1.9803293228149415,23820,0.0003,-0.01715468056499958,0.2,0.09211060404777527
,0.06,-3.5672753500000005,,9766592,7429,,1652,910,,569.35,0.964496910572052,0.006280469951525447,0.1138671875,0.0005495421661180444,0.00885715,1.9609258480370044,23830,0.0003,0.0016166330315172672,0.2,0.09286476671695709
,0.06,-3.3988178100000006,,9770688,7433,,1653,910,,569.35,0.8317338228225708,0.029602452046674443,0.0771240234375,-0.003172081886441447,0.008060014,1.967880092561245,23840,0.0003,-0.012517936527729034,0.2,0.09160353243350983
,0.05,-3.50074195,,9774784,7436,,1654,910,,574.68,0.6906355619430542,0.06471452464465983,0.1048095703125,-0.010120124730747193,0.011632439,1.9838864624500274,23850,0.0003,-0.0015570791438221931,0.2,0.09105920791625977
,0.05,-3.46372127,,9778880,7440,,1655,911,,573.9,0.9418542385101318,0.014982871015672573,0.0922119140625,-0.0015947179308568593,0.010892954,2.0048647671937943,23860,0.0003,0.006612836383283138,0.2,0.08986397087574005
,0.05,-3.54752323,,9782976,7444,,1656,911,,573.9,0.813480019569397,0.045955632795084966,0.0949462890625,-0.004412691805919166,0.009002214,2.023506236076355,23870,0.0003,-0.006125343032181263,0.2,0.08938539028167725
,0.05,-3.4029054699999994,,9787072,7448,,1657,911,,573.9,0.8487768769264221,0.03410986455855891,0.108349609375,-0.006482740401406772,0.010132588,2.028565952181816,23880,0.0003,-0.01897898130118847,0.2,0.08912096917629242
,0.06,-3.1339546400000002,,9791168,7452,,1658,911,,569.14,0.9577752947807312,0.008628441623295657,0.109326171875,-0.0015198849447187967,0.009560449,2.0432697355747225,23890,0.0003,0.022086767479777336,0.2,0.08809767663478851
,0.06,-3.1228989900000004,,9795264,7456,,1659,911,,569.14,0.9193741083145142,0.010105071368889185,0.1233642578125,-0.0016980909233097919,0.007957989,2.052471658587456,23900,0.0003,-0.0030011595226824284,0.2,0.08827640116214752
,0.07,-2.8885789,,9799360,7459,,1660,911,,564.2,0.9574761390686035,0.026183859382581432,0.123974609375,-0.0021150387794477863,0.007981024,2.046731498837471,23910,0.0003,-0.006459040567278862,0.2,0.08874176442623138
22.88488453790891,0.05,-3.1694992800000006,0.21498050978280675,9803456,7475,0.8737885613876972,1661,910,0.0,574.61,0.9569211602210999,0.022085153734951745,0.1158203125,-0.0021561711619142443,0.008128012,2.031851924955845,23920,0.0003,0.0036544741597026587,0.2,0.08935791999101639
,0.04,-3.35526576,,9807552,7479,,1662,910,,579.58,0.8979045152664185,0.007052669488984975,0.1186767578125,-0.002640814294136362,0.010515502,2.042505994439125,23930,0.0003,-0.01386161521077156,0.2,0.0879778116941452
,0.04,-3.13924505,,9811648,7483,,1663,910,,579.58,0.8964389562606812,0.004975267528061522,0.118310546875,0.000948647572658956,0.011128038,2.0535436406731606,23940,0.0003,-0.007011053618043661,0.2,0.08834107220172882
,0.04,-3.1206316800000002,,9815744,7486,,1664,910,,579.58,0.8541662693023682,0.002984772000127123,0.1071044921875,0.0032776890577224547,0.008504578,2.0559137254953384,23950,0.0003,0.005331891123205423,0.2,0.08798646926879883
,0.05,-2.69611232,,9819840,7490,,1665,910,,574.57,0.9025577306747437,0.002308986046773498,0.1008056640625,0.003919026376388501,0.007497063,2.046967603266239,23960,0.0003,-0.00041258882265537977,0.2,0.08901610970497131
,0.06,-2.4630466699999998,,9823936,7494,,1666,910,,569.91,0.9513044357299805,0.007890897808465525,0.15771484375,-0.002481747476849705,0.011966772,2.0476795569062234,23970,0.0003,-0.008624161593616009,0.2,0.08767549693584442
,0.08,-2.30675096,,9828032,7497,,1667,910,,558.77,0.9671808481216431,0.014495055624865926,0.1082275390625,-0.004104630704387091,0.01019799,2.0716120332479475,23980,0.0003,-0.003606556449085474,0.2,0.08709315955638885
,0.07,-2.1459053200000002,,9832128,7501,,1668,910,,564.16,0.9004704356193542,0.018082025881813023,0.0937255859375,-0.0010341456712922082,0.0064883037,2.084714286029339,23990,0.0003,-0.0051209451630711555,0.2,0.08650373667478561
,0.07,-2.3597800399999995,,9836224,7505,,1669,910,,564.16,0.4634028673171997,0.03858079972742416,0.1379150390625,-0.0018108377058524638,0.008685551,2.088059274852276,24000,0.0003,-0.007300999481230974,0.2,0.08674399554729462
,0.07,-2.47579287,,9840320,7509,,1670,910,,564.16,0.7043765783309937,0.019752425046317513,0.1141357421875,-0.00567774291121168,0.00998563,2.0738318860530853,24010,0.0003,0.012131580151617527,0.2,0.08757913112640381
,0.09,-2.38603133,,9844416,7513,,1671,910,,553.75,0.9241235852241516,0.0110260802146513,0.100927734375,-0.003916465819929727,0.007155927,2.0625357910990716,24020,0.0003,0.0105076152831316,0.2,0.08797608315944672
,0.08,-2.664800660000001,,9848512,7517,,1672,911,,558.51,0.863357424736023,0.1256829014106188,0.1098388671875,-0.0031642149115214124,0.011238089,2.0557371228933334,24030,0.0003,0.005924590863287449,0.2,0.08837026357650757
,0.07,-2.8950185900000007,,9852608,7521,,1673,911,,563.45,0.9710727334022522,0.004510021597525338,0.1152099609375,-0.0045114626424037855,0.015907777,2.04243144094944,24040,0.0003,0.016104018315672874,0.2,0.0894215852022171
,0.07,-3.131154340000001,,9856704,7525,,1674,911,,563.45,0.8748067021369934,0.005654141089326004,0.1553466796875,-0.0036797374952584503,0.0146022765,2.0135503843426705,24050,0.0003,-0.014276734553277493,0.2,0.09093979001045227
,0.08,-3.0610079600000013,,9860800,7529,,1675,911,,560.06,0.8549073934555054,0.030698512776143615,0.1209228515625,-0.006885865752701647,0.010526566,1.9886731691658497,24060,0.0003,0.010979974642395973,0.2,0.09179341793060303
,0.08,-3.0835655500000003,,9864896,7533,,1676,911,,560.06,0.9425792694091797,0.01412633315558196,0.1090576171875,-0.0007459489890607074,0.012227024,1.9888958960771561,24070,0.0003,-0.008704136125743389,0.2,0.09102879464626312
,0.09,-2.9135743099999996,,9868992,7536,,1677,911,,555.32,0.9585919976234436,0.003281804824291612,0.1296630859375,-0.0018475033444701693,0.014164602,1.984099417179823,24080,0.0003,0.012045368552207947,0.2,0.09200835973024368
,0.09,-2.88475993,,9873088,7541,,1678,911,,555.32,0.9522534608840942,0.009342866303632036,0.0888916015625,0.0006410552276065573,0.009738663,1.970771885663271,24090,0.0003,-0.00211877329275012,0.2,0.09218064695596695
,0.08,-3.2720336599999995,,9877184,7544,,1679,911,,560.33,0.8209570050239563,0.007268807029322488,0.09140625,-0.0018544590420788154,0.005900369,1.9593776136636734,24100,0.0003,-0.005661920644342899,0.2,0.0932154655456543
,0.06,-3.5123843399999997,,9881280,7548,,1680,911,,570.32,0.8381865620613098,0.007309227947553154,0.0914306640625,0.000341179859242402,0.0076112356,1.9388079404830934,24110,0.0003,0.010620715096592903,0.2,0.09394212812185287
,0.05,-3.59039774,,9885376,7552,,1681,911,,575.9,0.9641079306602478,0.005620856994210044,0.1074462890625,-0.0002157586692192126,0.0074382965,1.935344248265028,24120,0.0003,-0.006126756779849529,0.2,0.09388144314289093
,0.04,-4.01151522,,9889472,7556,,1682,911,,581.46,0.8416997194290161,0.017020819296158153,0.08671875,-0.005813528647558996,0.0070234705,1.9448377177119256,24130,0.0003,-0.012105104513466358,0.2,0.09304921329021454
,0.05,-3.8812773800000007,,9893568,7560,,1683,911,,577.17,0.9337014555931091,0.01466869627329288,0.1119384765625,0.0009393120009917766,0.0074067065,1.9448165819048882,24140,0.0003,0.0010347324423491955,0.2,0.0939403772354126
,0.05,-3.6310611400000004,,9897664,7564,,1684,911,,577.17,0.9825232625007629,0.004666150553748594,0.0990234375,0.000990282979910262,0.009314612,1.9358035147190094,24150,0.0003,-0.00786695908755064,0.2,0.0936918705701828
22.756498337714184,0.04,-3.57420282,0.23354953265393968,9901760,7580,0.8086784091643422,1685,910,0.0,581.91,0.9742587208747864,0.0014960051445086719,0.125732421875,0.0014004528886289336,0.008382482,1.9492479033768177,24160,0.0003,-0.008024130016565323,0.2,0.09281212836503983
,0.04,-3.42204831,,9905856,7583,,1686,910,,581.86,0.9860995411872864,0.0007331270744543872,0.1259033203125,-0.002864246143144555,0.012721596,1.977882381528616,24170,0.0003,0.007197324186563492,0.2,0.09123915433883667
,0.06,-3.23235806,,9909952,7587,,1687,910,,572.54,0.8599529266357422,0.054736985664931126,0.0904052734375,-0.004948874267574866,0.008689568,2.0073896385729313,24180,0.0003,0.012855330482125282,0.2,0.09008161723613739
,0.06,-3.12790446,,9914048,7591,,1688,910,,572.54,0.96877121925354,0.010014698256418342,0.10458984375,-0.003708574936899822,0.008833243,2.020456203818321,24190,0.0003,0.00357654201798141,0.2,0.0901244655251503
,0.05,-3.3483180499999996,,9918144,7594,,1689,910,,575.93,0.9684048295021057,0.0029632331594257265,0.0922119140625,-0.0034111410335754045,0.010166111,2.0256851494312285,24200,0.0003,0.017169304192066193,0.2,0.08967619389295578
,0.06,-3.267541,,9922240,7598,,1690,911,,571.0,0.8941135406494141,0.010190551210689592,0.109130859375,-0.004958344312035479,0.01992204,2.027133432030678,24210,0.0003,0.00027227820828557014,0.2,0.08984671533107758
,0.05,-3.8998157599999996,,9926336,7602,,1691,911,,575.74,0.8641775250434875,0.02598620953358477,0.114599609375,-0.002710307782399468,0.011124008,2.0271350756287574,24220,0.0003,-0.006586817093193531,0.2,0.08980979770421982
,0.05,-4.135175099999999,,9930432,7605,,1692,911,,575.74,0.9417315721511841,0.006523875490529463,0.1097900390625,-0.0037713340905611405,0.0086303055,2.0253192096948625,24230,0.0003,-0.007282324135303497,0.2,0.08985678106546402
,0.05,-4.17276569,,9934528,7609,,1693,911,,575.74,0.9699059128761292,0.004733102199315909,0.1004150390625,-0.001501478103455156,0.01031055,2.0179769068956377,24240,0.0003,0.006275743246078491,0.2,0.09054551273584366
,0.06,-4.17373187,,9938624,7613,,1694,911,,570.22,0.9586196541786194,0.00539388619690726,0.141162109375,-0.002201488996797707,0.012296695,2.0047639682888985,24250,0.0003,-0.007006813306361437,0.2,0.09091441333293915
,0.06,-4.3501883900000005,,9942720,7616,,1695,911,,570.22,0.7598201036453247,0.024507942260243,0.120068359375,-0.00048324815143132584,0.009264456,2.0080509781837463,24260,0.0003,-0.0051286653615534306,0.2,0.09053836762905121
,0.06,-4.358979430000001,,9946816,7620,,1696,911,,570.22,0.976632297039032,0.005713649842073209,0.0955810546875,-0.0011771184843382798,0.00981451,2.0052084274590016,24270,0.0003,0.02056628279387951,0.2,0.09127941727638245
,0.05,-4.356713640000001,,9950912,7624,,1697,911,,574.51,0.9598305225372314,0.005570729752071202,0.1246826171875,-0.0014519707379804458,0.009471968,1.9939132504165173,24280,0.0003,-0.008288493379950523,0.2,0.09167400002479553
,0.05,-4.64023459,,9955008,7628,,1698,911,,574.51,0.9517478942871094,0.0038608455080975544,0.08896484375,-0.006502186042780522,0.009652907,1.9740786783397197,24290,0.0003,-0.010808040387928486,0.2,0.09283056855201721
,0.05,-4.5490017,,9959104,7632,,1699,911,,574.51,0.9903152585029602,0.0006930470388397225,0.1080078125,0.00015260946092894302,0.009305128,1.963600854575634,24300,0.0003,-0.00255782762542367,0.2,0.09271049499511719
,0.04,-4.66807616,,9963200,7636,,1700,911,,580.23,0.9791337251663208,0.0005667702867867775,0.1203125,-0.0016494158713612705,0.011831738,1.964186192303896,24310,0.0003,-0.005891185719519854,0.2,0.09277498722076416
,0.02,-5.03853566,,9967296,7640,,1701,911,,589.55,0.9763714075088501,0.0031349188925105407,0.1396240234375,-0.0067412102143862285,0.017162733,1.962666542828083,24320,0.0003,-0.01906636357307434,0.2,0.09314177930355072
,0.02,-5.081609459999999,,9971392,7644,,1702,911,,589.55,0.9735464453697205,0.0029198242649727036,0.101708984375,-0.0024569508677814156,0.009259522,1.964078999310732,24330,0.0003,-0.011820410378277302,0.2,0.09296220541000366
,0.02,-5.03485552,,9975488,7648,,1703,912,,589.55,0.9799151420593262,0.002073112765992846,0.1043212890625,-0.004456344325444661,0.012413892,1.9485482938587666,24340,0.0003,-0.014765032567083836,0.2,0.09435165673494339
,0.02,-4.82891255,,9979584,7651,,1704,912,,589.55,0.9956001043319702,0.0007893640648035216,0.12646484375,-0.0014711139374412596,0.012252064,1.9228819541633129,24350,0.0003,0.0055713350884616375,0.2,0.09518541395664215
,0.02,-4.97061219,,9983680,7656,,1705,912,,589.4,0.9798135757446289,0.004268557736941148,0.110009765625,-0.0041661080627818595,0.009893389,1.9096531309187412,24360,0.0003,-0.0177674051374197,0.2,0.0959155336022377
,0.02,-4.75751286,,9987776,7659,,1706,912,,589.4,0.9568766355514526,0.009454411636761506,0.12490234375,-0.0005010521555959713,0.010435214,1.8976200975477695,24370,0.0003,-0.0007933562155812979,0.2,0.0964808389544487
,0.02,-4.387374530000001,,9991872,7663,,1707,912,,589.4,0.9796075820922852,0.00040639372482473843,0.127783203125,0.0004659285972593352,0.0077761095,1.8932587258517741,24380,0.0003,-0.0004172866465523839,0.2,0.09671299159526825
,0.01,-4.50882509,,9995968,7667,,1708,912,,594.92,0.9915988445281982,0.001488212876211037,0.102587890625,-0.00224812728993129,0.010808714,1.8762111261487007,24390,0.0003,-0.006353435572236776,0.2,0.097760409116745
21.71758775625441,0.01,-4.45845342,0.2596205667020149,10000064,7685,0.9287465722917784,1709,910,0.0,594.92,0.9678950309753418,0.0038119830449431904,0.141357421875,-0.002441061375429854,0.01041535,1.8613221108913423,24400,0.0003,-0.004146980121731758,0.2,0.09817768633365631
